code_muni,name_muni,abbrev_state,pop_2022,gdp_pc_2021,ips,nhb,fbe,opo,nutricao,saneamento,moradia,seguranca,conhecimento,informacao,saude,ambiente,direitos,liberdades,inclusao,educacao
3144805,Nova Lima,MG,111697,189765.68,69.892,77.829,71.374,60.474,71.779,83.258,87.81,68.47,73.016,77.979,69.075,65.424,40.393,62.454,64.406,74.646
3106200,Belo Horizonte,MG,2315560,46037.34,69.616,77.433,71.956,59.458,70.349,89.19,85.324,64.871,72.768,80.269,63.389,71.397,55.579,62.149,45.547,74.557
4205407,Florianópolis,SC,537211,44166.98,69.562,81.178,72.668,54.841,79.155,87.689,86.671,71.197,71.574,84.45,64.401,70.246,39.206,62.481,43.71,73.966
3205309,Vitória,ES,322869,98036.56,67.197,74.693,72.531,54.369,74.34,92.708,88.914,42.808,74.611,80.448,63.049,72.015,33.053,62.956,47.684,73.782
3519055,Holambra,SP,15094,97660.25,68.463,81.47,74.145,49.773,83.871,81.717,82.409,77.884,79.284,77.077,64.241,75.976,31.664,73.013,20.641,73.774
4314902,Porto Alegre,RS,1332845,61641.27,66.899,75.112,68.084,57.502,73.589,92.039,78.555,56.264,65.925,81.979,58.537,65.893,54.897,68.17,33.521,73.422
2408102,Natal,RN,751300,32427.55,64.446,72.282,66.56,54.497,75.118,75.71,89.629,48.672,59.482,78.651,57.131,70.975,34.45,59.916,50.86,72.761
5208707,Goiânia,GO,1437366,41953.83,70.493,80.565,72.632,58.282,73.169,91.882,94.957,62.251,78.642,79.382,61.254,71.248,56.127,67.257,37.018,72.725
3304557,Rio de Janeiro,RJ,6211223,58323.47,66.41,77.163,69.21,52.858,73.444,88.817,80.408,65.982,70.219,76.944,58.692,70.987,46.644,60.8,31.311,72.676
2611606,Recife,PE,1488920,37189.1,63.73,67.895,69.238,54.059,66.336,78.745,87.292,39.207,76.805,73.411,54.923,71.813,52.396,60.066,31.194,72.579
3302403,Macaé,RJ,246391,72553.66,60.998,68.519,67.022,47.451,66.673,79.421,88.815,39.167,69.951,74.824,56.008,67.307,33.549,49.266,34.431,72.56
2211001,Teresina,PI,866300,27784.45,67.375,70.994,69.151,61.979,65.463,88.916,89.057,40.539,75.371,75.895,57.586,67.752,64.068,61.826,49.466,72.556
4106902,Curitiba,PR,1773718,55656.61,69.36,79.562,75.082,53.437,70.12,94.171,89.923,64.035,77.808,81.845,62.36,78.314,48.686,60.997,31.604,72.462
3548807,São Caetano do Sul,SP,165655,94657,70.016,83.682,75.783,50.583,72.22,95.972,96.212,70.326,83.44,82.645,66.544,70.503,23.221,68.768,37.93,72.413
2800308,Aracaju,SE,602757,30758.73,67.89,73.188,69.526,60.955,72.643,89.647,91.838,38.625,71.722,77.206,58.228,70.947,57.827,64.034,49.733,72.227
3550308,São Paulo,SP,11451999,72915.84,68.788,83.186,71.35,51.827,74.679,93.185,90.978,73.904,75.779,79.478,61.107,69.036,47.978,60.454,27.024,71.85
4322186,Tupanci do Sul,RS,1374,69445.78,61.074,75.723,63.287,44.212,63.207,77.993,77.733,83.96,74.767,59.767,55.173,63.439,20.316,38.961,45.837,71.732
3168101,Tapira,MG,4118,168593.84,60.811,80.399,61.634,40.4,72.816,71.624,94.232,82.926,72.407,60.115,59.986,54.027,19.702,33.651,36.591,71.658
3556701,Vinhedo,SP,76540,165267.6,69.647,82.996,75.783,50.162,74.234,92.433,89.824,75.494,80.547,80.276,64.376,77.934,23.974,63.623,41.395,71.656
4209003,Joaçaba,SC,30146,79558.59,66.911,78.038,72.509,50.185,73.731,88.545,82.821,67.055,77.156,78.165,66.011,68.705,39.134,50.29,39.671,71.645
3548500,Santos,SP,418608,57968.39,68.791,78.747,74.575,53.051,76.278,90.44,76.144,72.127,79.187,83.517,61.911,73.686,40.743,59.916,39.9,71.645
3509502,Campinas,SP,1139047,64509.44,69.884,79.954,74.17,55.526,76.054,93.127,85.31,65.325,77.833,80.86,61.73,76.259,46.182,65.81,38.54,71.573
5002704,Campo Grande,MS,898100,38954.11,68.211,80.255,69.236,55.143,74.637,90.484,92.502,63.397,72.185,78.491,55.542,70.727,47.703,71.086,30.231,71.552
3171303,Viçosa,MG,76430,23879.18,65.237,75.874,71.415,48.422,72.215,89.965,93.895,47.42,75.322,75.172,65.218,69.949,33.772,61.48,26.911,71.526
5103403,Cuiabá,MT,650877,46036.48,68.475,78.318,69.632,57.474,73.302,83.698,91.958,64.315,68.719,76.765,58.517,74.525,47.468,62.178,48.733,71.516
5300108,Brasília,DF,2817381,102591.19,71.252,79.158,73.756,60.841,74.585,88.358,87.18,66.51,73.774,77.564,68.773,74.913,63.096,71.547,37.226,71.497
3505708,Barueri,SP,316473,184695.91,67.954,82.056,73.369,48.435,69.563,92.449,93.849,72.365,81.225,79.793,57.543,74.916,32.262,58.232,31.903,71.344
4115200,Maringá,PR,409657,55710.33,69.959,83.605,74.945,51.325,76.513,94.889,97.385,65.634,80.459,80.997,63.042,75.282,37.047,67.087,29.859,71.309
1721000,Palmas,TO,302692,34387.61,68.072,74.969,73.125,56.122,74.225,90.125,91.613,43.914,79.114,77.885,61.949,73.554,54.505,62.671,36.015,71.297
1501402,Belém,PA,1303403,25864.17,62.511,71.93,66.238,49.365,67.113,73.593,84.052,62.961,64.4,74.212,60.722,65.616,26.949,67.332,32.131,71.049
3161908,São Gonçalo do Rio Abaixo,MG,11850,646359.42,64.173,78.049,67.221,47.25,69.714,79.901,92.712,69.87,71.602,72.601,57.442,67.239,27.481,50.467,40.085,70.968
3547304,Santana de Parnaíba,SP,154105,75462.71,66.336,80.798,72.436,45.775,79.972,86.309,88.686,68.225,81.21,75.737,65.22,67.578,29.642,55.816,26.78,70.861
3524709,Jaguariúna,SP,59347,237305.43,70.288,83.719,73.698,53.446,78.518,91.715,95.95,68.692,80.586,80.565,62.249,71.391,29.983,68.046,45.041,70.715
4207502,Indaial,SC,71549,51745.04,69.528,79.688,68.671,60.226,77.128,86.141,89.766,65.716,70.799,69.178,61.787,72.922,45.457,60.146,64.753,70.546
4202404,Blumenau,SC,361261,57373.06,68.374,81.58,73.718,49.824,75.855,90.913,91.962,67.591,74.895,78.506,67.776,73.696,27.724,59.091,41.938,70.545
2111300,São Luís,MA,1037775,35462.34,65.694,72.627,68.804,55.65,67.974,72.771,91.449,58.313,73.035,74.545,61.208,66.429,46.261,47.743,58.101,70.496
3125101,Extrema,MG,53482,257112.28,67.708,79.229,72.45,51.444,70.704,81.677,96.188,68.346,77.884,77.795,60.014,74.108,27.375,59.011,49.167,70.222
1200401,Rio Branco,AC,364756,30254.89,62.683,66.577,67.164,54.307,72.753,60.263,80.387,52.906,71.554,74.413,57.846,64.844,45.291,60.385,41.488,70.066
3305000,São João da Barra,RJ,36573,272306.05,63.753,67.937,66.065,57.257,60.247,60.37,94.119,57.014,66.976,72.079,55.318,69.887,26.821,54.048,78.167,69.994
4111605,Ivatuba,PR,2708,53416.66,65.756,81.909,70.622,44.738,81.893,65.21,96.571,83.96,83.151,72.095,56.826,70.414,17.075,44.766,47.466,69.645
4302105,Bento Gonçalves,RS,123151,61333.14,66.187,79.838,70.701,48.022,81.002,88.567,85.18,64.603,70.784,77.698,60.323,73.998,36.387,64.041,22.074,69.587
3152501,Pouso Alegre,MG,152217,70940.5,67.389,78.884,72.197,51.087,72.99,84.531,92.934,65.081,75.644,76.573,62.145,74.424,38.052,57.594,39.242,69.458
3509205,Cajamar,SP,92689,246835.83,64.346,78.866,68.541,45.629,72.288,88.525,89.308,65.344,80.302,72.922,54.245,66.695,26.925,56.247,29.929,69.417
1100205,Porto Velho,RO,460434,43884.59,57.1,57.404,60.4,53.497,68.4,32.928,88.72,39.568,67.973,74.753,55.588,43.287,40.109,49.891,54.609,69.379
4218509,Treze Tílias,SC,8787,95085.7,64.978,79.054,64.827,51.053,83.961,77.224,91.638,63.391,69.043,63.64,61.095,65.531,31.133,64.86,38.953,69.267
1600303,Macapá,AP,442933,29423.2,58.026,58.119,64.782,51.176,67.213,41.543,77.55,46.171,63.701,73.437,55.761,66.23,39.575,51.02,45.092,69.019
3536505,Paulínia,SP,110537,477413.72,68.743,81.894,74.452,49.882,75.98,94.338,90.232,67.025,79.572,80.243,65.042,72.95,27.843,68.007,34.742,68.937
5221809,Urutaí,GO,3553,46722.79,65.113,79.692,63.398,52.248,73.104,69.829,96.278,79.559,69.823,65.806,64.879,53.083,33.359,32.907,73.801,68.924
4312658,Não-Me-Toque,RS,17898,124239.91,63.833,76.128,64.748,50.623,76.92,82.246,92.993,52.352,69.124,64.637,51.841,73.389,12.661,47.292,73.662,68.875
2304285,Eusébio,CE,74170,48589.25,64.786,74.325,70.303,49.73,70.375,68.271,93.711,64.944,81.038,74.885,58.207,67.081,27.509,49.012,53.641,68.758
4311403,Lajeado,RS,93646,60195,67.855,81.096,71.808,50.661,78.83,88.323,93.733,63.499,74.927,77.887,59.568,74.85,39.346,70.859,24.005,68.432
4208203,Itajaí,SC,264054,182172.63,65.85,80.091,70.791,46.667,70.702,92.584,89.336,67.74,73.127,77.77,65.847,66.421,30.06,57.838,30.453,68.317
4208906,Jaraguá do Sul,SC,182660,66463.19,67.251,82.109,72.166,47.476,77.524,88.505,93.072,69.335,78.636,75.047,64.25,70.733,23.309,63.529,35.07,67.998
2704302,Maceió,AL,957916,28900.92,62.368,66.214,65.515,55.375,68.546,66.955,87.851,41.505,66.821,73.781,53.216,68.244,60.507,56.588,36.566,67.841
3516853,Gavião Peixoto,SP,4702,253685.57,74.493,86.614,72.915,63.95,82.663,89.219,97.2,77.374,81.616,77.101,59.155,73.786,32.525,69.81,85.739,67.726
4214805,Rio do Sul,SC,72587,51204.18,68.45,80.033,71.61,53.706,75.844,87.786,89.98,66.522,74.621,78.314,63.193,70.314,48.519,59.183,39.559,67.563
2927408,Salvador,BA,2417678,26229.32,63.8,70.093,66.893,54.415,69.013,86.164,85.354,39.84,60.699,74.869,58.398,73.605,39.588,60.03,50.697,67.343
3304110,Porto Real,RJ,20373,209921.76,62.713,73.348,68.375,46.416,67.431,93.724,95.439,36.796,72.906,75.24,53.452,71.901,24.29,58.482,35.685,67.206
3540002,Pompéia,SP,20196,97351.44,70.063,83.247,73.105,53.838,79.779,91.801,95.639,65.768,81.545,77.052,62.072,71.751,14.986,53.338,79.918,67.11
4306767,Eldorado do Sul,RS,39559,53988.62,61.943,75.281,62.756,47.793,76.778,79.57,84.128,60.646,63.953,73.153,56.165,57.755,19.533,39.955,64.696,66.988
3556206,Valinhos,SP,126373,63521.28,69.072,80.799,74.524,51.891,80.697,83.916,85.913,72.67,79.234,79.968,61.883,77.012,35.76,67.565,37.265,66.976
4312757,Nova Alvorada,RS,3163,75340.18,62.23,78.923,60.733,47.036,74.884,84.973,88.487,67.346,76.263,53.862,51.457,61.349,17.424,52.146,51.636,66.939
3507209,Borá,SP,907,82399.81,68.741,81.786,67.724,56.715,56.572,91.59,93.292,85.689,82.993,69.98,57.885,60.036,37.561,56.521,66.89,65.888
3117876,Confins,MG,7350,66568.41,63.24,73.446,69.057,47.215,82.51,76.004,86.357,48.914,78.17,83.163,54.682,60.215,26.524,45.071,51.485,65.78
2504009,Campina Grande,PB,419379,24915.01,65.773,78.992,67.529,50.797,63.943,93.175,98.283,60.566,70.458,72.678,54.446,72.533,28.556,56.678,52.232,65.723
2507507,João Pessoa,PB,833932,26868.7,65.554,76.053,69.167,51.441,67.776,89.386,95.204,51.846,67.143,78.382,59.286,71.858,42.829,56.792,40.812,65.33
3302254,Itatiaia,RJ,30908,224658.76,61.651,76.342,68.691,39.918,68.017,82.93,91.777,62.644,73.033,75.665,56.168,69.898,21.101,44.982,28.315,65.275
3525904,Jundiaí,SP,443221,131067.55,68.544,79.933,77.709,47.989,71.013,90.924,90.037,67.759,83.392,79.342,66.265,81.836,36.622,61.066,29.131,65.135
5200555,Alto Horizonte,GO,6072,212379.55,65.038,77.692,69.009,48.413,79.03,85.516,95.701,50.52,80.639,73.06,59.732,62.607,30.984,27.234,70.439,64.994
4107256,Douradina,PR,9161,92499.96,62.137,78.244,66.678,41.491,70.229,93.355,96.22,53.172,80.412,66.08,54.089,66.129,20.125,44.178,36.672,64.988
4208401,Itapiranga,SC,16638,64460.78,67.414,79.018,67.422,55.803,78.707,84.403,92.584,60.378,81.236,61.686,59.089,67.676,26.358,45.881,86.188,64.785
4118501,Pato Branco,PR,91836,49887.84,65.234,80.269,73.489,41.944,77.925,92.939,91.485,58.725,78.62,79.42,59.205,76.712,28.24,49.217,25.608,64.711
3303302,Niterói,RJ,481749,138723.8,67.31,74.611,72.982,54.339,71.164,91.093,71.948,64.238,71.42,80.835,62.56,77.113,67.302,60.902,24.468,64.684
4310702,Itatiba do Sul,RS,3208,25655.38,60.837,72.637,66.752,43.122,76.25,58.258,74.362,81.679,79.29,51.56,60.939,75.222,22.96,38.704,46.149,64.673
5218789,Rio Quente,GO,3864,85012.05,64.604,81.593,62.679,49.541,76.307,90.154,93.355,66.555,66.678,66.697,57.731,59.611,28.301,28.09,77.611,64.163
4113700,Londrina,PR,555965,42767.2,67.571,80.069,72.972,49.672,72.329,90.91,91.834,65.202,77.657,79.707,60.922,73.604,32.176,68.382,34.046,64.083
4307005,Erechim,RS,105705,65586.81,65.286,79.041,71.385,45.431,79.081,88.882,88.513,59.687,75.69,78.234,58.474,73.141,19.238,55.171,43.533,63.783
4213203,Pomerode,SC,34289,82437.2,66.265,82.172,72.792,43.83,72.957,81.615,88.247,85.869,78.498,74.152,63.409,75.108,21.162,55.784,34.763,63.611
3534203,Orindiúva,SP,6024,107157.89,68.141,88.196,68.876,47.351,77.546,92.712,98.567,83.96,83.525,73.14,51.098,67.742,27.066,54.964,43.87,63.503
3500600,Águas de São Pedro,SP,2780,53573.5,70.368,88.476,70.648,51.981,79.017,93.245,97.681,83.96,82.715,70.647,56.231,72.997,10.481,68.882,65.069,63.492
5108857,Nova Marilândia,MT,3529,120697.6,58.025,68.353,62.29,43.433,77.644,67.713,93.891,34.163,75.605,62.514,61.324,49.717,35.224,41.691,33.594,63.221
4103453,Cafelândia,PR,18997,103358.67,67.291,80.505,68.719,52.648,77.238,93.786,96.111,54.886,79.6,69.512,56.501,69.265,52.5,54.216,40.69,63.185
3170206,Uberlândia,MG,713224,60912.32,69.111,82.422,73.612,51.298,75.349,93.029,93.372,67.939,74.391,80.392,66.165,73.5,25.252,67.32,50.052,62.569
3121605,Diamantina,MG,47702,20784.12,62.985,75.075,68.978,44.904,68.508,81.958,87.669,62.165,74.798,72.74,64.387,63.986,22.803,57.987,36.551,62.274
4309100,Gramado,RS,40134,66712.05,66.2,78.121,71.362,49.117,75.307,82.995,92.325,61.859,71.913,81.322,59.077,73.135,37.513,67.886,28.831,62.239
3130705,Indianópolis,MG,6171,142935.56,64.26,82.338,67.278,43.164,79.211,76.533,87.921,85.689,74.331,62.859,65.287,66.632,22.872,36.389,51.208,62.185
3109808,Cachoeira Dourada,MG,2315,117316.29,66.153,81.982,66.946,49.53,73.06,88.855,97.213,68.801,76.728,60.81,66.186,64.06,20.464,52.321,63.324,62.009
3543402,Ribeirão Preto,SP,698642,57607.83,68.031,80.776,72.674,50.643,76.504,90.235,89.878,66.488,74.485,81.597,58.986,75.63,30.439,66.294,43.978,61.86
3171501,Mathias Lobato,MG,3038,14566.06,57.581,70.719,64.75,37.273,65.706,84.271,95.694,37.206,67.909,68.422,54.242,68.426,29.98,16.915,40.345,61.853
4322251,Tupandi,RS,5029,106877.55,66.53,81.828,64.815,52.946,76.188,88.637,89.05,73.436,73.103,69.014,50.447,66.695,21.347,57.591,71.546,61.302
4106407,Cornélio Procópio,PR,45206,40382.71,68.038,80.402,72.584,51.129,68.594,92.729,95.933,64.352,79.139,77.891,64.429,68.877,32.145,57.566,53.552,61.254
4127700,Toledo,PR,150470,50090.43,65.928,79.703,73.688,44.394,77.207,92.09,94.018,55.497,80.015,76.279,61.273,77.183,23.111,61.506,31.907,61.054
4114609,Marechal Cândido Rondon,PR,55836,52748.15,65.507,81.863,71.148,43.511,75.922,89.616,96.574,65.34,80.189,73.43,56.527,74.447,31.756,59.387,22.074,60.827
3159605,Santa Rita do Sapucaí,MG,40635,48204.99,65.682,79.676,70.486,46.885,67.758,84.518,96.12,70.307,77.207,75.194,58.148,71.394,36.206,66.797,23.88,60.657
4204301,Concórdia,SC,81646,56249.65,68.479,79.757,72.428,53.253,81.47,83.213,86.812,67.532,76.814,73.433,67.75,71.717,29.939,61.749,60.699,60.624
2103752,Davinópolis,MA,14404,13303.16,57.681,62.666,60.365,50.011,67.94,72.068,87.25,23.407,65.986,58.526,54.198,62.748,29.414,29.201,80.904,60.526
4316907,Santa Maria,RS,271735,35445.67,61.738,72.897,64.929,47.389,74.046,84.678,84.104,48.762,67.838,79.526,51.358,60.994,41.289,62.272,25.503,60.491
1302603,Manaus,AM,2063689,50412.34,64.347,68.271,67.768,57.002,71.216,78.946,86.647,36.277,70.176,74.433,56.481,69.982,51.406,54.658,61.798,60.145
4204202,Chapecó,SC,254785,54136.09,66.947,77.504,71.371,51.965,77.418,78.605,89.519,64.477,72.115,78.708,62.376,72.284,37.896,61.345,48.485,60.133
2919207,Lauro de Freitas,BA,203331,36276.98,61.04,71.605,67.221,44.295,68.357,86.131,88.53,43.401,62.897,73.295,60.059,72.631,26.14,41.575,49.393,60.071
3548708,São Bernardo do Campo,SP,810729,72406.98,67.72,82.003,72.882,48.274,78.407,93.081,88.582,67.942,79.601,76.587,64.578,70.762,42.628,59.604,30.842,60.023
4305975,Coxilha,RS,2667,159560.55,61.407,85.824,56.322,42.074,79.79,96.338,86.139,81.028,58.281,66.639,38.417,61.952,32.148,38.478,37.759,59.912
4212908,Pinhalzinho,SC,21972,69412.38,66.588,81.078,70.656,48.031,81.811,70.972,96.684,74.843,75.672,73.081,64.802,69.069,28.263,52.808,51.202,59.85
4217204,São Miguel do Oeste,SC,44330,49402.53,63.758,76.58,73.859,40.835,77.52,69.941,91.064,67.794,78.55,77.252,64.601,75.034,22.731,52.671,28.222,59.716
4309605,Horizontina,RS,18851,139368.3,66.891,74.618,70.929,55.125,69.916,74.124,86.1,68.331,80.634,70.931,55.77,76.38,38.319,57.966,64.756,59.459
3306206,Vassouras,RJ,33976,39172.28,58.648,72.09,66.9,36.953,65.013,71.289,87.407,64.652,71.824,74.077,49.736,71.963,13.01,52.602,22.909,59.292
2922409,Mutuípe,BA,20037,23697.31,57.179,60.507,59.601,51.429,62.361,54.232,85.924,39.512,55.155,59.764,55.732,67.753,32.056,33.51,80.949,59.2
4216602,São José,SC,270299,51569.6,63.714,79.888,70.815,40.44,78.125,89.771,87.034,64.623,72.29,81.692,61.827,67.449,34.62,37.977,30.028,59.136
4209102,Joinville,SC,616317,73661.56,64.887,79.665,71.94,43.056,75.933,84.72,90.926,67.083,75.051,77.351,63.15,72.206,27.252,56.383,29.491,59.098
3515152,Engenheiro Coelho,SP,19566,34032.44,66.879,78.343,71.055,51.239,79.403,76.569,92.589,64.81,77.322,74.381,58.923,73.594,42.655,43.98,59.267,59.051
2700607,Barra de São Miguel,AL,7944,30233.07,61.38,66.215,65.921,52.004,74.033,84.593,92.849,13.385,63.031,73.486,54.292,72.875,25.501,47.349,76.116,59.047
2503209,Cabedelo,PB,66519,47739.14,65.011,77.562,67.847,49.625,73.658,80.357,90.842,65.392,64.431,77.359,57.087,72.512,22.173,50.624,66.675,59.026
4314100,Passo Fundo,RS,206215,61316.92,64.101,74.74,67.964,49.597,74.712,80.422,85.814,58.012,67.362,80.502,56.217,67.774,55.111,53.74,30.65,58.888
4304804,Carlos Barbosa,RS,30420,116875.21,64.716,77.461,71.151,45.535,77.781,82.928,85.729,63.404,80.714,73.65,60.974,69.267,25.057,69.679,28.528,58.878
2615102,Terezinha,PE,6513,11695.07,58.966,70.306,61.743,44.847,68.433,49.286,91.971,71.534,74.485,57.02,47.727,67.742,29.399,29.768,61.384,58.837
4204608,Criciúma,SC,214493,47261.55,65.814,80.451,72.643,44.348,72.798,91.036,89.387,68.582,75.103,79.642,59.54,76.286,34.025,59.953,24.657,58.756
3304201,Resende,RJ,129612,83579.59,64.018,76.48,70.993,44.581,65.018,93.072,96.476,51.354,73.985,75.476,58.133,76.38,28.452,60.025,31.119,58.73
2500601,Alhandra,PB,21730,157597.49,53.472,65.983,59.469,34.965,65.868,65.024,86.854,46.185,63.89,60.493,48.49,65.002,22.586,24.33,34.341,58.604
5102686,Campos de Júlio,MT,8822,377086.33,56.827,67.302,57.438,45.742,74.665,65.421,92.488,36.636,73.161,62.744,55.998,37.849,26.396,34.919,63.15,58.501
2304400,Fortaleza,CE,2428708,30457.43,64.422,72.863,71.148,49.255,73.989,80.667,93.805,42.993,76.635,77.334,58.139,72.486,43.716,61.904,32.921,58.48
3548906,São Carlos,SP,254857,55894.44,70.961,79.863,74.295,58.724,74.498,89.551,91.19,64.213,83.006,81.226,58.448,74.5,41.661,66.219,68.538,58.477
3135407,Jeceaba,MG,6197,317495.21,60.941,68.209,65.357,49.256,60.46,61.262,92.711,58.404,70.198,65.701,58.665,66.863,47.72,53.705,37.153,58.448
4219309,Videira,SC,55466,62758.15,64.788,75.859,67.606,50.898,76.982,78.397,86.15,61.905,69.304,72.504,58.589,70.029,32.214,51.931,61.076,58.372
4117909,Palotina,PR,35011,81015.91,65.516,80.937,72.684,42.928,73.276,90.07,95.796,64.606,80.286,72.119,63.29,75.042,21.786,55.846,35.724,58.358
3527306,Louveira,SP,51847,382293.95,67.729,80.106,77.181,45.901,76.536,87.772,88.082,68.033,81.322,78.698,67.221,81.485,16.245,61.816,47.234,58.309
4219176,Vargem Bonita,SC,4576,118841.15,63.274,77.396,66.49,45.937,75.353,67.47,92.661,74.099,74.2,72.358,54.734,64.669,20.157,40.604,64.924,58.062
2108702,Pio XII,MA,21886,8807.68,54.076,61.583,56.129,44.516,49.564,64.539,71.669,60.559,57.67,52.788,55.156,58.903,26.311,20.815,72.878,58.059
3511300,Cedral,SP,12618,42557.91,63.163,75.406,71.408,42.676,70.806,85.483,93.396,51.938,79.653,71.759,62.646,71.574,24.643,43.773,44.257,58.03
3549904,São José dos Campos,SP,697054,65330.42,66.363,81.834,75.815,41.439,73.819,90.234,91.029,72.256,82.241,80.349,63.844,76.828,21.234,61.202,25.556,57.762
2607406,Itacuruba,PE,4284,16761.53,62.272,77.038,62.261,47.517,61.295,78.828,88.681,79.349,71.018,70.198,51.73,56.096,42.448,52.589,37.614,57.419
4316808,Santa Cruz do Sul,RS,133230,74208.67,65.516,74.327,69.136,53.085,65.943,82.026,82.747,66.59,73.565,76.618,55.517,70.845,35.345,80.882,38.729,57.383
4101804,Araucária,PR,151666,167815.03,62.491,77.97,69.39,40.115,75.445,84.641,84.781,67.011,75.838,74.833,56.935,69.954,22.857,54.504,25.754,57.344
3520509,Indaiatuba,SP,255748,89868.47,70.465,84.174,74.275,52.947,76.277,91.979,94.981,73.46,81.94,80.499,58.384,76.276,31.807,64.842,58.033,57.106
2929206,São Francisco do Conde,BA,38733,340320.91,63.541,74.9,59.344,56.379,67.11,80.085,88.2,64.204,61.763,63.387,56.185,56.039,47.171,38.193,83.075,57.078
4115804,Medianeira,PR,54369,45245.61,64.3,77.648,72.167,43.087,71.743,79.649,93.856,65.342,77.326,75.99,61.152,74.2,34.509,51.456,29.312,57.07
1720259,São Salvador do Tocantins,TO,2385,20892.29,54.158,71.724,57.781,32.971,73.11,59.549,82.524,71.711,70.329,47.311,59.961,53.523,22.748,36.381,15.691,57.064
3507001,Boituva,SP,61081,55958.47,67.998,81.073,71.865,51.058,76.959,89.137,90.765,67.429,79.143,81.141,56.649,70.525,44.703,58.049,44.52,56.958
3524006,Itupeva,SP,70616,120153.63,67.303,80.698,73.34,47.872,76.923,87.033,91.755,67.083,78.234,78.626,65.57,70.93,13.77,57.546,63.218,56.952
4308508,Frederico Westphalen,RS,32627,44167.39,62.829,76.108,71.498,40.881,70.325,79.787,93.445,60.877,77.025,76.247,62.866,69.853,25.598,49.12,31.946,56.861
3507506,Botucatu,SP,145155,41493.63,66.592,82.34,72.938,44.499,74.093,92.19,94.02,69.058,78.817,79.479,60.134,73.322,28.848,64.963,27.331,56.855
3170701,Varginha,MG,136467,59742.61,66.25,81.847,71.797,45.107,73.463,89.954,97.002,66.967,75.396,78.32,60.904,72.569,35.372,62.47,25.834,56.751
3170107,Uberaba,MG,337836,60817.74,67.156,79.267,70.42,51.781,65.555,90.957,95.86,64.695,72.795,79.997,61.096,67.792,53.98,63.876,32.547,56.722
4108403,Francisco Beltrão,PR,96666,38500.53,64.795,74.365,72.023,47.997,77.415,87.137,81.072,51.838,80.486,75.011,58.176,74.421,40.309,61.76,33.232,56.685
3200607,Aracruz,ES,94765,56475.4,62.614,75.864,69.255,42.721,73.854,83.788,86.401,59.413,78.196,69.824,62.203,66.799,30.631,48.283,35.297,56.675
4201307,Araquari,SC,45283,166559.1,62.243,75.084,66.771,44.873,75.178,77.146,86.353,61.658,71.822,76.55,57.371,61.342,22.059,50.682,50.206,56.547
4120804,Quatro Barras,PR,24191,80830.13,64.765,79.684,71.077,43.532,71.524,88.756,92.37,66.088,78.417,71.703,60.098,74.09,13.803,50.084,53.7,56.543
5216452,Perolândia,GO,2964,240741.98,60.647,73.327,62.846,45.769,82.649,71.705,91.774,47.179,77.202,57.922,59.417,56.843,24.468,41.661,60.425,56.523
4104808,Cascavel,PR,348051,45690.94,64.946,80.419,73.449,40.968,80.186,90.77,93.619,57.101,78.67,78.205,59.989,76.934,20.876,60.525,25.961,56.512
3118007,Congonhas,MG,52890,78383.21,65.495,78.524,72.574,45.388,68.95,87.815,96.532,60.801,77.047,77.938,60.822,74.489,32.073,52.304,40.767,56.408
3502754,Araçariguama,SP,21522,225334.54,60.999,73.496,67.069,42.433,72.68,72.722,87.105,61.477,75.38,71.605,56.653,64.636,22.888,46.782,43.724,56.336
3132404,Itajubá,MG,93073,35589.77,67.893,80.396,73.36,49.922,69.074,89.354,96.088,67.069,76.919,77.55,65.871,73.101,24.276,63.756,55.335,56.32
4204350,Cordilheira Alta,SC,4781,91557.48,65.813,79.126,67.139,51.173,79.406,69.988,83.15,83.96,77.195,68.582,54.643,68.135,24.064,36.013,88.367,56.25
4310009,Ibirubá,RS,21583,80369.92,62.18,71.836,67.611,47.093,73.66,75.098,74.48,64.107,73.847,65.493,60.182,70.923,18.493,50.388,63.325,56.168
4200051,Abdon Batista,SC,2598,29127.18,66.315,80.837,64.505,53.604,86.662,73.448,86.983,76.256,75.436,61.169,65.814,55.601,24.106,50.913,83.38,56.016
4312807,Nova Araçá,RS,4954,66534.87,65.192,77.941,72.186,45.449,74.538,80.291,95.696,61.24,79.623,76.634,65.126,67.361,22.652,42.566,60.676,55.903
3534401,Osasco,SP,728615,119047.61,67.681,80.822,70.961,51.261,73.051,91.884,90.303,68.05,78.686,77.793,57.919,69.446,45.577,57.986,45.593,55.887
3549805,São José do Rio Preto,SP,480393,43954.94,67.124,82.135,74.805,44.432,76.01,93.024,95.988,63.519,80.235,80.293,63.91,74.781,29.169,67.165,25.544,55.849
4320107,Sarandi,RS,22851,57267.41,62.707,80.865,66.434,40.822,76.534,88.573,96.666,61.689,71.271,68.192,57.394,68.877,10.991,45.212,51.257,55.829
2102150,Brejo de Areia,MA,9218,7767.51,54.17,67.599,50.144,44.766,73.009,80.369,57.984,59.032,55.589,48.004,57.24,39.743,31.117,19.342,72.833,55.774
3133709,Itatiaiuçu,MG,12966,538748.73,58.394,62.515,68.906,43.763,62.83,67.933,91.282,28.014,81.66,68.931,54.88,70.151,22.338,43.081,53.905,55.729
3512407,Cordeirópolis,SP,24514,168793.88,64.804,81.123,71.448,41.843,78.076,87.948,94.817,63.65,78.384,76.166,57.872,73.369,30.142,53.173,28.346,55.71
3506003,Bauru,SP,379146,44424.66,68.487,82.746,72.553,50.16,70.565,90.761,97.813,71.845,76.229,82.411,57.395,74.179,40.811,60.548,43.639,55.643
4307906,Farroupilha,RS,70286,63036.1,62.285,74.249,72.458,40.148,79.356,83.009,85.729,48.904,77.156,78.317,59.989,74.372,16.88,49.184,38.921,55.606
4104659,Carambeí,PR,23283,68308.2,65.133,77.014,66.589,51.796,80.743,88.909,90.657,47.748,74.584,69.553,56.476,65.745,34.588,49.948,67.132,55.516
3545506,Sandovalina,SP,3645,88103.52,63.833,80.041,62.434,49.023,69.937,78.298,87.105,84.824,80.722,62.376,42.786,63.854,21.273,47.521,71.852,55.448
4202008,Balneário Camboriú,SC,139155,53255.78,67.987,82.392,72.568,48.999,79.889,97.163,86.888,65.629,69.992,85.57,69.45,65.26,59.41,58.357,22.822,55.406
4303905,Campo Bom,RS,62886,57665.43,66.58,77.235,70.396,52.108,78.183,75.425,87.173,68.161,72.308,77.819,57.268,74.19,41.078,64.607,47.37,55.378
4314175,Pedras Altas,RS,2061,188747.3,51.932,67.428,46.05,42.32,65.917,44.591,82.83,76.373,52.959,42.268,42.317,46.654,21.961,43.278,48.816,55.226
3501905,Amparo,SP,68008,76311.12,64.66,78.455,71.923,43.604,76.123,78.103,87.055,72.536,81.397,75.246,59.477,71.571,27.388,62.936,28.905,55.186
1715507,Oliveira de Fátima,TO,1164,25501.82,58.16,67.044,60.238,47.199,63.387,58.87,84.979,60.939,65.495,65.228,54.068,56.162,30.332,39.936,63.383,55.146
4216909,São Lourenço do Oeste,SC,24791,56453.49,64.545,80.029,66.712,46.893,77.55,73.615,86.415,82.535,74.235,67.968,57.06,67.585,37.095,51.366,44.1,55.011
4115606,Matelândia,PR,18450,59859.88,62.286,76.675,67.506,42.676,67.873,87.849,91.75,59.228,77.594,67.598,52.875,71.955,28.086,40.936,46.691,54.991
4111803,Jacarezinho,PR,40375,39870.59,62.653,72.525,67.881,47.554,64.889,90.815,90.687,43.71,73.747,73.179,47.514,77.082,23.479,43.784,67.973,54.979
4307559,Estação,RS,5582,63286.66,62.144,78.299,68.933,39.201,75.045,85.371,88.997,63.782,77.935,76.347,51.474,69.975,15.8,43.721,42.341,54.942
3526803,Lençóis Paulista,SP,66505,74583.49,69.641,85.959,72.988,49.976,83.463,95.131,91.582,73.66,81.59,78.047,55.69,76.626,19.634,78.474,46.874,54.923
3138203,Lavras,MG,104761,28287.31,68.412,80.954,72.707,51.575,67.414,89.855,98.009,68.539,76.225,76.61,62.545,75.447,50.342,52.354,48.685,54.919
4208005,Itá,SC,7067,57682.21,63.846,79.853,66.597,45.088,73.319,79.156,80.384,86.553,74.746,73.287,54.067,64.286,25.751,58.174,41.601,54.828
3523909,Itu,SP,168240,63110.8,66.209,76.164,71.976,50.486,76.312,80.431,80.464,67.449,78.89,78.753,56.224,74.036,21.65,68.74,56.791,54.765
4104303,Campo Mourão,PR,99432,52146.82,65.28,79.653,70.485,45.7,74.087,94.165,93.087,57.274,78.228,75.878,58.175,69.659,17.128,67.016,44.126,54.531
3117504,Conceição do Mato Dentro,MG,23163,393606.55,61.663,70.208,67.095,47.687,67.981,62.701,86.687,63.464,69.834,71.516,60.741,66.291,18.169,43.815,74.273,54.489
3552551,Suzanápolis,SP,3408,101079.07,66.222,74.102,66.64,57.923,65.548,75.364,88.712,66.783,82.873,59.302,61.406,62.977,29.523,62.339,85.378,54.452
4215802,São Bento do Sul,SC,83277,56814.04,65.604,81.047,71.181,44.584,78.392,90.76,92.422,62.614,77.201,75.266,60.331,71.925,25.106,54.355,44.429,54.445
5003702,Dourados,MS,243367,52133.77,62.576,74.123,66.43,47.174,73,79.536,87.04,56.918,65.594,76.533,54.798,68.794,23.354,60.85,50.067,54.424
3145901,Ouro Branco,MG,38724,230020.69,65.18,77.834,72.989,44.717,69.36,83.197,96.121,62.656,75.537,78.281,68.982,69.157,32.8,53.143,38.599,54.326
3146107,Ouro Preto,MG,74821,128166.31,65.748,77.875,68.358,51.011,68.224,82.614,91.394,69.269,68.901,76.639,58.21,69.681,26.044,62.395,61.28,54.324
4308003,Faxinal do Soturno,RS,6702,40596.35,58.505,71.429,68.012,36.075,67.935,71.665,92.398,53.719,74.762,67.611,58.878,70.797,14.61,39.18,36.205,54.305
3511607,Cesário Lange,SP,19048,39162.91,66.332,77.627,68.641,52.729,72.782,85.219,88.908,63.599,77.043,74.464,53.136,69.919,27.502,50.448,78.663,54.301
3513108,Cravinhos,SP,33281,53061.35,66.573,85.148,70.109,44.462,72.971,93.55,98.018,76.052,73.942,77.934,57.709,70.851,10.282,57.975,55.32,54.27
4310207,Ijuí,RS,84780,61668.65,63.757,78.829,71.405,41.038,72.725,85.867,91.737,64.987,76.038,76.367,60.205,73.008,19.865,64.061,25.992,54.233
3511102,Catanduva,SP,115791,45396.06,67.744,82.15,73.178,47.904,72.884,95.451,93.089,67.177,83.274,77.017,60.099,72.322,35.765,65.431,36.209,54.212
4119152,Pinhais,PR,127019,63150.76,65.493,81.391,71.107,43.982,72.98,98.193,91.124,63.267,75.294,79.162,58.379,71.592,25.601,70.05,26.074,54.202
4322806,Veranópolis,RS,24021,72910.97,65.93,81.363,72.444,43.982,80.166,88.939,90.27,66.076,76.257,77.484,62.141,73.895,27.414,53.454,40.86,54.202
3506102,Bebedouro,SP,76373,53818.4,68.009,81.561,72,50.465,74.445,92.998,92.651,66.151,80.436,79.704,57.976,69.885,38.36,67.949,41.352,54.201
4311809,Marau,RS,45124,68308.46,64.643,81.371,70.16,42.398,78.715,82.174,94.094,70.504,73.795,72.311,58.259,76.276,29.572,62.12,23.702,54.2
3104007,Araxá,MG,111691,80724.54,64.867,80.687,69.953,43.961,68.122,91.377,96.531,66.719,75.039,77.296,55.814,71.661,25.285,50.482,45.884,54.193
4318432,São João do Polêsine,RS,2649,39857.37,55.18,65.424,56.177,43.938,60.478,55.556,81.87,63.793,74.27,51.595,40.272,58.572,16.88,52.872,51.828,54.173
4312955,Nova Boa Vista,RS,2042,71695.88,65.4,82.984,71.278,41.94,72.418,88.338,87.219,83.96,84.207,65.862,66.128,68.916,10.991,50.931,51.727,54.11
5006275,Paraíso das Águas,MS,5510,194567.76,61.213,79.776,58.172,45.69,85.492,78.705,86.192,68.713,72.219,41.451,71.604,47.414,22.376,41.026,65.33,54.028
3140001,Mariana,MG,61387,120891.39,65.496,82.683,69.917,43.886,73.752,95.568,92.308,69.104,70.38,77.226,61.181,70.882,20.469,55.371,45.677,54.028
3300233,Armação dos Búzios,RJ,40006,74789.19,57.903,66.193,70.15,37.366,58.153,76.598,90.535,39.486,63.314,91.015,54.303,71.968,24.407,45.866,25.179,54.012
3203205,Linhares,ES,166786,48533.28,62.846,71.864,69.38,47.295,71.457,84.241,86.544,45.215,74.255,72.076,59.503,71.684,29.656,52.212,53.357,53.956
4305108,Caxias do Sul,RS,463501,68866.7,64.423,78.459,70.47,44.341,78.009,88.75,87.471,59.606,71.54,80.014,60.598,69.728,34.812,61.585,27.013,53.955
3131307,Ipatinga,MG,227731,77888.93,66.293,78.855,73.962,46.062,75.635,83.038,93.385,63.361,77.684,77.799,68.881,71.484,30.196,58.178,41.925,53.951
2108504,Pindaré-Mirim,MA,31429,9494.72,54.955,55.471,58.155,51.24,63.204,50.239,69.646,38.795,59.96,56.056,57.878,58.725,37.493,38.172,75.447,53.849
3121258,Delta,MG,10494,44804.12,60.852,80.796,67.241,34.518,75.431,91.11,96.233,60.412,67.619,68.61,60.342,72.392,20.379,38.603,25.249,53.839
3529005,Marília,SP,237627,41355.48,64.61,81.08,73.073,39.676,72.014,90.437,94.589,67.279,82.949,77.824,58.312,73.206,17.571,57.4,30.093,53.64
4320909,Tapejara,RS,24557,67457.27,64.968,78.451,66.855,49.599,74.47,85.122,85.4,68.813,72.286,66.943,53.985,74.206,18.965,60.199,65.599,53.634
2706505,Passo de Camaragibe,AL,13804,24614.71,52.492,53.504,59.539,44.434,70.11,49.084,80.759,14.063,71.437,54.554,46.665,65.5,25.085,22.404,76.795,53.453
4317202,Santa Rosa,RS,76963,48845.3,63.091,74.321,70.846,44.105,75.771,81.567,86.68,53.265,74.695,76.546,57.808,74.336,33.705,63.319,26.065,53.331
3205069,Venda Nova do Imigrante,ES,23831,29678.94,59.982,73.235,69.463,37.247,77.95,61.787,88.869,64.334,80.579,70.284,57.609,69.382,19.368,45.231,31.278,53.111
4203006,Caçador,SC,73720,64259.89,62.47,75.032,65.735,46.644,74.486,76.536,87.906,61.202,68.004,69.935,56.33,68.67,33.709,55.991,43.811,53.067
2605459,Fernando de Noronha,PE,3167,73014.78,65.016,86.484,69.338,39.228,77.411,95.665,86.306,86.553,80.897,55.845,67.879,72.731,25.535,31.216,47.379,52.781
3538709,Piracicaba,SP,423323,82225.58,69.949,80.304,73.963,55.579,77.804,88.465,88.144,66.803,81.664,79.004,60.333,74.85,39.696,72.605,57.243,52.771
4207577,Iomerê,SC,2877,79745.81,66.961,75.712,69.623,55.548,74.922,53.679,90.286,83.96,77.267,72.868,66.76,61.596,24.769,45.551,99.149,52.724
3164605,São Sebastião do Oeste,MG,8815,68220.21,60.583,75.531,66.79,39.429,76.191,70.666,94.658,60.608,74.237,64.99,64.499,63.433,26.338,43.911,34.83,52.637
3519071,Hortolândia,SP,236641,78228.12,66.781,84.427,74.909,41.007,76.621,93.208,96.842,71.036,81.491,77.158,66.602,74.384,22.508,57.153,31.75,52.617
3525854,Jumirim,SP,3056,70537.37,67.965,84.2,70.312,49.383,73.094,88.433,90.449,84.824,73.612,75.188,61.307,71.14,14.427,57.26,73.393,52.453
4313904,Panambi,RS,43515,73327.99,62.852,75.368,68.791,44.397,72.382,86.178,73.44,69.473,76.739,70.509,56.078,71.839,26.402,60.817,37.934,52.434
3521101,Ipeúna,SP,6831,139779.21,61.964,80.82,70.818,34.255,77.745,83.25,90.471,71.814,81.813,69.409,61.979,70.071,17.038,58.213,9.478,52.29
4218202,Timbó,SC,46099,55378.38,65.678,79.754,70.629,46.65,80.725,78.413,94.719,65.159,76.831,72.675,63.918,69.093,20.523,53.526,60.264,52.287
4202909,Brusque,SC,141385,62149.02,66.488,82.868,70.654,45.942,79.854,90.422,92.175,69.023,74.702,75.155,65.397,67.363,34.125,57.509,40.05,52.083
2701704,Capela,AL,15032,16617.3,56.219,62.838,59.321,46.497,58.231,60.881,91.838,40.402,64.097,52.933,50.659,69.596,34.059,32.223,67.691,52.014
5107875,Sapezal,MT,28944,242871.61,64.051,75.976,60.848,55.33,77.635,81.236,93.429,51.603,64.654,64.842,62.108,51.788,28.3,54.836,86.191,51.994
1400100,Boa Vista,RR,413486,32871.4,62.758,72.734,66.645,48.895,66.154,79.992,90.728,54.062,69.957,73.204,54.544,68.875,41.077,54.763,47.799,51.94
4322004,Triunfo,RS,27498,475567.58,58.925,70.433,61.534,44.808,71.145,66.633,80.516,63.438,59.175,67.801,57.513,61.647,15.376,50.579,61.357,51.92
4210035,Luzerna,SC,5794,50932.11,70.085,80.658,73.629,55.969,73.387,87.699,89.891,71.654,82.641,71.657,71.651,68.567,19.894,62.497,89.569,51.916
5107040,Primavera do Leste,MT,85146,82400.68,67.639,76.157,66.156,60.603,77.883,86.203,96.034,44.508,66.659,75.65,59.838,62.475,51.087,68.616,71.019,51.69
5205471,Chapadão do Céu,GO,12870,171304.87,60.653,75.202,65.957,40.799,72.289,87.94,96.551,44.027,80.017,66.144,61.37,56.299,24.227,39.242,48.039,51.689
4213005,Pinheiro Preto,SC,3473,65908.11,66.437,83.027,67.862,48.421,80.91,77.744,89.495,83.96,72.866,71.439,55.462,71.68,21.762,41.847,78.493,51.584
3513009,Cotia,SP,274413,59150.98,64.781,77.823,72.927,43.592,73.206,86.761,86.476,64.849,76.755,77.798,63.281,73.875,22.398,58.821,41.631,51.516
4200754,Alto Bela Vista,SC,1856,42869.95,61.622,68.179,67.349,49.338,65.697,73.127,66.988,66.901,79.473,71.819,53.547,64.557,23.375,50.943,71.526,51.508
4314407,Pelotas,RS,325685,33335.28,65.581,80.133,66.621,49.988,77.102,85.781,86.2,71.45,64.154,79.083,52.331,70.917,52.383,63.055,33.087,51.427
3136702,Juiz de Fora,MG,540756,37809.53,67.321,79.656,71.132,51.174,69.381,90.799,93.681,64.763,70.395,80.557,61.087,72.487,37.946,58.198,57.164,51.39
3554102,Taubaté,SP,310739,52514.32,66.267,81.892,73.709,43.198,71.88,91.932,91.814,71.942,80.459,78.574,63.788,72.015,25.853,70.099,25.499,51.342
4321451,Teutônia,RS,32797,48404.09,64.033,82.63,70.219,39.251,79.709,85.394,89.16,76.256,75.951,79.104,55.453,70.367,19.788,52.814,33.111,51.293
4318499,São José do Inhacorá,RS,2406,76947.09,65.784,80.675,63.535,53.143,74.551,72.658,98.03,77.46,80.56,50.488,53.399,69.692,34.549,56.932,69.807,51.284
2312908,Sobral,CE,203023,26767.97,62.505,67.727,72.692,47.098,74.437,83.667,95.291,17.512,87.029,72.695,56.204,74.839,46.609,55.036,35.465,51.28
5205406,Ceres,GO,22046,33567.22,64.994,79.484,71.14,44.357,66.08,92.264,95.437,64.157,81.733,73.373,61.964,67.491,32.941,50.076,43.223,51.188
3101607,Alfenas,MG,78970,44463.9,66.744,81.289,71.056,47.888,72.939,89.284,98.837,64.095,72.81,79.43,58.579,73.405,50.81,58.728,30.873,51.141
3533908,Olímpia,SP,55074,46660.28,64.32,81.174,72.642,39.144,69.076,93.816,96.229,65.574,83.865,73.272,60.685,72.747,22.249,55.827,27.364,51.137
4302154,Boa Vista das Missões,RS,1933,124294.98,64.643,79.329,68.014,46.586,69.126,78.309,89.968,79.915,72.344,72.233,64.057,63.421,18.891,35.282,81.065,51.107
3131901,Itabirito,MG,53365,248023.03,64.777,77.506,70.825,46.001,64.795,89.953,89.399,65.878,70.938,75.061,62.593,74.708,34.977,52.229,45.838,50.961
4215406,Salto Veloso,SC,4390,61241.55,62.78,76.989,69.434,41.916,64.506,84.251,74.426,84.772,75.56,66.926,65.197,70.051,24.769,34.101,57.894,50.901
3300258,Arraial do Cabo,RJ,30986,87950.27,60.569,68.799,70.161,42.747,59.372,83.372,80.688,51.763,71.82,84.667,52.663,71.494,29.825,55.824,34.478,50.86
3304508,Rio das Flores,RJ,8954,33118.17,59.171,78.751,64.605,34.156,64.178,83.442,92.475,74.909,75.526,59.636,54.145,69.114,22.464,52.457,10.849,50.855
3546603,Santa Fé do Sul,SP,34794,38934.83,65.903,81.446,71.449,44.814,69.517,91.664,99.148,65.456,84.369,71.476,52.033,77.917,34.778,68.357,25.285,50.837
4125555,São Manoel do Paraná,PR,2138,29376.13,68.065,81.898,72.009,50.289,73.182,72.861,94.995,86.553,84.596,65.094,67.645,70.702,26.068,48.13,76.211,50.749
5201108,Anápolis,GO,398869,44922.38,63.731,78.041,69.694,43.459,71.391,84.476,94.501,61.798,77.567,72.57,57.912,70.727,34.577,55.805,32.744,50.711
4109401,Guarapuava,PR,182093,45965.52,63.984,73.956,69.07,48.927,67.254,89.961,82.087,56.523,73.675,74.55,53.498,74.559,43.902,56.117,45.005,50.682
4118451,Pato Bragado,PR,5733,42785.21,62.991,79.987,67.714,41.272,72.01,83.998,94.949,68.989,73.859,74.286,51.914,70.797,31.58,37.262,45.572,50.675
3503208,Araraquara,SP,242228,49707.28,70.218,83.129,73.604,53.921,76.31,89.253,94.433,72.519,80.268,81.802,60.418,71.927,51.412,64.363,49.369,50.541
3522604,Itapira,SP,72022,66522.07,66.489,80.102,70.902,48.462,69.95,87.651,94.794,68.013,76.738,74.511,55.071,77.287,46.346,60.993,36.051,50.457
4219507,Xanxerê,SC,51607,52250.46,59.729,70.35,70.474,38.363,79.048,63.685,85.349,53.318,73.49,74.198,62.814,71.393,43.665,47.854,11.508,50.427
4217303,Saudades,SC,10265,51726.65,59.908,73.829,65.934,39.962,73.786,76.515,86.31,58.703,78.669,62.244,56.598,66.226,33.142,36.467,39.943,50.298
4308201,Flores da Cunha,RS,30892,82761.37,67.106,79.685,73.301,48.332,83.361,83.682,88.254,63.444,75.319,78.574,66.704,72.607,25.484,70.979,46.609,50.256
3552205,Sorocaba,SP,723682,61986.47,67.897,81.477,74.098,48.116,73.313,92.21,93.439,66.948,81.816,79.784,59.864,74.929,26.566,72.775,42.921,50.202
4313300,Nova Prata,RS,25692,67829.14,64.215,81.544,70.025,41.074,77.128,83.366,94.234,71.45,73.838,76.008,60.642,69.613,27.22,58.332,28.555,50.19
4107538,Entre Rios do Oeste,PR,4575,68951.94,66.247,75.175,69.752,53.813,70.13,83.313,94.965,52.295,82.92,76.447,53.783,65.858,31.403,54.791,78.885,50.171
3106309,Belo Oriente,MG,23928,89023.72,61.145,71.854,66.813,44.767,61.767,70.074,94.971,60.602,72.919,70.336,59.374,64.624,21.077,41.962,65.874,50.157
3505500,Barretos,SP,122485,48549.71,66.16,81.749,72.493,44.237,72.694,94.29,95.353,64.66,81.272,79.606,56.331,72.761,28.527,64.483,33.86,50.079
3549102,São João da Boa Vista,SP,92547,45008.23,64.95,80.716,73.688,40.447,70.944,92.363,95.674,63.882,83.07,78.6,59.514,73.568,26.676,60.344,24.852,49.915
3523404,Itatiba,SP,121590,68308.99,69.102,80.375,74.039,52.891,75.227,86.943,90.954,68.376,83.715,77.08,59.32,76.043,29.05,66.618,66.03,49.867
4304671,Capivari do Sul,RS,3991,97633.64,62.008,67.124,64.292,54.608,73.952,65.171,70.648,58.725,71.167,72.537,55.561,57.902,20.657,59.663,88.321,49.793
3524303,Jaboticabal,SP,71821,50507.12,65.237,80.447,71.832,43.431,70.252,89.631,94.221,67.683,81.224,76.286,56.686,73.133,20.072,63.173,40.69,49.788
4305207,Cerro Largo,RS,13705,58561.95,63.696,78.254,70.138,42.696,79.502,80.634,92.46,60.421,72.841,72.916,59.937,74.859,19.94,58.073,43.151,49.62
4315602,Rio Grande,RS,191900,69719.2,61.856,68.512,63.343,53.713,68.929,84.728,86.66,33.729,61.193,77.727,47.593,66.859,56.256,60.659,48.374,49.564
4114203,Mandaguari,PR,36716,50364.51,62.732,73.412,70.108,44.677,70.292,94.476,96.246,32.635,80.089,71.904,54.302,74.137,28.561,51.168,49.436,49.543
3543907,Rio Claro,SP,201418,66240.49,67.219,81.229,73.703,46.726,75.956,94.194,93.483,61.283,80.942,78.521,59.351,75.997,36.455,65.713,35.246,49.491
3530805,Mogi Mirim,SP,92558,68709.92,66.388,79.733,72.269,47.161,77.07,85.464,91.927,64.472,80.348,77.545,60.87,70.314,24.993,54.974,59.194,49.484
2602407,Brejão,PE,9079,20378.88,55.365,63.571,59.879,42.645,72.854,50.795,88.354,42.28,69.281,52.044,48.766,69.425,35.796,37.344,47.997,49.443
4216008,São Carlos,SC,10282,51018.93,66.309,77.336,69.411,52.179,66.214,67.915,89.42,85.793,77.865,70.677,56.653,72.45,28.697,43.982,86.657,49.38
4204251,Cocal do Sul,SC,17240,51711.18,67.386,83.453,71.512,47.192,76.63,92.406,88.642,76.134,75.925,76.146,61.095,72.881,28.192,41.349,69.848,49.379
4210506,Maravilha,SC,28251,63965.64,66.951,80.472,71.516,48.863,81.595,72.52,92.485,75.289,73.78,79.196,60.8,72.286,30.258,51.582,64.307,49.306
3500105,Adamantina,SP,34687,39809.53,68.069,80.726,72.905,50.576,67.693,95.434,93.619,66.159,84.24,78.182,59.471,69.725,32.046,64.719,56.254,49.286
4303558,Camargo,RS,2981,175874.04,63.388,79.604,63.147,47.413,77.816,93.541,83.499,63.558,73.486,53.231,60.831,65.039,24.164,54.744,61.475,49.269
4323408,Vila Maria,RS,4413,88884.58,63.78,85.099,65.616,40.624,84.177,86.511,84.884,84.824,76.406,67.501,53.771,64.786,53.591,37.689,21.954,49.263
3532207,Narandiba,SP,5713,112680.07,63.852,86.109,66.081,39.365,67.087,94.9,96.762,85.689,79.816,69.027,58.847,56.636,15.69,44.823,47.734,49.213
3305554,Seropédica,RJ,80596,59704.07,61.574,72.734,67.482,44.505,65.298,80.081,80.109,65.449,71.254,73.759,54.926,69.99,39.917,50.171,38.732,49.2
4108304,Foz do Iguaçu,PR,285415,66948.98,63.072,74.836,72.22,42.161,72.312,89.348,93.243,44.442,78.416,77.572,56.538,76.352,26.354,54.769,38.322,49.199
4308607,Garibaldi,RS,34335,87952.47,64.949,75.768,73.507,45.572,85.639,84.468,88.217,44.75,75.769,83.551,61.773,72.937,36.754,64.852,31.504,49.177
3305133,São José de Ubá,RJ,7070,28047.96,62.751,69.068,65.65,53.535,74.757,55.161,88.892,57.461,76.008,60.031,54.542,72.02,19.928,67.561,77.503,49.148
4211603,Nova Veneza,SC,13664,79210.98,62.113,75.44,70.496,40.404,60.328,79.275,94.614,67.544,76.939,73.745,61.253,70.045,28.441,36.512,47.522,49.143
3554508,Tietê,SP,37663,57726.64,67.469,80.757,73.657,47.993,78.049,85.484,95.595,63.899,81.108,77.684,62.017,73.82,26.751,57.517,58.632,49.074
4300554,Alto Alegre,RS,1800,59397.68,62.017,82.885,60.654,42.51,87.035,69.225,90.456,84.824,70.795,44.973,60.817,66.031,20.847,41.579,58.554,49.061
3306305,Volta Redonda,RJ,261563,75755.67,63.198,75.572,71.13,42.892,67.24,90.169,92.521,52.356,75.136,79.967,58.074,71.344,27.836,58.052,36.631,49.051
4321808,Três de Maio,RS,24916,54725.99,63.326,76.576,67.968,45.433,76.307,72.398,93.348,64.252,69.615,68.854,59.34,74.064,38.095,67.938,26.67,49.03
3128709,Guaxupé,MG,50911,55525.38,66.531,81.794,71.87,45.93,72.148,89.97,96.283,68.773,74.735,78.156,63.571,71.018,42.151,56.921,35.648,49.002
4302238,Boa Vista do Incra,RS,2271,170399.14,59.558,79.059,59.432,40.184,66.263,87,76.42,86.553,75.297,52.982,52.227,57.221,19.312,48.334,44.089,49.001
4323200,Victor Graeff,RS,2780,107204.98,64.765,74.145,63.953,56.196,72.451,62.387,88.748,72.996,78.405,58.11,53.765,65.53,26.846,57.982,90.968,48.988
3201506,Colatina,ES,120033,36742.13,61.222,73.003,70.577,40.086,69.994,88.415,89.673,43.931,78.296,71.844,63.128,69.042,23.37,52.097,35.961,48.917
4206504,Guaramirim,SC,46711,54215.52,62.992,79.048,67.447,42.48,73.291,81.565,91.576,69.759,71.373,68.685,62.859,66.871,29.926,51.61,39.505,48.88
2312403,São Gonçalo do Amarante,CE,54143,160623.95,53.074,59.904,65.436,33.883,72.348,40.535,85.473,41.26,82.257,73.235,54.848,51.404,18.324,39.788,28.56,48.859
2206308,Miguel Leão,PI,1318,18039.69,59.304,77.298,55.7,44.914,61.502,84.584,79.145,83.96,61.593,55.892,43.466,61.851,34.086,15.201,81.526,48.844
3503307,Araras,SP,130866,53438.23,69.127,82.201,73.87,51.311,76.544,89.674,96.065,66.522,80.662,79.171,58.862,76.787,14.838,66.034,75.601,48.771
3557105,Votuporanga,SP,96634,40262.6,68.751,82.076,71.636,52.543,75.331,93.43,94.856,64.686,82.687,69.87,60.48,73.504,45.579,66.366,49.458,48.769
4200408,Água Doce,SC,6508,100770.86,55.627,68.459,60.908,37.513,68.082,56.185,87.92,61.649,76.669,59.329,57.103,50.529,21.756,37.106,42.429,48.761
4116505,Nova Aliança do Ivaí,PR,1323,39542.81,57.513,59.587,66.861,46.09,63.774,70.52,95.649,8.403,81.763,69.626,53.061,62.995,32.869,50.396,52.365,48.733
3541406,Presidente Prudente,SP,225668,41253.79,68.355,81.95,73.771,49.344,75.197,93.891,95.237,63.476,79.974,80.839,61.052,73.219,32.004,65.024,51.626,48.722
3156908,Sacramento,MG,26670,78974.55,60.843,82.24,63.008,37.282,72.221,90.979,97.686,68.075,65.906,65.738,57.711,62.678,17.361,44.182,38.901,48.682
4300661,André da Rocha,RS,1135,171364.36,59.576,80.767,57.196,40.766,79.899,82.131,77.08,83.96,59.77,70.733,43.337,54.944,23.497,39.079,51.827,48.658
3126109,Formiga,MG,68248,32678.95,64.846,81.609,72.398,40.533,71.58,91.5,96.969,66.385,80.311,74.669,62.61,72,32.483,54.8,26.219,48.628
4301875,Barra do Quaraí,RS,4241,91723.68,60.249,82.932,56.769,41.047,73.739,83.061,88.375,86.553,66.016,58.198,53.389,49.471,13.403,35.312,66.903,48.571
4107207,Dois Vizinhos,PR,44869,45495.41,62.975,78.63,71.244,39.051,66.848,85.937,95.685,66.049,81.81,71.351,57.985,73.831,30.078,49.33,28.232,48.566
3513306,Cruzália,SP,2108,65782.23,68.537,84.872,70.217,50.522,69.073,89.036,93.963,87.418,83.243,70.606,56.15,70.869,15.923,59.334,78.321,48.512
2404804,Ipueira,RN,2035,17289.92,66.076,83.396,66.752,48.08,81.921,78.27,97.972,75.424,71.646,64.081,67.158,64.125,33.465,45.953,64.449,48.453
5207402,Edéia,GO,11747,79174.19,62.014,74.554,70.28,41.207,72.579,90.166,95.392,40.08,80.78,71.9,61.425,67.016,18.238,40.39,57.754,48.445
4101002,Ampére,PR,19620,38525.99,64.463,80.202,67.613,45.575,68.294,89.657,90.169,72.687,79.363,63.467,56.757,70.863,27.921,49.358,56.614,48.406
5108303,União do Sul,MT,3838,132337.91,47.66,61.402,44.527,37.051,70.357,53.655,86.536,35.06,57.207,35.135,65.95,19.818,32.849,10.11,56.933,48.311
4213906,Presidente Castello Branco,SC,1689,45277.21,62.886,78.193,64.013,46.45,81.908,57.014,87.298,86.553,82.872,49.071,59.809,64.299,28.43,48.517,60.544,48.31
3513504,Cubatão,SP,112476,196545.76,60.952,71.933,67.896,43.027,67.873,78.751,75.221,65.887,78.166,74.341,55.135,63.942,20.793,54.789,48.248,48.277
4305702,Condor,RS,6406,98230.62,53.915,65.398,57.728,38.619,71.216,73.419,90.024,26.932,69.161,58.987,35.481,67.281,31.809,38.04,36.408,48.218
3526902,Limeira,SP,291869,55428.92,68.21,82.277,73.392,48.96,74.813,94.161,92.944,67.19,82.02,77.461,58.151,75.937,18.217,65.821,63.586,48.215
4120853,Quatro Pontes,PR,4480,57016.55,68.626,84.926,70.668,50.283,76.548,83.708,95.506,83.944,83.488,79.027,55.275,64.881,29.718,54.569,68.635,48.209
4310900,Jacutinga,RS,3338,70100.6,66.197,83.095,69.426,46.07,76.736,82.274,90.889,82.482,80.746,70.849,54.96,71.148,21.099,41.758,73.235,48.186
2210953,Tamboril do Piauí,PI,2949,10379.73,58.462,72.148,56.343,46.893,62.518,63.591,80.369,82.115,67.267,47.158,48.368,62.579,33.059,22.779,83.605,48.13
4302220,Boa Vista do Cadeado,RS,2229,211831.26,61.848,80.665,59.968,44.913,73.046,83,79.194,87.418,75.356,48.612,54.35,61.554,38.905,34.641,57.992,48.113
4312401,Montenegro,RS,64322,90083.05,61.153,76.594,65.508,41.356,71.824,79.221,87.359,67.974,70.859,77.168,50.07,63.933,34.344,57.954,25.053,48.075
3204609,Santa Teresa,ES,22808,25490.99,58.808,67.521,70.441,38.462,74.213,55.487,84.989,55.397,76.167,68.494,61.72,75.383,12.584,57.982,35.212,48.07
3540309,Pontes Gestal,SP,2387,53451.04,64.964,84.207,67.45,43.236,70.486,95.628,97.318,73.397,82.105,67.124,58.767,61.804,20.279,54.081,50.538,48.045
5008305,Três Lagoas,MS,132152,99534.31,62.593,78.298,66.621,42.862,70.527,88.296,91.631,62.737,70.81,74.896,54.866,65.909,31.394,57.754,34.254,48.045
2512036,Poço Dantas,PB,3830,10580.6,57.243,67.699,57.637,46.394,72.695,45.425,82.126,70.548,63.513,49.749,52.326,64.96,20.315,25.065,92.175,48.02
2909802,Cruz das Almas,BA,60348,17399.34,61.35,68.989,67.197,47.863,68.575,82.105,91.584,33.692,63.02,71.477,58.407,75.886,38.753,46.184,58.505,48.009
4108106,Flórida,PR,2652,30607.94,62.295,78.995,70.839,37.051,69.11,88.63,96.308,61.931,75.643,72.438,65.941,69.332,20.412,40.651,39.135,48.006
3515509,Fernandópolis,SP,71186,34933.67,66.033,83.421,72.102,42.577,74.809,95.942,95.59,67.344,83.945,73.516,58.738,72.206,27.628,63.169,31.503,48.006
3148004,Patos de Minas,MG,159235,38873.3,65.095,79.457,69.156,46.672,74.152,90.726,94.832,58.118,77.074,78.685,59.065,61.801,31.094,64.798,42.799,47.997
2105658,Junco do Maranhão,MA,5146,12080.16,51.664,54.865,55.577,44.55,61.823,39.269,78.442,39.927,72.216,53.414,56.224,40.452,29.217,22.7,78.286,47.997
2100303,Aldeias Altas,MA,23286,10790.65,51.059,54.176,57.153,41.849,65.815,29.424,58.799,62.667,64.826,37.751,63.116,62.919,18.022,18.132,83.28,47.96
4128203,União da Vitória,PR,55033,35861.48,62.57,78.053,69.787,39.87,68.82,91.233,94.71,57.45,78.525,75.426,52.791,72.405,22.908,58.328,30.331,47.914
3501152,Alumínio,SP,17301,231858.5,59.022,75.152,65.38,36.534,72.064,77.338,83.553,67.654,77.401,70.916,53.524,59.682,24.75,43.859,29.62,47.908
3505906,Batatais,SP,58402,41684.29,64.04,81.121,72.848,38.152,69.987,93.353,92.614,68.531,77.846,80.576,57.751,75.22,14.542,62.652,27.541,47.872
3513850,Dirce Reis,SP,1620,43417.74,68.48,86.144,63.8,55.496,72.121,90.471,98.024,83.96,83.68,65.502,41.386,64.634,44.176,51.375,78.562,47.87
4218707,Tubarão,SC,110088,44072.88,66.921,82.917,71.385,46.462,76.335,94.688,94.454,66.19,75.265,78.894,62.364,69.016,38.151,64.944,34.934,47.82
4316477,Salvador das Missões,RS,2877,62485.51,63.214,71.389,66.1,52.154,77.336,88.153,93.975,26.093,75.729,58.071,63.697,66.902,18.079,52.886,89.863,47.787
4321329,Taquaruçu do Sul,RS,3119,60992.52,62.855,79.336,66.084,43.145,79.234,70.075,84.853,83.182,81.387,62.171,52.278,68.501,19.868,30.848,74.077,47.786
3548005,Santo Antônio de Posse,SP,23244,81069.97,64.436,77.701,67.624,47.984,78.445,79.18,88.635,64.542,71.627,71.894,60.248,66.729,25.633,55.08,63.471,47.75
3508405,Cabreúva,SP,47011,127732.89,63.306,79.359,69.459,41.1,75.412,82.858,90.391,68.775,79.785,70.226,55.178,72.649,29.483,59.429,27.804,47.685
2607109,Ingazeira,PE,4765,10674.84,62.879,75.612,65.808,47.217,77.944,62.032,91.537,70.936,73.435,57.622,67.769,64.407,33.06,42.384,65.801,47.624
3531001,Monções,SP,1937,30298.04,66.277,83.895,70.071,44.864,59.938,93.781,97.902,83.96,84.619,68.064,60.38,67.221,25.269,60.246,46.326,47.615
2607208,Ipojuca,PE,98932,152006.73,53.941,58.55,66.609,36.664,61.915,51.583,84.704,35.998,74.403,70.996,55.87,65.166,26.423,36.241,36.378,47.615
4212106,Palmitos,SC,15626,58902.17,64.504,73.905,68.308,51.299,76.99,66.704,94.521,57.405,75.692,69.437,64.084,64.02,35.827,33.283,88.475,47.613
3149804,Perdizes,MG,17151,95678.64,59.584,69.913,66.384,42.454,66.84,81.81,97.711,33.293,75.454,62.505,65.051,62.526,33.459,44.201,44.545,47.611
4312617,Muitos Capões,RS,2879,392592.99,59.02,68.982,60.898,47.181,74.298,49.016,82.234,70.381,72.147,56.203,64.588,50.653,15.999,38.203,86.911,47.61
4124509,Santo Inácio,PR,6181,86719.71,60.742,77.608,66.11,38.507,73.619,80.712,92.942,63.158,77.622,68.788,52.392,65.636,17.973,41.172,47.357,47.528
4205357,Flor do Sertão,SC,1783,36310.82,58.996,75.83,63.127,38.032,69.069,65.996,88.679,79.575,77.25,65.19,46.192,63.878,20.952,38.017,45.641,47.517
3151800,Poços de Caldas,MG,163742,52484.84,65.723,82.877,74.026,40.265,74.078,91.179,94.907,71.345,74.549,81.393,61.662,78.498,20.914,63.493,29.137,47.516
3525300,Jaú,SP,133497,42121.89,67.352,82.484,74.681,44.892,74.882,91.723,95.268,68.062,81.003,79.509,66.285,71.928,23.696,60.102,48.262,47.507
3115300,Cataguases,MG,66261,25107.77,64.829,78.446,70.939,45.101,64.976,86.351,96.774,65.685,74.061,75.489,59.472,74.735,34.975,58.25,39.679,47.502
5107768,Santa Rita do Trivelato,MT,3276,380064.19,60.834,78.804,52.443,51.253,70.195,83.052,90.071,71.899,74.37,34.559,67.6,33.244,28.176,49.644,79.718,47.474
2101400,Balsas,MA,101767,62433.36,55.164,62.704,62.908,39.882,65.99,64.709,79.291,40.824,74.491,65.532,56.423,55.185,22.534,38.564,51.005,47.423
3203502,Montanha,ES,18900,21878.45,60.342,72.545,63.392,45.089,65.956,80.427,90.864,52.931,76.191,56.892,52.539,67.945,34.753,38.134,60.055,47.414
2603702,Canhotinho,PE,24329,10482.11,61.111,70.804,63.248,49.28,67.303,62.829,91.808,61.276,73.66,56.933,53.452,68.948,35.989,38.642,75.081,47.408
2606002,Garanhuns,PE,142506,21750.49,59.738,72.599,66.693,39.922,70.61,80.911,93.907,44.97,75.75,69.548,56.515,64.958,30.389,48.129,33.783,47.389
4314001,Paraí,RS,7194,59430.56,60.341,74.133,71.901,34.989,67.881,75.665,91.431,61.555,78.575,71.608,70.994,66.429,22.652,55.823,14.132,47.347
3120706,Cruzeiro da Fortaleza,MG,3521,52651.67,64.753,85.742,66.752,41.765,72.399,88.594,98.014,83.96,77.479,75.042,49.23,65.256,21.389,46.932,51.443,47.296
3534708,Ourinhos,SP,103970,38381.17,67.736,81.861,73.837,47.509,75.719,88.371,94.341,69.013,82.157,79.95,58.076,75.165,30.646,65.438,46.669,47.284
3539301,Pirassununga,SP,73545,45366.95,66.867,79.577,72.873,48.151,67.095,88.91,94.022,68.279,79.087,79.623,59.648,73.134,22.29,53.321,69.719,47.274
4321956,Trindade do Sul,RS,7556,46841.45,58.775,65.457,66.044,44.822,60.025,61.176,70.163,70.464,75.128,64.667,56.554,67.827,21.819,35.437,74.804,47.231
4310801,Ivoti,RS,22983,51733.88,68.667,83.717,72.296,49.987,82.553,83.403,91.193,77.72,79.77,75.3,64.115,70.001,31.25,60.635,60.832,47.231
4210001,Luiz Alves,SC,11684,68339.93,57.884,70.933,65.051,37.667,76.214,43.465,90.728,73.327,71.469,60.9,59.305,68.53,28.115,35.118,40.207,47.227
3109006,Brumadinho,MG,38915,119714.76,57.321,66.664,70.572,34.729,74.164,62.236,88.054,42.202,73.355,77.52,62.524,68.887,21.284,44.331,26.162,47.138
4318705,São Leopoldo,RS,217409,50295.11,62.787,77.182,67.273,43.905,75.091,84.842,82.021,66.774,62.408,79.14,54.481,73.065,31.776,58.504,38.213,47.125
4107850,Flor da Serra do Sul,PR,4364,42161.18,56.992,67.115,64.848,39.013,52.522,55.612,85.324,75.002,80.95,57.351,56.857,64.233,14.092,49.749,45.094,47.118
4212056,Palmeira,SC,2561,73900.66,59.579,67.226,60.903,50.607,65.49,57.456,65.051,80.907,72.361,59.364,52.326,59.561,35.505,35.361,84.516,47.047
3146602,Paiva,MG,1474,18656.92,64.153,83.766,66.747,41.945,66.05,88.34,95.851,84.824,73.079,64.235,61.548,68.126,25.793,44.244,50.699,47.042
3105608,Barbacena,MG,125317,28319.01,64.88,78.681,73.276,42.683,69.056,85.156,94.091,66.421,77.958,78.085,66.444,70.619,26.944,56.337,40.48,46.972
3527108,Lins,SP,74779,91112.03,67.164,79.757,73.125,48.611,71.892,96.504,92.928,57.704,78.338,79.309,62.668,72.185,19.497,58.049,69.987,46.911
3137601,Lagoa Santa,MG,75145,29348.24,64.529,78.231,73.229,42.128,74.451,82.062,90.343,66.067,71.768,77.13,69.429,74.588,31.094,52.621,37.95,46.846
2613206,São João,PE,23837,16489.47,58.796,67.986,60.875,47.526,71.787,53.145,87.598,59.414,70.106,55.104,50.348,67.941,28.288,36.514,78.461,46.842
1502707,Conceição do Araguaia,PA,44617,14964.33,50.276,52.109,54.747,43.971,60.394,39.245,84.526,24.272,59.367,60.591,52.089,46.94,20.148,35.457,73.462,46.817
4318622,São José dos Ausentes,RS,4172,37576.01,55.671,61.491,55.862,49.658,76.553,58.065,88.931,22.416,71.894,58.948,44.88,47.726,36.82,37.024,77.998,46.792
4301958,Barra Funda,RS,2498,66546.72,65.184,82.018,65.372,48.162,76.769,80.877,97.747,72.678,76.494,66.266,54.424,64.303,27.056,66.455,52.375,46.762
4213104,Piratuba,SC,5769,139879.73,66.786,77.568,69.044,53.746,73.351,74.089,76.278,86.553,80.765,67.077,63.627,64.706,37.076,44.498,86.651,46.758
4317509,Santo Ângelo,RS,76917,41648.5,66.148,76.952,69.769,51.723,72.963,84.454,89.142,61.248,71.781,77.465,54.754,75.074,41.956,58.369,59.809,46.757
5001508,Bandeirantes,MS,7940,96301.69,57.15,76.079,58.251,37.119,77.939,77.428,92.328,56.621,62.044,59.503,62.694,48.761,23.355,39.311,39.076,46.733
4119905,Ponta Grossa,PR,358371,54784.39,66.962,77.822,71.221,51.842,72.47,90.87,92.228,55.72,77.256,78.816,53.119,75.692,57.819,59.965,42.892,46.694
3301207,Carmo,RJ,17198,32867.16,64.796,83.814,66.697,43.876,65.28,89.886,95.812,84.28,78.461,68.855,47.583,71.888,31.251,52.301,45.267,46.684
3527207,Lorena,SP,84855,46019.24,62.366,75.449,70.235,41.414,67.378,91.764,97.326,45.326,75.565,75.311,56.401,73.665,23.354,57.055,38.562,46.683
4300471,Almirante Tamandaré do Sul,RS,1969,141406.2,61.006,76.728,66.859,39.431,65.583,91.374,90.241,59.714,77.173,64.844,60.849,64.568,18.556,45.293,47.224,46.648
2505279,Curral de Cima,PB,5254,10645.48,57.037,69.284,58.266,43.56,71.045,71.494,80.093,54.503,66.134,53.974,50.628,62.327,40.927,26.576,60.105,46.633
5106224,Nova Mutum,MT,55839,108899.74,60.179,74.323,61.75,44.465,78.656,78.398,95.182,45.056,69.052,68.702,57.309,51.936,37.379,50.763,43.132,46.586
4113007,Jussara,PR,6690,61003.53,63.22,78.444,67.637,43.579,64.318,95.314,97.31,56.833,73.039,68.462,58.244,70.801,42.114,32.352,53.296,46.555
3151206,Pirapora,MG,55606,52085.18,63.659,76.166,71.138,43.674,70.736,86.494,94.861,52.572,71.151,85.37,59.985,68.046,38.393,42.713,47.053,46.539
4128625,Alto Paraíso,PR,3055,37482.44,59.247,67.212,59.496,51.032,66.084,86.662,90.344,25.759,79.565,61.813,36.069,60.537,23.818,49.856,83.92,46.535
5007109,Ribas do Rio Pardo,MS,23150,82468.24,58.601,75.062,57.003,43.738,70.302,76.827,91.385,61.733,62.653,59.835,58.334,47.189,26.829,41.553,60.063,46.506
4212601,Peritiba,SC,2992,40717.88,66.096,80.22,70.077,47.991,80.167,78.592,79.911,82.211,82.415,70.304,59.553,68.037,19.652,52.723,73.098,46.491
5007695,São Gabriel do Oeste,MS,29579,76002.57,58.417,76.633,64.102,34.516,67.787,89.376,92.248,57.122,68.705,67.258,58.508,61.935,22.094,42.506,26.974,46.49
3528106,Macaubal,SP,7481,26519.15,60.212,82.158,67.998,30.48,69.48,84.936,96.861,77.356,80.104,66.54,57.971,67.379,22.513,44.766,8.155,46.484
2414902,Viçosa,RN,1822,12847.77,67.428,87.993,65.39,48.9,74.797,93.849,98.501,84.824,66.483,64.723,62.219,68.137,32.212,50.674,66.234,46.48
2610103,Palmeirina,PE,7031,11455.37,57.01,65.534,59.961,45.535,57.212,61.069,90.839,53.017,66.879,55.121,49.236,68.609,18.982,35.024,81.664,46.471
2205607,Landri Sales,PI,5213,21216.29,56.902,74.694,54.81,41.202,70.455,79.913,72.369,76.037,65.118,52.602,45.987,55.534,20.91,23.469,73.968,46.46
3145406,Olaria,MG,1945,16525.42,62.391,80.145,61.731,45.296,57.173,85.712,93.734,83.96,74.7,56.85,42.927,72.446,30.364,40.781,63.592,46.446
3504008,Assis,SP,101409,40551.81,66.633,82.665,70.161,47.075,70.691,95.307,97.725,66.936,79.923,72.708,57.203,70.809,23.347,58.238,60.319,46.394
3162500,São João del Rei,MG,90225,33549.34,67.466,81.842,70.502,50.055,67.504,96.056,95.568,68.239,73.425,77.163,63.014,68.407,41.224,56.739,55.899,46.357
3546405,Santa Cruz do Rio Pardo,SP,46442,60446.37,66.794,85.685,72.559,42.139,75.343,91.231,98.452,77.715,81.61,77,58.186,73.44,29.043,58.049,35.165,46.298
3143302,Montes Claros,MG,414240,26262.78,68.786,79.269,72.032,55.056,71.003,83.199,95.582,67.291,76.568,73.461,66.805,71.296,59.123,59.149,55.661,46.29
4320404,Serafina Corrêa,RS,16961,46460.1,61.801,76.73,72.246,36.426,78.989,81.855,91.159,54.918,77.282,74.512,64.443,72.745,20.93,52.601,25.894,46.277
3153103,Presidente Bernardes,MG,4850,14063.98,55.046,67.841,62.148,35.15,73.35,41.213,87.326,69.476,82.74,52.067,47.452,66.335,16.177,36.149,41.998,46.275
2200459,Alvorada do Gurguéia,PI,5322,15543.88,53.835,66.099,53.42,41.986,65.631,73.934,69.161,55.668,64.435,36.241,56.974,56.03,31.106,26.087,64.519,46.23
4101507,Arapongas,PR,119138,41887.32,66.237,81.429,70.693,46.588,70.587,93.273,96.909,64.947,81.091,73.515,54.772,73.392,43.329,48.71,48.103,46.21
4313011,Nova Candelária,RS,3061,75499.78,59.464,66.738,65.062,46.592,66.186,85.96,89.626,25.181,74.854,66.663,51.277,67.453,32.687,46.931,60.546,46.204
5203203,Barro Alto,GO,10371,152835.22,58.317,70.295,65.93,38.725,66.163,66.421,90.364,58.232,80.705,66.126,58.104,58.784,27.031,42.78,38.927,46.164
2700805,Belém,AL,4722,40812.08,58.453,65.09,65.419,44.85,73.708,37.074,90.2,59.377,78.665,62.461,50.198,70.352,13.38,27.513,92.341,46.164
2513505,Santana de Mangueira,PB,5010,10263.2,57.539,67.186,56.792,48.638,81.154,43.305,79.234,65.052,61.362,42.055,61.13,62.621,29.105,29.763,89.554,46.132
3304003,Piraí,RJ,27474,89825.83,59.921,76.275,65.212,38.278,71.755,82.587,88.187,62.57,68.611,70.678,49.588,71.969,21.557,51.546,33.893,46.117
4202800,Braço do Norte,SC,33773,52037.11,60.891,73.867,69.684,39.123,74.328,66.699,90.783,63.66,72.34,73.605,60.308,72.481,26.519,36.451,47.425,46.097
5218508,Quirinópolis,GO,48447,44651.48,61.968,70.949,65.904,49.051,62.722,85.859,95.483,39.732,80.635,64.397,53.926,64.656,24.046,45.832,80.235,46.093
4109807,Ibiporã,PR,51603,64680.63,60.607,77.468,67.578,36.774,68.43,91.255,96.764,53.424,74.497,67.573,54.871,73.371,23.866,50.411,26.731,46.088
5105259,Lucas do Rio Verde,MT,83798,82840.55,58.367,69.798,65.086,40.217,70.881,84.141,81.673,42.496,70.259,75.674,56.038,58.374,33.389,49.643,31.761,46.074
3153301,Presidente Kubitschek,MG,3071,11871.77,59.278,70.338,66.436,41.061,54.19,80.354,94.535,52.272,77.013,59.457,60.816,68.459,32.109,39.707,46.381,46.045
4304903,Casca,RS,9465,76403.57,61.988,72.753,68.528,44.683,79.838,70.114,92.362,48.698,76.502,75.922,56.494,65.194,29.392,57.716,45.611,46.012
4313409,Novo Hamburgo,RS,227646,44416.18,66.948,75.702,69.391,55.75,71.15,82.24,83.471,65.946,70.054,79.96,56.625,70.928,46.943,61.02,69.051,45.986
5204250,Cachoeira Dourada,GO,7782,8990.24,65.1,78.783,65.777,50.74,80.005,65.613,96.137,73.378,75.951,66.255,58.514,62.389,22.938,47.313,86.724,45.984
3510401,Capivari,SP,50068,60171.03,64.609,82.172,69.824,41.831,76.836,91.96,91.05,68.843,78.963,76.237,55.086,69.008,35.247,52.367,33.741,45.968
2408003,Mossoró,RN,264577,30730.89,60.108,66.088,65.999,48.236,74.863,72.761,94.542,22.187,66.469,73.906,54.049,69.574,43.582,54.72,48.68,45.963
4312906,Nova Bassano,RS,9649,83745.68,62.403,77.994,68.15,41.064,76.384,73.889,88.218,73.485,77.357,69.102,59.253,66.887,25.359,56.497,36.446,45.955
3520400,Ilhabela,SP,34934,402430.33,62.96,75.564,73.137,40.177,75.544,73.005,79.991,73.716,79.907,82.164,61.081,69.398,26.454,61.849,26.456,45.948
3546108,Santa Clara d'Oeste,SP,2598,37524.83,66.435,87.078,67.424,44.803,72.532,92.618,97.472,85.689,82.026,65.814,51.257,70.598,26.529,50.739,56.029,45.913
3551702,Sertãozinho,SP,126887,56435.39,66.202,82.942,72.332,43.332,77.042,91.512,95.332,67.88,80.26,77.74,58.212,73.116,23.491,66.246,37.679,45.911
3137908,Lamim,MG,3184,16492.32,61.616,72.362,69.402,43.084,57.799,63.109,84.443,84.098,77.846,70.511,61.344,67.906,26.46,47.685,52.298,45.894
4323804,Xangri-lá,RS,16463,44858.35,61.588,75.333,66.591,42.841,81.178,77.97,81.434,60.751,57.846,85.721,58.256,64.541,24.515,59.423,41.536,45.889
3133808,Itaúna,MG,97669,52443.17,68.487,78.572,72.875,54.014,67.999,93.518,95.939,56.832,78.289,76.435,59.751,77.024,38.208,58.525,73.453,45.871
4307807,Estrela,RS,32183,67964.22,61.221,76.143,67.33,40.19,76.777,83.838,88.563,55.393,73.388,70.072,53.85,72.01,30.742,59.149,25.005,45.865
3504107,Atibaia,SP,158647,53086.84,65.377,77.345,73.889,44.898,73.696,76.571,86.494,72.618,82.806,79.56,59.375,73.814,22.611,60.77,50.361,45.848
3501608,Americana,SP,237240,64611.22,67.524,83.822,76.705,42.045,78.405,89.27,95.086,72.528,81.917,81.201,65.979,77.723,31.523,65.31,25.539,45.809
2211605,Vila Nova do Piauí,PI,2935,12710.51,59.855,65.49,59.819,54.255,62.644,44.945,83.892,70.48,73.191,54.112,47.82,64.155,29.282,49.757,92.174,45.805
4116000,Miraselva,PR,1966,26813.85,66.108,85.126,66.296,46.903,76.89,92.916,96.275,74.424,71.85,66.721,62.311,64.3,17.684,56.209,67.935,45.784
4112108,Jandaia do Sul,PR,21408,37180.89,59.201,77.217,69.194,31.192,61.116,87.548,96.14,64.062,81.943,69.876,53.62,71.335,28.826,47.002,3.176,45.765
4217006,São Ludgero,SC,13509,69280.97,64.533,84.205,69.023,40.37,77.046,86.12,89.994,83.659,77.339,71.336,58.262,69.156,32.906,44.586,38.224,45.764
2111672,São Roberto,MA,4544,10148.15,56.371,69.607,61.663,37.844,69.501,73.322,58.925,76.681,70.045,53.746,61.048,61.812,15.035,20.342,70.253,45.747
3116902,Comendador Gomes,MG,2773,56234.8,57.945,73.763,61.499,38.572,78.747,65.325,77.99,72.988,78.886,55.381,60.632,51.097,24.107,49.878,34.604,45.699
4118402,Paranavaí,PR,92001,34816.79,64.364,79.715,70.661,42.715,70.298,91.097,97.714,59.753,82.521,72.967,57.296,69.859,26.305,60.054,38.839,45.66
3503950,Aspásia,SP,1842,21625.78,69.396,88.464,69.258,50.467,82.539,90.746,94.016,86.553,85.824,64.722,58.032,68.455,21.495,63.325,71.445,45.601
4211751,Otacílio Costa,SC,17312,58067.66,65.539,78.351,67.925,50.34,70.998,75.823,91.147,75.434,72.822,69.59,59.535,69.755,28.237,44.48,83.043,45.6
5102678,Campo Verde,MT,44585,112807.7,62.564,74.796,65.641,47.254,80.307,69.767,90.151,58.96,69.695,72.932,57.563,62.372,43.255,47.033,53.143,45.586
2200806,Antônio Almeida,PI,3152,45959.66,59.426,72.193,61.137,44.946,71.746,70.102,62.965,83.96,67.502,59.537,61.832,55.679,27.65,23.723,82.828,45.584
2105302,Imperatriz,MA,273110,28375.65,60.195,70.295,66.723,43.567,64.498,80.082,93.678,42.923,72.913,73.513,57.263,63.203,31.451,47.776,49.466,45.575
3524501,Jaci,SP,7613,89550.6,60.868,80.513,67.63,34.462,73.31,92.034,95.705,61.002,78.698,72.384,50.972,68.467,18.008,44.42,29.873,45.548
4309407,Guaporé,RS,25268,45806.48,62.42,77.742,69.346,40.171,79.587,86.131,86.36,58.892,76.382,69.59,58.834,72.577,27.549,51.485,36.155,45.496
4103354,Braganey,PR,4854,50124.48,59.888,76.342,66.148,37.173,61.903,69.694,91.424,82.349,80.663,64.101,53.21,66.618,32.809,30.352,40.037,45.494
4105409,Chopinzinho,PR,21085,43441.6,58.878,74.195,66.902,35.537,73.593,75.336,85.109,62.741,79.336,64.359,53.785,70.13,29.958,35.644,31.067,45.477
3506300,Bernardino de Campos,SP,11607,32799.95,66.282,81.302,67.946,49.599,70.858,92.067,93.898,68.384,81.942,71.404,50.142,68.295,28.357,44.882,79.687,45.47
4120101,Porto Amazonas,PR,4098,40101.5,62.066,76.164,68.887,41.148,61.249,87.171,97.253,58.981,77.65,71.177,54.784,71.936,28,55.13,35.995,45.466
4126405,Sertaneja,PR,5616,74699.65,63.018,80.182,63.217,45.655,67.361,81.756,94.613,76.999,75.349,63.784,42.251,71.483,30.108,49.089,57.974,45.449
4107553,Farol,PR,3039,71510.35,62.258,83.792,58.517,44.465,72.58,83.708,94.921,83.96,70.018,57.624,43.004,63.422,21.401,46.47,64.543,45.447
3143609,Morro da Garça,MG,2411,21328.77,59.462,79.843,56.75,41.795,74.925,68.14,92.131,84.175,72.34,53.938,38.553,62.168,18.682,42.132,60.966,45.398
3527009,Lindóia,SP,7014,35354.45,66.73,87.144,68.649,44.396,76.098,93.179,93.862,85.438,74.508,67.671,60.768,71.65,15.071,51.716,65.424,45.373
3131703,Itabira,MG,113343,133058.28,63.436,73.581,72.152,44.575,67.567,87.113,87.566,52.08,75.444,76.007,65.217,71.942,45.51,61.696,25.726,45.37
3525201,Jarinu,SP,37535,80439.08,58.254,69.247,69.751,35.765,67.919,62.224,81.47,65.374,79.263,75.266,53.525,70.952,15.653,41.879,40.173,45.354
4316501,Salvador do Sul,RS,6879,49444.09,67.491,80.111,73.008,49.353,81.905,82.146,73.844,82.551,75.965,86.672,58.839,70.555,18.65,66.312,67.096,45.353
3503901,Arujá,SP,86678,96378.68,64.84,81.111,73.064,40.346,77.863,90.058,87.058,69.465,80.745,77.584,59.195,74.733,20.48,45.641,49.933,45.33
3200409,Anchieta,ES,29984,193644.15,62.847,73.479,69.54,45.523,71.187,65.56,92.845,64.325,74.864,68.856,64.236,70.202,43.993,42.543,50.274,45.281
3104403,Argirita,MG,2688,15024.06,59.011,77.114,60.662,39.258,64.579,76.904,96.982,69.99,64.286,57.851,49.001,71.511,22.514,52.658,36.616,45.243
4124301,Santo Antônio do Paraíso,PR,2125,50166.38,61.892,73.017,66.151,46.51,61.996,72.617,96.294,61.162,74.394,65.203,53.033,71.972,33.01,43.216,64.587,45.226
3510104,Cândido Rodrigues,SP,2889,37345.06,66.176,89.546,69.314,39.669,82.668,93.159,98.399,83.96,83.574,64.993,57.973,70.716,15.036,35.661,62.754,45.223
4218004,Tijucas,SC,51592,47596.53,65.183,79.148,68.64,47.76,72.34,90.852,89.92,63.479,68.667,77.785,60.098,68.009,29.048,48.233,68.545,45.216
4208302,Itapema,SC,75940,38317.27,66.504,79.408,72.322,47.783,81.212,87.939,77.727,70.755,69.839,84.395,66.711,68.342,37.19,46.711,62.033,45.197
5003207,Corumbá,MS,96268,40889.95,57.455,70.734,59.162,42.469,65.254,74.676,86.318,56.687,63.987,65.381,51.438,55.84,49.163,45.569,29.958,45.184
4103222,Bom Sucesso do Sul,PR,3202,94397.41,61.205,77.521,65.156,40.937,73.306,72.843,92.145,71.789,82.308,50.449,56.703,71.163,17.073,66.784,34.719,45.173
2500734,Amparo,PB,2234,13271.2,61.775,71.821,60.433,53.072,60.594,54.281,89.355,83.053,73.304,59.189,42.761,66.476,29.153,44.209,93.756,45.168
3513702,Descalvado,SP,31756,66014.44,64.256,78.223,69.968,44.578,71.943,86.025,92.64,62.281,82.101,69.916,59.01,68.845,29.085,62.136,41.929,45.163
4314456,Pinhal,RS,2959,41987.63,63.455,78.441,64.378,47.546,62.596,91.839,74.505,84.824,67.884,71.715,52.294,65.618,25.498,52.21,67.32,45.156
5002951,Chapadão do Sul,MS,30993,78981.93,61.331,77.745,67.684,38.564,78,83.408,92.605,56.966,68.991,66.885,68.016,66.843,20.515,42.205,46.396,45.139
4315909,Rodeio Bonito,RS,6654,42277.84,60.196,68.412,67.25,44.925,68.427,67.306,89.534,48.382,72.636,69.761,59.677,66.925,23.637,38.626,72.309,45.127
4316709,Santa Bárbara do Sul,RS,8122,165695.64,60.907,72.943,62.709,47.07,67.065,72.496,89.367,62.843,69.64,65.717,54.723,60.754,28.878,57.635,56.673,45.094
3202801,Itapemirim,ES,39832,145263.07,57.585,68.153,65.731,38.871,64.347,72.9,87.357,48.008,73.291,68.667,48.581,72.384,26.934,33.867,49.591,45.092
3508207,Buritizal,SP,4356,56536.45,68.447,84.413,70.817,50.11,68.143,88.84,96.708,83.96,81.659,70.003,65.615,65.992,20.692,46.55,88.114,45.084
5107297,São José do Povo,MT,2875,20658.93,58.62,69.259,58.848,47.751,73.054,50.892,88.834,64.257,71.426,61.743,47.498,54.725,26.396,35.645,83.881,45.083
4313375,Nova Santa Rita,RS,29024,86331.1,55.497,66.215,62.095,38.182,78.786,53.142,73.308,59.622,58.686,70.833,55.963,62.9,20.215,39.646,47.821,45.045
3554755,Trabiju,SP,1682,26901.26,64.557,77.491,67.062,49.118,63.723,96.636,88.343,61.264,74.942,71.528,51.48,70.298,22.104,50.467,78.866,45.035
2107407,Olho d'Água das Cunhãs,MA,17919,10591.01,54.925,62.869,57.787,44.12,56.638,51.82,72.025,70.992,60.501,51.896,57.857,60.895,22.47,27.387,81.598,45.027
3201407,Castelo,ES,36930,31929.06,60.75,74.245,68.334,39.67,73.61,76.223,92.148,54.999,80.574,63.04,56.738,72.985,13.661,52.576,47.421,45.021
4209300,Lages,SC,164981,40153.01,64.925,75.867,67.315,51.593,63.895,89.341,83.059,67.171,70.879,76.995,55.897,65.488,47.513,54.131,59.709,45.019
4213351,Ponte Alta do Norte,SC,3210,52288.28,59.043,74.924,62.1,40.105,66.337,83.31,78.956,71.094,73.871,61.625,49.04,63.865,17.009,20.073,78.328,45.01
2202901,Corrente,PI,27278,25136.08,55.155,61.528,55.485,48.45,63.565,57.459,72.014,53.076,59.621,42.594,58.78,60.944,31.17,35.934,81.707,44.99
3103801,Arapuá,MG,2631,66164.03,65.952,84.552,67.428,45.876,84.251,77.425,95.545,80.988,83.045,68.493,54.779,63.396,20.449,48.918,69.177,44.96
4306403,Dois Irmãos,RS,30709,71787.3,67.85,86.839,69.431,47.281,81.328,95.941,96.525,73.562,66.075,78.81,59.043,73.795,17.195,65.159,61.87,44.901
4213153,Planalto Alegre,SC,2946,48527.52,58.651,69.669,65.458,40.825,74.046,67.612,80.784,56.236,74.666,61.711,57.284,68.171,22.202,45.036,51.172,44.89
4115309,Mariópolis,PR,6371,69555.88,60.937,81.978,63.596,37.236,69.414,86.577,93.233,78.688,73.312,64.64,44.515,71.916,34.388,36.443,33.24,44.873
3551306,Sebastianópolis do Sul,SP,3130,134359.98,68.38,85.322,67.359,52.457,74.642,87.141,96.316,83.191,86.492,63.069,50.888,68.989,22.513,51.559,90.916,44.842
3518404,Guaratinguetá,SP,118044,67224.01,65.796,77.258,72.59,47.541,71.046,84.719,90.147,63.119,78.604,74.045,62.165,75.544,21.364,59.753,64.225,44.821
3303104,Natividade,RJ,15074,21668.64,60.279,78.095,64.857,37.884,63.733,77.359,95.481,75.808,76.589,59.56,56.758,66.52,23.676,41.778,41.26,44.82
4214151,Princesa,SC,2964,46185.93,58.843,73.234,65.715,37.581,78.844,54.84,85.261,73.99,79.293,62.975,56.945,63.647,25.108,42.12,38.331,44.766
4313466,Novo Xingu,RS,1646,45917.83,69.36,85.663,70.768,51.649,77.412,86.601,91.222,87.418,75.039,76.931,60.82,70.279,25.498,45.367,90.967,44.764
4214201,Quilombo,SC,11022,42275.34,61.259,71.124,66.126,46.527,70.201,64.658,77.376,72.261,77.445,58.266,59.111,69.682,30.213,42.365,68.794,44.735
2606200,Goiana,PE,81055,132512.54,54.375,55.669,66.026,41.431,68.053,51.272,81.082,22.271,73.511,68.33,50.414,71.847,41.671,42.15,37.175,44.729
3524808,Jales,SP,48776,40933.95,66.041,84.203,71.733,42.187,73.043,95.489,97.813,70.468,85.35,69.132,59.053,73.397,33.008,55.741,35.275,44.722
3524907,Jambeiro,SP,6397,55569.83,62.33,80.017,70.906,36.067,71.853,80.114,90.92,77.179,77.522,71.983,62.718,71.4,14.742,42.133,42.681,44.712
4319364,São Pedro das Missões,RS,1757,65458.45,57.194,70.765,57.384,43.432,81.906,80.422,73.646,47.086,55.862,51.786,50.933,70.954,18.891,40.655,69.476,44.707
3515202,Estrela d'Oeste,SP,9417,80572.98,64.348,85.455,68.099,39.491,73.037,93.143,89.917,85.723,83.562,62.756,61.891,64.189,23.134,46.725,43.407,44.697
5107925,Sorriso,MT,110635,114014.99,60.73,66.449,64.018,51.724,77.14,82.54,90.871,15.245,66.186,73.679,60.378,55.83,32.602,74.689,54.915,44.69
4102208,Atalaia,PR,3980,44877.24,63.379,80.539,69.958,39.64,68.268,76.849,94.179,82.86,84.596,67.737,55.439,72.062,27.989,42.253,43.654,44.665
3502804,Araçatuba,SP,200124,45390.8,67.169,80.433,74.898,46.176,72.464,91.891,95.261,62.117,83.919,79.944,63.214,72.516,27.121,58.003,54.923,44.657
5106240,Nova Ubiratã,MT,11530,285695.88,53.516,71.259,44.018,45.271,78.399,59.12,89.188,58.329,56.744,48.645,57.494,13.188,39.913,37.457,59.07,44.645
3547809,Santo André,SP,748919,43874.47,66.728,80.287,73.843,46.055,71.339,90.432,86.527,72.852,79.327,78.622,63.732,73.69,34.135,62.061,43.395,44.629
3205200,Vila Velha,ES,467722,35116.75,62.267,74.623,71.664,40.515,73.72,92.184,87.662,44.924,75.863,77.712,64.332,68.751,17.645,53.236,46.578,44.601
3515806,Flora Rica,SP,1487,28556.65,65.896,84.863,62.496,50.328,64.133,92.725,96.04,86.553,82.986,64.36,33.759,68.879,22.597,39.394,94.724,44.596
2211209,Uruçuí,PI,25203,112516.72,57.007,66.686,54.436,49.899,58.023,68.21,78.04,62.472,60.063,58.691,55.686,43.304,35.236,41.746,78.07,44.543
4117297,Novo Itacolomi,PR,3125,29467.31,65.493,80.279,66.536,49.665,73.444,71.187,92.523,83.96,83.327,55.844,61.019,65.955,41.479,43.541,69.1,44.54
2919553,Luís Eduardo Magalhães,BA,107909,82338.25,60.406,74.747,65.265,41.206,74.307,91.293,95.798,37.592,68.011,71.247,61.321,60.481,29.542,45.515,45.256,44.513
2310803,Pereiro,CE,15274,36968.91,59.816,68.371,64.317,46.762,76.029,40.025,86.74,70.689,77.762,57.281,56.123,66.1,17.666,42.532,82.35,44.5
3519253,Iaras,SP,8010,21242.84,57.776,70.104,61.053,42.17,75.824,52.262,80.763,71.568,74.943,50.876,55.873,62.52,17.863,55.689,50.632,44.495
3514403,Dracena,SP,45474,32007.88,65.998,81.101,72.16,44.734,72.746,91.439,95.099,65.12,83.266,74.448,61.765,69.16,22.79,58.994,52.687,44.464
4128104,Umuarama,PR,117095,35302.63,68.529,81.595,72.299,51.692,75.294,93.481,95.409,62.196,79.568,78.334,58.984,72.311,32.273,66.198,63.855,44.442
4210902,Modelo,SC,4080,42041.44,64.685,80.105,69.728,44.22,71.263,72.403,92.118,84.637,76.529,71.62,62.612,68.151,37.421,39.498,55.548,44.414
3152105,Ponte Nova,MG,57776,37397.06,63.43,76.731,69.181,44.379,66.395,88.987,92.827,58.714,69.994,78.046,60.964,67.718,52.396,48.345,32.417,44.357
3540705,Porto Ferreira,SP,52649,47751.96,62.034,79.189,67.125,39.788,72.267,93.426,90.762,60.303,74.427,68.409,54.089,71.575,32.481,56.891,25.499,44.282
3118601,Contagem,MG,621863,59090.29,66.936,78.283,71.259,51.266,73.485,85.612,87.796,66.24,73.33,76.314,63.25,72.143,46.054,58.884,55.858,44.267
3507605,Bragança Paulista,SP,176811,45315.99,65.396,81.245,73.559,41.385,75.564,90.487,91.819,67.108,81.082,79.475,58.971,74.706,17.743,65.07,38.465,44.261
4210852,Mirim Doce,SC,2511,35877.29,59.654,76.189,57.986,44.788,66.114,65.686,87.266,85.689,75.847,46.999,44.732,64.365,21.151,27.01,86.758,44.233
3306008,Três Rios,RJ,78346,81618.9,60.137,74.525,68.314,37.573,69.87,96.026,89.058,43.145,71.172,77.725,51.501,72.856,13.148,47.082,45.903,44.16
3533601,Nuporanga,SP,7391,118309.98,70.472,82.913,70.542,57.96,78.136,93.721,97.429,62.367,81.729,73.856,57.623,68.961,54.915,52.944,79.834,44.148
2922003,Mucuri,BA,37977,58692.67,53.165,59.25,59.46,40.784,71.979,59.009,86.507,19.505,60.656,56.97,54.172,66.04,24.081,33.813,61.104,44.138
4310363,Imigrante,RS,3080,169798.4,61.934,77.763,64.05,43.988,67.213,67.016,92.862,83.96,79.209,67.541,43.77,65.679,21.649,49.304,60.87,44.128
2708709,São Miguel dos Milagres,AL,8482,28913.62,55.658,60.425,64.481,42.069,62.426,76.638,85.565,17.073,71.019,65.82,53.833,67.25,23.224,24.105,76.851,44.096
2410702,Riacho da Cruz,RN,2701,13988.08,62.671,73.389,59.483,55.14,65.786,70.629,98.169,58.972,63.932,62.412,43.526,68.061,37.796,50.909,87.762,44.095
4312138,Mato Castelhano,RS,2553,66385.53,59.914,69.188,65.881,44.674,68.396,89.178,68.861,50.316,75.116,56.67,62.279,69.458,31.972,49.888,52.788,44.046
4306106,Cruz Alta,RS,58913,78811.68,63.098,70.008,64.811,54.476,72.219,79.696,82.902,45.215,66.915,74.933,50.782,66.613,43.784,64.961,65.119,44.042
3167202,Sete Lagoas,MG,227397,56078.82,65.141,78.058,70.022,47.342,68.175,87.908,91.294,64.854,75.046,77.575,61.053,66.412,34.473,60.217,50.653,44.024
4310538,Itaara,RS,5572,51821.72,56.218,62.791,63.954,41.909,77.872,69.744,76.492,27.056,65.899,73.879,51.577,64.463,17.132,50.585,55.948,43.969
3147105,Pará de Minas,MG,97139,41741.03,64.258,82.914,70.498,39.363,75.245,94.417,95.556,66.44,74.316,75.164,60.497,72.015,29.422,52.242,31.821,43.965
2806701,São Cristóvão,SE,95612,10869.68,61.992,73.29,65.93,46.755,71.768,84.459,89.762,47.171,68.516,68.649,59.829,66.726,34.279,41.855,66.936,43.951
4204004,Catanduvas,SC,10566,50606,62.965,83.136,66.373,39.387,79.994,89.121,95.86,67.57,73.594,71.404,55.975,64.519,22.018,44.602,46.984,43.945
5107602,Rondonópolis,MT,244911,71135.65,64.148,73.41,67.343,51.69,69.192,87.71,95.157,41.58,69.649,75.03,55.33,69.364,63.316,55.158,44.344,43.942
4218806,Turvo,SC,13043,56981.69,64.666,76.387,68.718,48.892,68.712,75.247,92.718,68.872,74.324,65.816,68.479,66.253,25.796,50.125,75.709,43.936
2209609,São Félix do Piauí,PI,2842,11382.99,63.945,79.135,61.105,51.595,64.187,82.547,88.755,81.051,73.651,37.903,61.591,71.276,33.479,33.481,95.521,43.897
4105508,Cianorte,PR,79527,38503.39,66.246,81.455,71.104,46.178,76.183,90.726,95.27,63.642,79.349,72.433,59.158,73.478,39.901,57.853,43.09,43.868
3202504,Ibiraçu,ES,11723,24876.52,64.868,80.48,70.436,43.689,83.705,85.623,94.15,58.441,77.83,66.706,71.317,65.89,23.856,42.35,64.759,43.79
3106705,Betim,MG,411846,81037.06,62.603,76.027,70.715,41.067,72.514,85.177,88.69,57.726,73.833,75.526,62.005,71.498,24.979,54.596,40.949,43.745
3533403,Nova Odessa,SP,62019,65300.05,69.002,84.427,75.418,47.161,76.65,91.381,96.102,73.575,84.526,79.681,61.991,75.476,31.202,54.888,58.837,43.718
3513405,Cruzeiro,SP,74961,42763.63,60.295,70.497,71.206,39.182,71.676,87.543,89.624,33.146,80.722,71.842,62.078,70.183,30.045,53.324,29.652,43.707
3517901,Guaraci,SP,10350,36540.46,62.914,80.958,69.713,38.07,76.674,92.956,94.052,60.149,82.26,70.447,53.002,73.144,33.417,36.909,38.259,43.696
4315313,Quatro Irmãos,RS,1552,120695.57,50.671,58.76,52.851,40.402,62.92,80.172,88.489,3.458,62.827,56.363,27.939,64.275,19.238,48.667,50.01,43.694
2103174,Centro Novo do Maranhão,MA,16267,12434.43,53.013,61.917,55.217,41.904,73.788,38.483,76.064,59.331,61.452,48.035,60.214,51.169,35.153,15.336,73.438,43.691
3303401,Nova Friburgo,RJ,189939,33542.91,64.736,78.81,70.72,44.679,71.08,79.918,92.701,71.542,72.787,76.118,60.602,73.373,33.36,52.382,49.289,43.685
2404101,Galinhos,RN,2104,77853.66,59.456,71.249,59.582,47.537,70.03,35.419,92.128,87.418,57.951,58.461,55.076,66.84,31.104,32.506,82.864,43.674
3512001,Colina,SP,18486,84005.58,64.01,79.251,71.279,41.501,72.751,88.312,97.761,58.179,80.097,70.828,59.987,74.205,24.069,58.045,40.257,43.635
4219705,Xaxim,SC,31918,47055,60.548,74.068,66.183,41.395,76.533,73.209,93.414,53.114,71.306,65.265,59.388,68.771,25.828,44.944,51.179,43.63
2110708,São Domingos do Maranhão,MA,34034,10535.57,53.924,56.33,60.175,45.266,62.937,53.815,78.435,30.135,74.649,49.4,53.529,63.121,22.983,32.789,81.689,43.604
4300034,Aceguá,RS,4170,110688.02,55.156,69.334,56.876,39.259,62.464,53.152,86.269,75.449,72.765,58.004,53.946,42.788,31.504,42.323,39.656,43.552
5000203,Água Clara,MS,16741,74323.29,57.865,76.249,59.29,38.056,72.203,78.003,93.418,61.374,69.856,63.593,54.389,49.322,13.287,39.752,55.647,43.538
3139003,Machado,MG,37684,36723.25,63.646,82.53,70.131,38.276,74.073,89.982,95.833,70.232,75.601,70.551,63.434,70.939,24.785,53.695,31.104,43.52
4323770,Westfália,RS,3098,86111.14,67.831,87.58,65.995,49.919,77.47,91.337,97.554,83.96,77.257,64.041,62.522,60.162,19.788,67.779,68.599,43.508
5102637,Campo Novo do Parecis,MT,45899,151656.88,59.337,70.228,62.429,45.355,71.477,72.351,92.052,45.034,66.118,66.38,65.56,51.656,31.673,47.022,59.219,43.508
2208908,Ribeiro Gonçalves,PI,6164,113714.27,54.033,64.365,52.25,45.484,63.193,59.801,65.001,69.466,70.318,49.488,50.756,38.438,15.363,37.995,85.074,43.504
2106755,Miranda do Norte,MA,23864,33288.26,55.053,59.053,63.076,43.031,64.816,32.107,85.648,53.643,72.55,55.303,61.003,63.447,27.835,28.155,72.675,43.459
4205902,Gaspar,SC,72570,57697.89,61.978,77.831,70.04,38.062,73.068,79.756,88.308,70.192,69.683,74.868,65.122,70.488,29.594,47.535,31.659,43.458
4306924,Engenho Velho,RS,1296,56903.9,53.613,60.803,58.095,41.94,50.447,85.746,41.939,65.081,59.277,61.794,40.233,71.076,29.431,34.709,60.165,43.453
4211702,Orleans,SC,23661,50578.8,61.882,80.364,68.421,36.861,72.882,86.029,86.662,75.885,74.266,72.187,58.841,68.391,21.432,45.398,37.164,43.45
4312609,Muçum,RS,4601,66084.44,60.665,79.584,63.438,38.973,76.932,74.934,86.741,79.726,71.311,60.431,56.547,65.466,26.323,42.733,43.407,43.427
2205516,Juazeiro do Piauí,PI,5214,10829.92,59.581,68.359,62.334,48.05,63.824,57.757,77.316,74.538,73.832,42.273,69.481,63.749,39.181,41.548,68.081,43.39
4304705,Carazinho,RS,61804,62697.06,61.294,70.198,66.013,47.672,67.831,76.922,75.754,60.284,71.204,72.379,50.489,69.98,17.808,56.998,72.497,43.385
4313201,Nova Petrópolis,RS,23300,42050.84,64.831,76.724,72.961,44.807,76.915,73.787,88.279,67.914,80.073,76.162,65.287,70.322,21.871,58.92,55.106,43.332
2400703,Alto do Rodrigues,RN,12484,49729.75,59.758,72.645,60.74,45.888,72.61,65.312,94.351,58.309,64.037,67.255,52.364,59.304,19.806,41.136,79.283,43.327
3150703,Pirajuba,MG,5537,73464.32,62.36,81.218,66.772,39.09,70.935,87.17,94.881,71.889,68.14,72.86,61.171,64.918,36.686,36.393,39.964,43.316
3515186,Espírito Santo do Pinhal,SP,39816,52263.02,63.6,77.416,70.925,42.458,66.548,85.746,89.792,67.577,79.536,76.394,53.356,74.415,26.776,58.728,41.015,43.314
3529302,Matão,SP,79033,68271.15,67.991,80.733,72.168,51.073,72.589,93.577,92.893,63.871,83.701,76.69,56.659,71.623,25.154,56.412,79.453,43.274
1502152,Canaã dos Carajás,PA,77079,457258.58,56.906,68.316,62.271,40.13,64.95,65.093,85.156,58.067,58.668,70.791,59.699,59.924,30.811,36.557,49.889,43.263
3524105,Ituverava,SP,37571,51132.94,62.786,79.741,69.301,39.314,65.672,92.814,94.06,66.419,78.838,75.75,55.074,67.544,30.454,57.52,26.03,43.253
3201209,Cachoeiro de Itapemirim,ES,185786,33327.79,64.541,75.769,70.752,47.101,69.815,92.281,85.758,55.22,77.761,74.948,57.904,72.394,51.458,54.66,39.039,43.249
4212270,Passos Maia,SC,4034,43741.39,58.085,69.137,58.436,46.682,70.267,43.396,81.282,81.603,69.509,50.552,55.192,58.491,30.171,25.758,87.58,43.217
5101803,Barra do Garças,MT,69210,37364.35,62.058,76.907,63.434,45.834,69.353,84.192,91.619,62.463,68.225,67.578,60.528,57.405,45.598,52.079,42.446,43.213
4118204,Paranaguá,PR,145829,94267.79,59.869,64.113,67.074,48.418,67.578,77.218,84.773,26.884,72.086,77.913,49.853,68.445,61.393,53.52,35.551,43.209
4102406,Bandeirantes,PR,31273,33289.76,62.545,75.153,70.121,42.362,61.694,86.107,94.722,58.088,76.687,73.705,57.037,73.055,25.418,52.081,48.744,43.204
3536208,Pariquera-Açu,SP,19233,30692.14,59.957,73.684,72.099,34.088,67.606,75.701,92.102,59.326,79.866,75.759,56.34,76.43,25.192,36.016,31.948,43.197
2517100,Várzea,PB,2668,14181.11,60.968,73.101,66.877,42.926,79.337,76.095,90.079,46.891,75.235,65.62,63.168,63.487,21.283,36.565,70.667,43.189
3305802,Teresópolis,RJ,165123,36137.86,61.212,73.963,69.537,40.136,71.138,75.576,86.227,62.911,74.473,78.699,55.758,69.218,16.613,58.341,42.404,43.186
3303906,Petrópolis,RJ,278881,56582.58,60.371,73.185,68.609,39.319,67.524,80.736,77.274,67.204,70.175,79.894,54.062,70.304,33.72,57.364,23.018,43.174
3533205,Nova Independência,SP,4609,46585.17,64.756,83.591,67.287,43.391,65.114,92.1,93.991,83.16,82.007,73.591,48.965,64.584,22.727,48.624,59.053,43.162
4303301,Caibaté,RS,4704,56728.08,59.915,72.271,61.201,46.273,62.165,65.076,87.696,74.146,68.445,69.307,45.143,61.91,28.517,50.856,62.57,43.149
3531308,Monte Alto,SP,47574,51562.14,66.269,83.497,69.825,45.485,72.226,96.209,97.569,67.983,81.347,70.271,58.357,69.324,29.75,62.045,47.001,43.144
4123501,Santa Helena,PR,25492,57899.72,61.447,75.734,66.392,42.215,76.45,73.154,89.924,63.406,78.803,59.904,52.244,74.618,23.128,49.825,52.768,43.138
5006259,Novo Horizonte do Sul,MS,4721,60050.95,61.021,78.369,59.203,45.491,79.789,69.595,88.212,75.881,62.684,62.616,58.071,53.441,30.542,31.189,77.112,43.121
4306809,Encantado,RS,22962,51253.55,66.252,82.05,67.807,48.899,75.473,84.932,95.365,72.429,70.664,72.859,58.888,68.816,39.979,58.843,53.661,43.114
3122306,Divinópolis,MG,231091,36315.41,65.985,80.124,74.107,43.724,75.947,87.913,97.241,59.396,79.435,78.636,63.897,74.461,21.776,66.291,43.735,43.095
3506201,Bento de Abreu,SP,2606,81349.33,64.133,84.804,67.186,40.407,63.508,93.379,96.641,85.689,85.008,69.296,49.013,65.427,12.63,45.119,60.788,43.092
4122305,Rio Negro,PR,31324,41753.78,65.573,75.536,71.704,49.478,69.248,84.67,86.941,61.285,83.339,65.823,63.297,74.357,35.849,79.069,39.919,43.075
2103125,Central do Maranhão,MA,7094,8287.15,50.504,50.103,59.845,41.565,55.842,74.42,46.952,23.197,68.674,50.697,52.818,67.192,22.93,19.282,81.034,43.013
3530706,Mogi Guaçu,SP,153658,45005.81,66.762,79.607,71.328,49.35,70.861,88.025,93.46,66.08,78.212,76.14,56.956,74.004,19.148,59.048,76.201,43.003
4114401,Mangueirinha,PR,16603,107586.9,56.876,70.411,62.971,37.247,73.708,66.456,80.216,61.265,73.441,56.458,54.017,67.97,47.52,34.353,24.147,42.967
3163706,São Lourenço,MG,44798,26486.02,64.464,78.072,72.81,42.51,66.412,91.219,95.755,58.902,77.997,81.204,61.382,70.656,37.808,61.672,27.607,42.953
4112801,Joaquim Távora,PR,11945,57273.16,62.13,76.109,65.947,44.333,62.067,92.688,93.819,55.863,79.495,67.449,49.96,66.886,22.396,55.234,56.778,42.923
2502052,Bernardino Batista,PB,3504,11509.49,54.514,62.121,58.68,42.741,70.146,43.032,85.229,50.076,64.94,58.341,43.874,67.564,39.35,31.501,57.243,42.871
4125902,São Pedro do Paraná,PR,2661,34195.2,60.438,77.391,57.834,46.09,65.921,73.055,86.627,83.96,71.299,52.561,37.571,69.907,35.072,35.417,71.015,42.857
4121802,Ribeirão Claro,PR,12364,31262.23,63.556,76.813,64.338,49.518,64.234,81.814,89.191,72.014,77.904,63.643,51.237,64.567,18.145,58.897,78.187,42.844
5216403,Paraúna,GO,10659,147415.74,59.786,71.084,62.107,46.168,63.105,84.472,90.805,45.955,78.627,66.337,49.13,54.333,26.429,52.969,62.434,42.839
4116059,Missal,PR,11064,42468.29,60.501,70.285,65.837,45.382,59.982,69.651,96.164,55.342,76.73,70.76,52.219,63.639,24.047,59.25,55.405,42.828
4208955,Jardinópolis,SC,1776,38179.85,62.526,81.407,65.595,40.576,76.52,73.175,89.38,86.553,77.368,61.531,61.484,61.997,24.844,31.852,62.785,42.823
4301602,Bagé,RS,117938,32014.89,65.343,78.169,63.59,54.271,67.857,84.071,92.13,68.618,67.521,71.041,53.479,62.317,47.726,59.172,67.364,42.822
4203907,Capinzal,SC,23314,46256.17,65.501,82.25,68.349,45.905,78.906,87.029,96.013,67.051,75.323,69.396,63.793,64.884,22.891,51.273,66.635,42.82
3203130,João Neiva,ES,14079,46237.14,64.881,78.797,71.053,44.793,70.691,89.895,95.045,59.557,77.021,72.248,63.508,71.435,34.478,60.137,41.75,42.806
4315149,Presidente Lucena,RS,3077,69994.42,70.144,86.4,69.471,54.562,81.719,93.132,86.789,83.96,77.547,81.431,53.509,65.399,18.927,69.659,86.861,42.8
4123105,Santa Amélia,PR,3394,29936.16,59.858,78.646,63.797,37.131,74.618,75.417,92.106,72.441,66.866,65.374,51.734,71.214,25.946,32.055,47.761,42.762
3140803,Matias Barbosa,MG,14121,44812.05,62.817,80.102,69.201,39.147,73.591,85.664,92.099,69.055,67.219,74.655,65.643,69.287,23.959,51.938,37.941,42.75
3114550,Carneirinho,MG,9422,43563.53,61.273,81.652,64.568,37.599,70.07,80.636,93.499,82.404,75.404,63.015,63.128,56.723,22.273,46.019,39.4,42.703
3147402,Paraopeba,MG,24107,38378.56,60.525,73.372,65.387,42.816,70.884,79.331,89.41,53.866,72.471,68.496,54.908,65.674,28.805,46.242,53.518,42.701
4101606,Arapoti,PR,25777,56564.09,62.348,82.719,66.546,37.777,76.671,91.787,94.194,68.225,79.552,66.307,45.048,75.276,26.921,54.275,27.222,42.69
3523602,Itirapina,SP,16148,79420.25,63.522,82.705,69.095,38.765,75.109,85.25,88.059,82.403,82.736,68.217,59.018,66.411,31.697,36.288,44.404,42.672
3113800,Carmésia,MG,2605,15385.2,55.334,71.423,58.491,36.088,71.073,67.299,81.034,66.287,74.028,47.681,59.212,53.043,27.245,32.055,42.398,42.652
4305405,Chiapetta,RS,3913,100095.45,63.013,74.958,66.379,47.704,59.444,64.417,92.013,83.96,79.225,64.227,51.838,70.225,15.009,51.485,81.689,42.63
4213500,Porto Belo,SC,27688,53547.56,67.684,83.758,70.445,48.849,77.393,90.38,91.682,75.578,70.135,81.402,65.982,64.26,30.234,53.684,68.852,42.624
4203253,Capão Alto,SC,2625,90181.94,56.178,75.097,50.856,42.58,75.446,59.036,87.903,78.003,70.456,53.152,39.521,40.296,18.628,22.815,86.264,42.614
4122404,Rolândia,PR,71670,50246.8,63.766,82.736,72.365,36.199,71.275,86.589,96.633,76.446,76.47,74.751,66.63,71.61,25.065,48.143,28.974,42.613
4124806,São João,PR,11886,75479.36,58.391,68.455,66.303,40.414,75.96,82.191,89.297,26.37,77.979,64.725,51.727,70.783,22.062,60.605,36.394,42.594
3304524,Rio das Ostras,RJ,156491,57603.3,61.444,71.788,72.815,39.729,70.299,60.796,93.532,62.526,74.498,80.381,61.986,74.397,32.601,59.888,23.833,42.594
2918357,João Dourado,BA,24854,12042.82,58.573,71.299,60.911,43.51,67.263,69.766,95.039,53.127,64.827,58.624,53.096,67.098,14.997,30.15,86.31,42.581
4317301,Santa Vitória do Palmar,RS,30983,57077.69,59.988,72.377,58.772,48.813,65.539,85.668,89.307,48.996,60.404,67.339,48.817,58.527,31.06,52.188,69.486,42.519
4126355,Serranópolis do Iguaçu,PR,5007,58613.11,66.141,80.213,70.828,47.381,69.585,73.92,96.341,81.004,85.945,66.643,62.433,68.293,19.168,48.853,79.003,42.499
3549003,São Francisco,SP,2602,19808.43,69.202,89.158,70.1,48.349,78.922,93.036,97.258,87.418,84.58,69.388,57.717,68.716,31.755,41.393,77.756,42.492
4209458,Lajeado Grande,SC,1702,35303.44,64.241,79.381,66.591,46.752,73.883,70.432,89.251,83.96,72.71,67.958,60.644,65.051,23.966,34.19,86.364,42.487
5104526,Ipiranga do Norte,MT,7815,248104.76,59.452,74.745,58.815,44.796,88.238,61.703,88.236,60.801,74.139,57.66,63.227,40.232,28.775,45.205,62.753,42.452
3502507,Aparecida,SP,32569,32198.31,61.379,75.959,71.13,37.048,69.134,88.592,92.809,53.299,79.998,78.277,55.466,70.779,17.793,53.932,34.023,42.444
3555901,Uru,SP,1387,33691.9,69.247,88.483,65.252,54.006,74.26,94.958,98.16,86.553,84.249,60.499,52.803,63.457,21.258,58.914,93.43,42.423
2515005,São Miguel de Taipu,PB,7066,11778.82,53.643,56.031,57.104,47.792,65.736,47.275,84.438,26.676,62.256,56.154,42.031,67.974,24.447,38.713,85.595,42.414
3115359,Catas Altas,MG,5473,926200.29,64.987,82.812,71.076,41.072,69.503,81.457,93.734,86.553,77.631,73.284,61.683,71.704,18.175,53.067,50.64,42.408
2702900,Girau do Ponciano,AL,36102,15332.52,53.986,63.631,59.265,39.063,73.295,34.598,87.917,58.712,60.703,49.407,59.515,67.436,15.826,39.616,58.444,42.365
2903201,Barreiras,BA,159734,44181.36,63.311,73.019,64.52,52.394,69.831,87.812,93.872,40.56,61.082,69.175,61.086,66.736,55.363,46.601,65.269,42.344
3164704,São Sebastião do Paraíso,MG,71796,31378.46,62.964,80.899,69.284,38.709,70.122,89.198,96.049,68.227,76.03,73.896,58.35,68.862,28.112,54.031,30.352,42.342
1712454,Luzinópolis,TO,2717,26389.26,56.668,64.49,63.638,41.875,75.969,66.014,85.25,30.727,73.787,61.038,58.438,61.289,31.827,35.694,57.648,42.331
4128005,Ubiratã,PR,24749,69760.89,60.57,74.182,71.477,36.051,58.928,84.714,95.008,58.077,79.894,72.137,60.934,72.943,27.238,32.118,42.52,42.328
4110409,Indianópolis,PR,4448,114919.61,61.118,78.901,70.554,33.899,57.358,95.686,95.516,67.045,70.085,69.285,70.709,72.135,21.013,36.659,35.617,42.308
4301073,Arroio do Padre,RS,2599,29759.34,64.037,73.616,68.339,50.155,88.35,34.152,85.41,86.553,68.917,66.831,71.425,66.182,14.977,47.321,96.089,42.233
4104006,Campina Grande do Sul,PR,47825,45833.85,59.268,73.719,67.162,36.921,63.171,86.536,92.321,52.849,75.776,70.666,54.983,67.222,24.963,45.473,35.04,42.21
1712009,Lajeado,TO,3357,19325.34,60.294,67.344,62.876,50.663,71.891,63.268,85.494,48.723,73.839,58.309,56.353,63.002,35.609,44.804,80.033,42.206
4314308,Pejuçara,RS,3745,124859.74,60.491,71.794,64.845,44.832,74.534,74.097,88.613,49.93,70.985,65.872,60.721,61.804,33.497,55.886,47.742,42.205
4202859,Braço do Trombudo,SC,4026,62579.2,63.262,75.823,65.277,48.685,65.397,78.154,97.545,62.196,74.754,64.943,51.155,70.254,22.021,41.644,88.873,42.202
4316436,Saldanha Marinho,RS,2575,99457.48,63.244,78.629,64.304,46.799,65.096,73.063,91.531,84.824,74.745,68.569,49.879,64.022,22.314,56.749,65.934,42.198
4315354,Quinze de Novembro,RS,3910,65724.39,65.407,80.419,64.553,51.248,67.117,78.584,91.153,84.824,76.4,58.863,49.153,73.795,16.632,67.252,78.913,42.194
4304002,Campo Novo,RS,4975,65952.94,57.298,70.857,64.142,36.894,57.946,84.119,80.979,60.385,72.233,66.584,48.871,68.878,12.505,49.421,43.477,42.172
3104205,Arcos,MG,41416,57070.93,65.335,82.831,68.98,44.194,69.95,88.044,98.544,74.785,81.406,71.527,62.244,60.742,31.598,59.833,43.176,42.169
3526001,Junqueirópolis,SP,20448,39797.36,65.533,79.269,69.835,47.496,69.335,91.276,94.241,62.226,86.683,63.115,59.082,70.46,27.628,49.445,70.747,42.165
3118502,Consolação,MG,1563,20269.09,60.227,78.212,67.202,35.267,61.775,72.407,92.113,86.553,79.475,66.932,52.901,69.5,33.151,30.915,34.843,42.157
3160900,São Brás do Suaçuí,MG,3989,20329.08,64.664,80.207,70.863,42.921,70.949,78.013,91.825,80.04,81.594,78.743,60.395,62.719,35.044,57.601,36.9,42.141
4124608,São Carlos do Ivaí,PR,6587,60564.01,57.933,74.345,61.916,37.539,60.555,95.385,77.839,63.601,66.774,59.864,49.786,71.24,19.13,38.142,50.776,42.11
4206900,Ibirama,SC,19862,30383.37,62.765,81.259,69.783,37.252,77.847,86.207,94.272,66.708,74.706,70.644,59.167,74.616,34.949,53.801,18.173,42.087
3166600,Serra da Saudade,MG,833,26471.55,59.715,78.91,57.457,42.778,68.699,77.096,94.409,75.438,68.856,55.346,51.33,54.297,19.899,52.923,56.207,42.082
3538006,Pindamonhangaba,SP,165428,83678.81,64.13,81.928,71.931,38.53,73.636,92.225,93.416,68.434,81.673,76.118,59.607,70.325,16.908,65.096,30.04,42.079
4115358,Maripá,PR,6555,73474.2,62.372,76.397,68.977,41.743,77.647,75.417,92.184,60.339,82.366,67.413,60.9,65.23,27.369,59.394,38.153,42.056
2512747,Riachão,PB,2927,12558.38,56.25,65.856,60.241,42.654,73.945,35.209,91.819,62.452,60.389,57.685,60.715,62.175,26.002,14.984,87.586,42.044
1703883,Carmolândia,TO,2201,31679.84,60.256,77.278,63.804,39.688,72.071,75.354,89.43,72.256,70.927,63.997,60.343,59.947,24.109,34.11,58.49,42.043
3205010,Sooretama,ES,26502,25371.74,56.842,58.831,66.684,45.012,69.832,72.923,86.454,6.116,77.473,72.326,52.175,64.762,35.24,29.286,73.489,42.034
4321907,Três Passos,RS,25436,40909.31,59.594,71.983,67.3,39.499,69.06,71.097,90.648,57.125,76.895,66.059,53.683,72.563,36.379,51.045,28.557,42.015
2509602,Monte Horebe,PB,4338,11162.96,61.312,72.178,62.258,49.498,67.971,64.223,87.057,69.463,59.46,55.641,65.999,67.935,30.602,32.836,92.563,41.992
2204402,Gilbués,PI,10892,38554.66,52.659,62.658,49.725,45.593,67.723,43.581,66.244,73.083,48.176,43.142,53.651,53.932,35.552,22.297,82.532,41.992
1502772,Curionópolis,PA,19950,185168.55,53.153,57.691,58.157,43.611,55.562,64.702,84.544,25.958,58.438,62.81,58.603,52.776,32.422,35.798,64.276,41.946
3145059,Nova Porteirinha,MG,6706,17462.82,58.446,75.381,60.214,39.743,72.45,68.763,89.468,70.843,74.739,52.944,53.77,59.403,24.489,34.308,58.231,41.942
4125506,São José dos Pinhais,PR,329628,82537.98,64.191,80.117,72.261,40.196,72.974,90.287,90.318,66.889,74.351,77.947,58.881,77.865,26.46,55.532,36.849,41.942
3529609,Meridiano,SP,4572,86771.01,64.625,81.651,67.351,44.873,74.9,91.603,93.243,66.858,83.436,61.856,60.455,63.656,25.767,55.639,56.149,41.935
3146503,Pains,MG,8142,65746.43,62.985,84.903,68.751,35.3,74.271,91.712,96.187,77.441,80.034,67.033,64.265,63.674,27.876,39.333,32.085,41.907
4310108,Igrejinha,RS,32808,57994.05,60.751,76.572,66.701,38.978,72.853,80.743,89.756,62.937,71.583,70.637,56.733,67.852,21.794,47.198,45.018,41.902
2930709,Simões Filho,BA,114559,55697.06,56.003,60.891,61.273,45.844,60.329,74.567,85.591,23.075,54.228,69.925,52.17,68.771,43.799,41.908,55.774,41.897
2512606,Quixaba,PB,1743,15456.82,50.958,66.805,53.979,32.09,77.472,51.157,93.365,45.227,68.188,54.878,29.357,63.494,29.086,14.038,43.343,41.893
4217808,Taió,SC,18310,46463.49,61.194,74.662,64.057,44.864,69.965,68.966,92.312,67.406,73.48,57.24,58.894,66.613,29.576,40.926,67.074,41.881
1503903,Juruti,PA,50881,28740.67,53.335,66.923,56.048,37.035,71.958,59.143,73.005,63.586,61.543,47.879,57.776,56.996,23.501,30.643,52.129,41.865
3517406,Guaíra,SP,39279,69365.06,65.371,78.37,70.53,47.213,67.403,92.525,83.276,70.274,79.279,77.952,56.399,68.49,28.8,57.51,60.682,41.862
1301605,Fonte Boa,AM,25871,8673.78,49.25,58.593,47.539,41.617,68.038,60.977,69.07,36.289,42.25,26.489,61.733,59.685,31.672,24.621,68.324,41.85
5218805,Rio Verde,GO,225696,72776.24,63.567,78.931,72.381,39.389,74.323,85.66,92.264,63.478,80.658,73.848,61.727,73.29,24.637,46.746,44.325,41.848
3103108,Antônio Prado de Minas,MG,1538,18712.33,57.674,74.819,63.552,34.651,50.46,68.191,93.206,87.418,74.078,58.822,51.44,69.869,19.836,40.666,36.259,41.842
3534757,Ouroeste,SP,10294,53695.92,62.035,83.026,69.7,33.377,66.334,94.222,94.668,76.882,83.128,68.428,56.246,70.998,31.041,54.726,5.915,41.827
3134400,Iturama,MG,38295,53066.52,61.937,78.697,68.905,38.208,66.58,88.835,98.658,60.714,73.759,71.89,59.809,70.164,24.134,45.883,41.012,41.802
3516200,Franca,SP,352536,32219.12,68.555,81.227,74.278,50.16,68.102,94.269,94.04,68.497,81.262,79.851,61.715,74.283,24.984,66.414,67.446,41.796
2208007,Picos,PI,83090,23521.76,63.168,74.236,67.798,47.471,65.099,75.396,94.36,62.089,71.355,74.607,56.072,69.16,58.307,53.833,35.951,41.792
4105300,Céu Azul,PR,11087,85656.11,61.174,75.871,68.735,38.918,71.262,86.982,94.273,50.966,76.112,70.915,57.431,70.481,21.346,45.52,47.031,41.772
4217501,Seara,SC,18620,63756.14,62.67,76.961,69.049,41.999,76.802,62.466,92.119,76.457,76.413,69.371,62.182,68.228,27.132,43.667,55.427,41.77
3546702,Santa Gertrudes,SP,23611,166204.63,66.019,84.215,71.867,41.974,80.864,94.576,93.463,67.958,82.083,73.805,66.564,65.017,30.871,53.601,41.656,41.768
3300225,Areal,RJ,11828,36402.13,61.887,78.527,64.791,42.343,64.634,82.777,90.484,76.215,71.791,66.94,55.096,65.338,21.749,47.556,58.305,41.764
4314753,Poço das Antas,RS,2171,61132.11,61.992,86.005,62.099,37.871,71.753,96.181,92.127,83.96,78.929,62.021,46.111,61.335,30.074,33.857,45.826,41.726
2702306,Coruripe,AL,50414,35614.19,60.128,73.98,64.359,42.045,70.314,86.516,93.209,45.879,73.489,61.883,50.621,71.444,36.107,36.612,53.766,41.696
4205506,Fraiburgo,SC,33481,38312.78,58.933,72.607,68.49,35.701,67.364,80.492,84.271,58.299,72.528,71.527,58.737,71.169,25.841,39.399,35.887,41.679
1100262,Rio Crespo,RO,3471,53522.43,49.826,57.21,51.01,41.258,72.312,24.766,85.986,45.776,68.271,47.398,61.698,26.674,41.578,39.511,42.268,41.674
2202554,Caridade do Piauí,PI,5033,10013.16,59.943,69.403,58.29,52.137,59.827,53.131,78.965,85.689,69.952,48.902,54.647,59.658,41.51,35.883,89.486,41.668
4320206,Seberi,RS,11950,52029.19,58.624,75.824,63.768,36.28,66.363,88.875,89.492,58.567,71.525,64.898,51.232,67.417,16.895,44.207,42.355,41.664
3553955,Tarumã,SP,14882,60716.59,64.089,84.657,68.367,39.243,72.133,95.648,95.072,75.774,80.014,66.168,60.51,66.775,20.153,56.26,38.896,41.663
3550605,São Roque,SP,79484,43731.69,62.954,71.518,70.573,46.771,74.444,63.558,79.753,68.318,77.718,75.302,59.767,69.506,21.027,69.617,54.816,41.623
4300059,Água Santa,RS,3912,140952.99,55.961,73.983,60.822,33.079,78.908,58.948,86.264,71.811,73.788,49.111,54.551,65.836,15.242,45.293,30.168,41.614
2601409,Barreiros,PE,40121,12653.4,59.028,68.445,62.073,46.566,57.262,77.08,91.577,47.859,73.623,64.421,43.631,66.615,36.648,26.525,81.477,41.612
4122701,Sabáudia,PR,8822,80536.04,60.576,73.662,68.056,40.009,67.649,79.959,95.533,51.506,77.875,65.146,57.915,71.288,22.581,38.901,56.949,41.607
3301009,Campos dos Goytacazes,RJ,483540,77452.27,62.366,71.959,66.52,48.619,66.288,76.302,88.891,56.354,66.066,71.508,57.433,71.071,46.386,56.235,50.25,41.604
4117305,Ortigueira,PR,24192,113525.07,54.343,64.494,61.733,36.802,69.076,64.348,82.14,42.414,73.929,56.435,50.059,66.512,31.622,36.902,37.104,41.581
2604700,Correntes,PE,17131,11290.51,59.505,71.056,61.723,45.735,68.664,67.064,92.202,56.293,68.935,55.286,56.252,66.42,21.842,35.122,84.399,41.578
4216255,São João do Oeste,SC,6295,56517.77,63.43,75.246,64.901,50.145,71.728,58.245,85.321,85.689,83.608,60.274,54.694,61.028,26.358,55.227,77.439,41.554
4219101,Vargeão,SC,3634,55712.23,62.777,75.044,65.408,47.881,67.818,64.013,83.52,84.824,72.615,69.572,58.442,61.003,34.874,39.321,75.776,41.552
4112603,Jardim Olinda,PR,1343,42791.12,65.591,79.388,65.011,52.373,70.906,89.03,95.781,61.834,80.017,63.771,50.832,65.425,28.228,48.101,91.623,41.541
3143906,Muriaé,MG,104108,25689.07,65.933,79.372,70.143,48.282,67.059,90.174,95.973,64.283,79.138,71.359,58.121,71.956,31.012,55.596,65.006,41.515
4300802,Antônio Prado,RS,13045,61581.59,62.284,75.78,72.097,38.976,75.607,79.911,88.072,59.53,78.27,74.01,66.423,69.683,16.329,54.887,43.194,41.496
4102703,Barra do Jacaré,PR,2814,53750.95,65.01,81.284,62.533,51.214,66.236,81.982,93.143,83.775,78.866,65.458,35.265,70.543,31.772,47.092,84.498,41.495
2806107,Rosário do Catete,SE,9295,50820.8,59.339,67.034,64.687,46.296,66.883,69.894,90.29,41.068,65.768,72.049,51.885,69.046,33.051,50.463,60.199,41.471
2702355,Craíbas,AL,25397,19065.68,55.887,66.695,57.468,43.499,70.027,43.199,86.9,66.652,54.327,51.345,55.058,69.143,22.948,29.566,80.014,41.466
4109906,Icaraíma,PR,8991,27718.96,60.191,78.817,61.115,40.64,70.319,78.774,96.472,69.705,72.134,65.441,44.331,62.555,20.693,46.247,54.165,41.453
4101408,Apucarana,PR,130134,29989.06,63.245,79.296,71.002,39.435,70.691,91.328,94.9,60.265,78.754,77.131,55.406,72.72,29.331,62.845,24.156,41.41
4108452,Foz do Jordão,PR,4926,37637.77,61.667,79.373,65.254,40.375,68.783,89.287,87.747,71.675,67.686,66.732,54.853,71.744,28.208,33.133,58.782,41.378
5101258,Araputanga,MT,14786,44631.37,60.226,72.085,62.685,45.91,74.09,75.592,96.755,41.901,70.56,63.608,55.649,60.923,27.117,37.463,77.706,41.353
5001003,Aparecida do Taboado,MS,27674,50732.01,62.185,77.947,61.692,46.916,73.772,75.316,97.274,65.427,68.263,63.179,50.931,64.393,25.998,40.027,80.31,41.327
5006200,Nova Andradina,MS,48563,63981.05,60.513,78.583,64.586,38.37,76.199,78.078,93.735,66.321,73.777,66.259,58.972,59.336,39.269,46.559,26.327,41.325
2601003,Angelim,PE,10241,13992.63,57.211,66.624,61.378,43.631,73.201,67.028,91.866,34.401,69.594,57.342,48.838,69.737,18.398,38.831,75.97,41.324
4308904,Getúlio Vargas,RS,16602,48154.12,60.383,77.459,69.146,34.546,73.672,85.378,75.68,75.105,78.892,68.608,57.957,71.126,21.654,61.295,13.914,41.321
3542602,Registro,SP,59947,39611.96,62.752,76.55,70.646,41.061,69.112,90.1,89.705,57.284,81.723,73.894,56.039,70.927,24.417,71.89,26.628,41.308
4204756,Cunhataí,SC,1968,34097.72,62.068,69.67,63.686,52.849,56.8,45.099,92.821,83.96,77.053,60.596,56.93,60.165,30.558,45.119,94.445,41.273
3502101,Andradina,SP,59783,47940.98,67.913,80.225,73.421,50.093,65.969,93.773,95.775,65.384,82.339,75.839,60.918,74.589,51.273,58.841,48.988,41.271
3129905,Ibitiúra de Minas,MG,3365,23240.64,58.147,75.411,63.59,35.441,70.85,70.968,91.587,68.237,73.587,63.781,44.512,72.48,17.126,48.572,34.797,41.269
3302205,Itaperuna,RJ,101041,33845.22,60.035,72.684,69.928,37.492,69.905,81.69,94.769,44.371,78.633,72.668,58.715,69.697,30.286,43.989,34.429,41.264
3155801,Rio Pomba,MG,17443,24106.31,61.407,76.251,67.401,40.569,60.976,83.949,97.689,62.389,72.9,67.802,59.681,69.221,28.416,47.957,44.646,41.258
3511508,Cerquilho,SP,44695,52825.07,64.956,80.915,74.105,39.848,72.571,88.78,92.615,69.695,82.3,78.36,63.876,71.883,15.729,62.436,39.989,41.24
3159704,Santa Rosa da Serra,MG,3382,30389.96,62.287,79.798,66.022,41.041,64.681,79.525,90.163,84.824,74.868,58.513,61.242,69.465,18.507,45.802,58.632,41.224
2101731,Belágua,MA,8460,7231.37,52.517,58.389,59.067,40.095,71.372,38.621,47.936,75.629,63.058,46.385,63.95,62.876,47.608,20.546,51.006,41.22
3534005,Onda Verde,SP,4771,43415.88,62.4,81.597,63.804,41.8,74.888,90.277,93.608,67.614,79.241,68.122,43.55,64.303,24.208,62.84,38.935,41.218
4308102,Feliz,RS,13764,43130.94,65.307,80.275,72.222,43.424,80.142,62.046,93.793,85.121,76.976,79.554,63.573,68.787,18.718,72.241,41.535,41.202
4314464,Pinhal da Serra,RS,2248,136542.47,59.951,80.014,62.881,36.958,83.596,79.147,77.716,79.597,70.966,57.694,66.01,56.854,15.999,31.811,58.852,41.171
5100201,Água Boa,MT,29219,68971.35,59.675,72.697,59.719,46.609,71.489,74.413,91.816,53.068,68.23,59.268,55.199,56.18,31.84,35.883,77.545,41.167
4310413,Inhacorá,RS,2014,55294.47,59.799,74.348,58.782,46.265,51.424,79.777,78.774,87.418,58.584,58.161,44.763,73.621,15.009,34.481,94.416,41.154
4120408,Presidente Castelo Branco,PR,4336,34245.64,61.52,76.897,66.846,40.818,69.18,84.384,95.383,58.64,74.09,71.572,49.933,71.79,43.507,43.126,35.488,41.151
4101903,Assaí,PR,13797,39394.36,63.736,77.236,68.119,45.852,71.718,87.513,94.078,55.637,81.473,65.224,54.471,71.309,33.108,57.65,51.505,41.147
4305603,Colorado,RS,3258,104550.51,60.136,78.161,61.313,40.934,75.302,71.777,79.877,85.689,74.46,50.941,55.102,64.748,23.244,57.002,42.347,41.143
4104907,Castro,PR,73075,50056.12,61.395,76.911,66.503,40.772,70.329,82.744,88.445,66.125,79.168,67.746,48.981,70.117,47.088,52.787,22.074,41.14
3135308,Japaraíba,MG,4506,22653.52,67.103,85.907,72.407,42.994,75.437,84.179,98.323,85.689,84.936,64.278,71.111,69.304,25.678,44.416,60.755,41.129
2701209,Cacimbinhas,AL,10482,13498.03,54.962,63.664,59.864,41.357,73.495,33.22,88.882,59.061,73.39,52.273,51.854,61.937,34.02,17.829,72.463,41.116
4317905,Santo Cristo,RS,15320,51552.98,61.432,74.237,65.793,44.265,67.139,63.724,82.792,83.293,74.723,61.882,53.08,73.488,21.063,52.94,61.945,41.113
2607000,Inajá,PE,25603,7745.86,51.462,60.791,58.831,34.765,76.796,44.842,66.037,55.488,71.108,41.058,58.05,65.11,22.425,30.133,45.418,41.085
4305439,Chuí,RS,6262,59566.3,60.991,81.017,54.863,47.094,84.682,83.942,91.438,64.006,46.636,64.821,53.158,54.837,33.705,62.879,50.737,41.054
4111902,Jaguapitã,PR,15122,69903.24,59.274,78.609,66.461,32.753,63.373,92.389,97.046,61.629,67.407,71.628,56.771,70.038,31.815,56.505,1.651,41.042
4103701,Cambé,PR,107208,47261.34,62.589,83.047,69.929,34.791,72.842,90.519,95.815,73.012,73.819,70.985,60.556,74.354,21.147,52.513,24.511,40.994
5106802,Porto dos Gaúchos,MT,5593,237516.77,52.869,72.351,44.431,41.824,67.574,74.957,96.903,49.969,65.102,56.292,40.417,15.915,25.249,41.809,59.259,40.979
4125704,São Miguel do Iguaçu,PR,29122,50851.94,58.877,74.308,65.598,36.725,74.93,84.25,93.177,44.877,75.72,60.155,54.733,71.785,27.87,52.129,25.922,40.979
4309126,Gramado dos Loureiros,RS,2014,47303.59,53.462,62.489,58.926,38.972,49.779,65.904,86.528,47.744,65.64,50.249,53.167,66.646,17.79,38.466,58.663,40.968
2311603,Redenção,CE,27214,15170.83,59.09,67.562,64.727,44.979,75.616,54.192,87.102,53.338,79.585,63.552,50.13,65.642,30.46,44.784,63.709,40.965
3103207,Araçaí,MG,2181,27710.22,60.693,80.831,65.574,35.674,62.131,84.391,92.969,83.833,73.976,61.1,61.734,65.485,23.221,59.23,19.294,40.953
5005707,Naviraí,MS,50457,60155.72,61.681,82.267,64.753,38.022,75.81,91.561,95.078,66.621,69.08,66.565,54.873,68.494,29.07,39.968,42.106,40.945
5005103,Jateí,MS,3586,134392.53,62.019,76.761,58.27,51.026,81.794,63.233,90.571,71.447,65.857,61.376,54.624,51.224,16.742,51.37,95.051,40.942
3518800,Guarulhos,SP,1291771,60336.79,65.024,80.756,72.764,41.553,73.945,89.843,90.235,69,78.928,77.534,58.9,75.695,37.443,56.146,31.689,40.933
2203909,Floriano,PI,62036,23855.49,61.853,71.833,69.358,44.368,67.415,80.77,90.596,48.551,71.882,73.782,60.913,70.855,42.632,46.437,47.473,40.931
4301057,Arroio do Sal,RS,11057,26016.25,57.709,66.811,68.392,37.923,77.289,60.268,76.157,53.531,67.557,85.499,52.811,67.7,17.097,55.951,37.723,40.922
4104501,Capanema,PR,20481,54431.48,63.545,77.216,68.41,45.01,62.607,86.276,87.992,71.99,79.914,61.075,57.181,75.47,35.84,45.463,57.823,40.915
2513653,Joca Claudino,PB,2539,13093.71,62.28,73.533,64.632,48.677,67.46,48.25,93.599,84.824,64.924,63.084,62.508,68.012,39.907,31.924,81.968,40.907
2411056,Tibau,RN,5382,21528,57.71,64.683,59.896,48.551,72.062,57.771,89.455,39.442,53.823,80.279,44.741,60.741,41.234,31.349,80.717,40.903
3526407,Laranjal Paulista,SP,26261,54125.97,64.021,80.397,71.016,40.651,73.104,85.599,96.945,65.939,77.701,78.715,56.363,71.285,29.483,52.958,39.285,40.876
4301008,Arroio do Meio,RS,21958,70487.88,64.596,79.79,72.302,41.694,80.787,85.893,87.212,65.269,78.37,78.139,61.481,71.22,19.613,64.942,41.351,40.872
4321006,Tapera,RS,10592,60890.01,58.969,75.118,67.621,34.168,64.907,83.752,86.828,64.985,76.222,69.562,50.776,73.923,13.134,49.454,33.212,40.871
4126603,Siqueira Campos,PR,22811,31202.19,64.677,78.698,66.881,48.452,65.568,89.433,91.441,68.349,76.616,61.774,53.842,75.293,40.09,43.283,69.565,40.869
1702109,Araguaína,TO,171301,30807.15,60.508,71.832,67.863,41.827,71.679,80.128,90.517,45.005,75.987,70.711,56.884,67.871,41.487,48.975,36.014,40.831
3508603,Cachoeira Paulista,SP,31564,21497.58,63.75,79.598,70.039,41.614,65.533,91.495,97.376,63.988,79.206,72.612,56.733,71.605,29.404,56.665,39.568,40.818
4117503,Paiçandu,PR,45962,23182.06,62.723,80.11,69.25,38.809,72.752,91.129,92.094,64.465,74.371,72.92,56.347,73.363,30.908,41.155,42.363,40.811
3534302,Orlândia,SP,38319,67805.41,67.625,77.356,71.688,53.83,71.64,85.694,88.313,63.778,78.501,76.885,61.74,69.627,28.681,59.255,86.577,40.809
4111506,Ivaiporã,PR,32720,29180.85,59.517,71.115,68.679,38.756,58.777,78.043,89.7,57.941,81.681,68.32,53.151,71.566,25.498,56.338,32.378,40.809
4307054,Ernestina,RS,3034,88162.99,63.352,82.375,64.973,42.707,79.09,87.649,83.954,78.806,73.561,65.736,53.561,67.036,26.565,45.836,57.63,40.795
2104099,Formosa da Serra Negra,MA,17719,11493.7,52.663,58.524,58.35,41.116,54.215,56.499,60.089,63.291,73.191,43.444,64.861,51.905,28.914,24.405,70.354,40.791
3536307,Patrocínio Paulista,SP,14512,94455.82,63.405,76.858,66.575,46.782,66.03,84.385,92.012,65.005,77.351,70.526,54.332,64.092,30.927,39.242,76.199,40.76
3505302,Barra Bonita,SP,34346,44451.09,69.537,87.586,73.967,47.057,69.959,95.272,99.013,86.098,83.154,79.716,60.981,72.019,27.399,59.647,60.425,40.756
4208609,Jaborá,SC,4310,42380.92,63.197,76.689,61.592,51.311,75.977,59.988,87.783,83.01,72.28,64.444,46.413,63.231,34.166,45.304,85.038,40.738
5102504,Cáceres,MT,89681,25436.89,55.432,65.986,60.289,40.021,70.931,73.548,89.613,29.852,65.92,66.102,50.869,58.264,41.535,51.473,26.339,40.737
2210391,São Miguel do Fidalgo,PI,2829,16900.14,57.581,70.542,59.881,42.319,65.904,48.877,83.429,83.96,72.122,50.784,52.907,63.711,26.47,13.222,88.869,40.716
3110905,Campanha,MG,15935,27805.97,59.879,79.16,64.893,35.582,69.829,82.558,94.418,69.836,63.939,68.322,57.106,70.207,22.974,43.499,35.168,40.689
3527603,Luís Antônio,SP,12265,127841.03,66.479,80.504,69.996,48.937,71.235,88.17,94.53,68.082,74.018,73.01,59.94,73.015,23.429,51.285,80.346,40.688
4311270,Lagoa dos Três Cantos,RS,1738,91073.71,62.106,79.591,59.406,47.322,83.479,62.762,88.161,83.96,82.439,56.348,35.595,63.243,33.329,45.492,69.784,40.682
4314472,Pinhal Grande,RS,3805,246684.46,56.021,75.685,58.475,33.901,59.818,81.5,83.088,78.334,69.883,51.199,53.708,59.111,28.645,57.751,8.567,40.642
4119657,Pitangueiras,PR,3046,40296.96,62.507,82.632,69.347,35.542,72.994,80.359,95.754,81.419,75.559,73.829,54.261,73.739,18.465,38.21,44.855,40.638
3547502,Santa Rita do Passa Quatro,SP,24833,33498.31,66.948,79.952,74.588,46.304,66.523,90.297,95.732,67.257,78.872,86.545,61.995,70.941,22.598,46.543,75.455,40.619
3304128,Quatis,RJ,13682,22455.9,60.531,75.401,65.894,40.3,70.422,87.563,89.073,54.546,69.944,72.541,53.653,67.436,29.521,46.923,44.141,40.615
4218301,Três Barras,SC,19746,77674.84,58.172,75.376,61.366,37.774,60.754,86.618,88.8,65.33,66.929,65.264,52.355,60.915,24.332,40.598,45.557,40.609
5212253,Lagoa Santa,GO,1390,37011.39,64.984,67.898,67.434,59.619,63.545,77.076,86.808,44.164,83.935,59.674,69.297,56.83,41.345,62.944,93.584,40.604
4305850,Coqueiros do Sul,RS,2211,86626.89,60.862,74.565,57.395,50.626,68.859,81.147,65.237,83.017,65.617,44.736,53.629,65.597,27.334,54.7,79.875,40.595
5107909,Sinop,MT,196312,49381.25,63.149,73.129,66.666,49.651,75.544,75.381,93.592,47.997,67.373,77.405,62.836,59.051,36.789,59.244,61.987,40.585
3518305,Guararema,SP,31236,49879.38,62.372,76.553,74.569,35.995,74.736,74.607,87.716,69.154,80.791,81.398,63.772,72.318,30.554,46.615,26.226,40.583
2208551,Porto Alegre do Piauí,PI,2364,16708.23,58.351,78.916,54.419,41.716,66.01,96.087,69.609,83.96,65.75,53.99,50.008,47.927,23.927,40.28,62.081,40.577
4322608,Venâncio Aires,RS,68763,54670.01,61.133,76.157,65.235,42.006,75.798,72.885,92.089,63.855,75.342,63.278,53.526,68.793,43.882,52.899,30.671,40.573
3520707,Indiaporã,SP,4035,27735.82,61.213,84.043,67.748,31.848,67.291,91.335,90.992,86.553,82.709,62.935,56.757,68.592,23.596,57.528,5.705,40.563
3557154,Zacarias,SP,2692,48714.48,66.142,80.285,69.296,48.844,78.792,89.356,97.257,55.735,81.528,69.327,58.796,67.535,26.749,43.068,85.009,40.549
3524402,Jacareí,SP,240275,67472.37,64.316,79.998,72.538,40.41,74.719,89.253,85.63,70.392,81.212,76.914,60.09,71.937,28.168,60.231,32.696,40.547
4115853,Mercedes,PR,5931,47254.79,63.888,77.917,70.761,42.986,79.613,79.989,95.796,56.271,81.499,69.144,60.441,71.961,33.265,53.304,44.84,40.534
3200300,Alfredo Chaves,ES,13836,33323.24,60.818,76.233,65.163,41.058,75.741,73.921,94.049,61.22,76.517,54.361,64.618,65.158,42.076,48.527,33.111,40.52
3535309,Palmital,SP,19594,46299.97,62.847,78.244,67.939,42.358,71.423,89.668,94.598,57.288,81.184,72.605,49.631,68.338,23.964,56.431,48.521,40.516
4204707,Cunha Porã,SC,10953,85298.53,61.588,69.817,66.354,48.593,74.107,58.027,87.729,59.403,73.625,73.836,51.242,66.711,33.529,49.973,70.365,40.503
3540606,Porto Feliz,SP,56497,66942.94,64.374,78.75,70.75,43.621,70.809,87.972,87.196,69.021,79.512,73.586,56.022,73.88,23.903,68.787,41.3,40.496
2410603,Rafael Godeiro,RN,2934,14917.58,56.346,64.82,60.773,43.446,75.249,63.879,91.68,28.472,67.256,50.272,58.797,66.768,32.264,42.444,58.586,40.489
2504603,Conde,PB,27605,46961.96,59.734,62.126,63.409,53.669,72.17,48.259,85.518,42.557,58.688,70.184,52.822,71.94,66.799,31.493,75.903,40.48
1720978,Talismã,TO,2456,60170.59,56.276,71.209,55.512,42.108,69.529,65.393,86.587,63.329,72.454,55.391,45.083,49.12,24.562,38.625,64.768,40.476
4307708,Esteio,RS,76137,49611.25,66.717,78.596,66.997,54.558,70.022,95.203,88.13,61.028,67.321,76.505,51.432,72.731,46.202,52.037,79.517,40.475
5101407,Aripuanã,MT,24626,59151.24,51.207,57.12,43.986,52.514,73.859,55.754,86.283,12.582,56.848,50.794,53.347,14.953,67.796,36.358,65.44,40.464
3510500,Caraguatatuba,SP,134873,33849.04,61.537,75.637,73.399,35.574,69.584,85.63,88.813,58.521,81.298,82.46,58.421,71.416,17.13,59.067,25.641,40.458
3306107,Valença,RJ,68088,46196.2,59.283,74.276,67.581,35.992,71.575,76.247,87.318,61.962,73.488,71.249,57.621,67.966,21.44,57.84,24.233,40.456
4310462,Ipiranga do Sul,RS,1720,104025.98,57.331,62.467,63.857,45.668,51.902,55.17,56.245,86.553,81.812,55.251,55.174,63.192,17.059,47.68,77.479,40.452
3123403,Doresópolis,MG,1461,58006.97,58.134,76.041,63.203,35.158,55.61,76.732,92.349,79.473,79.28,59.2,51.269,63.061,26.873,35.789,37.526,40.444
3127909,Grupiara,MG,1392,31984.67,63.061,83.661,68.376,37.147,69.897,78.603,98.726,87.418,79.206,66.227,63.003,65.069,27.455,42.517,38.185,40.43
2510709,Passagem,PB,2463,11802.95,63.857,76.729,65.614,49.229,83.253,68.678,94.258,60.726,74.098,56.033,63.118,69.208,23.502,38.068,94.919,40.425
5221551,Turvelândia,GO,4985,114462.62,58.823,75.789,65.606,35.074,68.184,81.587,91.691,61.692,77.755,59.705,60.448,64.515,26.175,23.725,50.023,40.372
4304952,Caseiros,RS,3000,66883.38,62.691,74.802,65.538,47.731,77.636,59.653,88.718,73.202,67.29,65.397,64.055,65.411,23.318,46.381,80.855,40.372
2707008,Pindoba,AL,2731,21921.59,56.03,63.43,64.639,40.021,66.482,41.352,87.913,57.975,75.169,54.681,61.968,66.737,23.315,13.815,82.588,40.367
3525409,Jeriquara,SP,3863,44051.32,67.269,86.374,65.383,50.048,75.12,93.555,93.157,83.665,78.573,62.305,52.611,68.045,23.745,47.169,88.924,40.355
4309704,Humaitá,RS,4681,49331.66,63.514,73.302,69.998,47.243,60.99,66.398,88.223,77.596,79.826,66.753,61.681,71.733,16.911,43.489,88.232,40.339
2104305,Godofredo Viana,MA,10186,262921.91,55.846,62.328,58.491,46.718,70.959,51.428,63.061,63.866,68.735,49.142,60.64,55.446,46.993,24.042,75.501,40.336
3148103,Patrocínio,MG,89826,41249.26,63.593,82.573,71.411,36.796,76.614,90.863,96.327,66.488,76.752,73.72,66.053,69.119,24.935,49.375,32.568,40.307
2304806,Granjeiro,CE,4841,10682.04,62.011,74.736,62.762,48.536,72.198,56.995,92.139,77.613,77.02,49.084,57.211,67.733,40.321,32.794,80.725,40.304
3555703,União Paulista,SP,1603,36191.79,60.294,82.61,64.925,33.346,69.249,84.458,97.649,79.082,81.594,64.47,45.272,68.366,20.652,36.079,36.352,40.302
3534609,Osvaldo Cruz,SP,31272,35029.06,67.483,82.878,70.398,49.173,73.282,94.787,97.855,65.589,83.828,69.668,58.722,69.375,21.475,55.415,79.504,40.298
3127107,Frutal,MG,58588,42520.17,61.808,78.539,66.684,40.201,63.471,86.22,96.727,67.736,71.234,71.794,58.182,65.528,29.162,53.834,37.553,40.256
3506508,Birigui,SP,118979,33419.38,65.541,82.627,74.543,39.453,76.686,92.741,95.725,65.355,83.983,75.967,62.853,75.368,20.585,53.871,43.101,40.255
3204302,Presidente Kennedy,ES,13696,500989.44,55.013,65.719,64.558,34.762,71.704,55.65,80.964,54.557,72.749,55.661,57.258,72.564,25.733,41.307,31.799,40.208
3147303,Paraisópolis,MG,20445,29196.18,65.524,82.593,71.26,42.72,72.286,87.776,93.822,76.489,73.9,74.499,67.302,69.339,26.411,57.557,46.71,40.202
2609204,Maraial,PE,9359,9954.61,53.499,56.962,56.983,46.552,61.908,46.017,80.192,39.733,63.789,49.567,46.486,68.089,45.859,24.52,75.643,40.186
3159308,Santa Rita de Jacutinga,MG,4755,15849.25,63.937,82.615,65.018,44.179,64.574,89.533,92.31,84.045,70.811,60.72,59.622,68.919,27.35,36.999,72.181,40.184
4307864,Fagundes Varela,RS,2566,77694,62.869,82.391,69.086,37.13,85.84,67.338,89.833,86.553,79.196,69.808,62.866,64.471,17.64,52.525,38.184,40.171
3169901,Ubá,MG,103365,34828.32,64.21,77.161,69.238,46.231,69.665,83.586,95.306,60.085,74.892,72.196,59.181,70.683,22.655,54.341,67.764,40.162
5107065,Querência,MT,26769,160279.95,56.605,66.891,54.65,48.274,78.311,72.372,69.281,47.6,64.826,56.193,63.728,33.853,43.044,45.365,64.525,40.161
3137205,Lagoa da Prata,MG,51412,38916.47,62.538,80.489,70.75,36.374,71.352,86.815,94.803,68.988,80.548,74.23,57.126,71.098,21.574,49.568,34.195,40.16
3526704,Leme,SP,98161,42092.18,66.35,81.768,70.781,46.501,75.43,91.482,94.068,66.092,81.828,74.914,54.184,72.198,34.483,58.115,53.254,40.154
3117603,Conceição do Pará,MG,5415,91916.73,61.336,77.566,67.159,39.284,73.986,65.362,90.422,80.493,70.859,61.758,68.181,67.84,20.772,40.744,55.49,40.13
4304606,Canoas,RS,347657,63729.27,62.996,74.961,66.889,47.138,70.471,88.454,89.539,51.381,62.424,78.544,57.529,69.061,46.548,60.508,41.391,40.103
3138807,Luz,MG,17875,37024.97,60.538,81.929,68.393,31.292,69.4,88.319,94.648,75.35,79.201,72.365,58.523,63.483,25.232,45.847,14.006,40.082
3550704,São Sebastião,SP,81595,197628.63,61.736,73.354,75.111,36.744,74.324,68.262,85.787,65.041,81.327,85.66,62.193,71.264,20.901,62.887,23.112,40.077
3500709,Agudos,SP,37680,70538.35,64.016,79.841,70.111,42.096,70.545,91.567,89.094,68.157,77.312,75.314,57.082,70.737,30.179,43.242,54.924,40.04
3530607,Mogi das Cruzes,SP,451505,43737.35,64.038,78.017,72.789,41.308,71.941,83.253,88.894,67.981,81.119,76.988,60.836,72.213,36.879,56.864,31.462,40.029
3114709,Carvalhópolis,MG,3341,21522.93,61.285,83.528,66.929,33.398,70.226,80.071,96.399,87.418,75.501,68.24,54.215,69.762,19.201,29.385,44.98,40.026
3136207,João Monlevade,MG,80187,60940.74,62.948,81.175,71.15,36.52,70.255,91.364,89.709,73.373,75.586,76.945,66.547,65.522,22.273,53.624,30.156,40.025
2401651,Bodó,RN,2306,125180.83,58.425,79.819,57.784,37.674,76.735,73.308,86.071,83.163,54.843,49.44,55.779,71.073,20.888,37.343,52.439,40.024
3507456,Borebi,SP,2713,27454.03,64.156,84.828,66.599,41.042,77.778,90.697,86.876,83.96,79.064,63.017,63.84,60.473,33.467,54.326,36.355,40.022
4205555,Frei Rogério,SC,2411,42653.79,60.338,74.977,61.882,44.154,79.201,57.041,77.112,86.553,77.598,44.133,61.02,64.777,10.269,38.197,88.133,40.017
4310876,Jacuizinho,RS,2040,110618.33,55.841,70,57.504,40.019,76.388,50.159,69.493,83.96,60.615,51.285,59.818,58.298,43.406,22.527,54.13,40.014
3535804,Paranapanema,SP,19395,49087.11,67.161,83.223,69.965,48.293,73.94,82.803,94.205,81.944,79.12,72.547,55.611,72.583,15.19,52.921,85.078,39.984
3501707,Américo Brasiliense,SP,33019,37536.76,62.271,80.94,69.968,35.905,71.468,98.067,94.807,59.416,80.34,77.344,53.123,69.067,21.906,51.243,30.49,39.981
4115903,Mirador,PR,2238,57002.02,55.325,73.332,59.481,33.163,56.204,79.656,94.204,63.262,74.439,58.904,42.77,61.809,27.908,35.972,28.791,39.98
3172004,Visconde do Rio Branco,MG,39160,34768.8,56.425,66.082,67.636,35.557,53.789,83.071,96.765,30.703,67.451,70.744,57.771,74.576,31.824,41.994,28.467,39.944
2506509,Gurjão,PB,3242,11907.39,63.556,80.418,60.535,49.716,77.427,67.979,93.854,82.413,70.087,61.451,43.622,66.979,20.69,47.921,90.337,39.916
4219002,Urussanga,SC,20919,52323.45,66.725,83.781,70.713,45.681,71.771,89.252,88.296,85.806,76.965,69.358,65.573,70.959,28.192,58.452,56.168,39.91
3205101,Viana,ES,73423,57998.57,61.749,75.066,68.674,41.506,69.204,77.663,92.245,61.153,73.247,66.293,58.195,76.959,21.624,46.675,57.833,39.893
3302601,Mangaratiba,RJ,41220,78489.73,56.45,66.901,66.608,35.841,67.456,62.206,81.453,56.49,67.802,76.848,58.471,63.309,31.937,46.357,25.18,39.89
2301505,Arneiroz,CE,7429,9521.69,55.787,67.6,60.82,38.941,79.513,54.929,88.472,47.486,77.783,51.297,49.987,64.211,28.315,31.508,56.05,39.889
4304655,Capão do Cipó,RS,3119,208295.04,58.084,77.252,56.196,40.805,82.684,78.201,82.578,65.547,59.895,59.983,51.964,52.941,25.633,38.233,59.467,39.887
5211503,Itumbiara,GO,107970,49673.04,64.821,74.715,71.566,48.181,66.615,86.801,80.973,64.471,83.291,74.431,57.6,70.943,52.817,50.105,49.922,39.879
2208874,Ribeira do Piauí,PI,4055,54001.71,58.731,73.862,59.87,42.462,56.882,76.725,75.29,86.553,64.122,41.038,72.189,62.13,19.992,30.011,80.021,39.825
5220280,São Patrício,GO,2143,25123.74,57.139,75.842,52.284,43.291,71.936,67.583,94.344,69.505,80.065,24.712,39.936,64.424,21.888,33.301,78.156,39.821
5221601,Uruaçu,GO,42546,30775.28,62.252,74.592,69.725,42.439,69.674,81.83,93.697,53.165,80.112,70.829,59.806,68.151,29.148,51.387,49.409,39.814
3107406,Bom Despacho,MG,51737,35319.77,63.062,80.904,69.361,38.919,72.159,89.54,96.695,65.224,75.448,74.06,60.632,67.306,45.78,46.665,23.431,39.799
2202251,Canavieira,PI,3414,12376.75,49.343,61.951,53.015,33.062,62.121,59.474,57.937,68.27,63.957,42.98,56.656,48.465,19.058,12.268,61.13,39.794
3516507,Gabriel Monteiro,SP,2763,34161.8,70.419,90.826,71.661,48.77,86.812,93.459,96.478,86.553,89.855,68.445,57.817,70.525,24.91,35.088,95.297,39.784
5000856,Angélica,MS,10729,111238.44,61.03,77.376,62.8,42.914,67.225,74.667,93.719,73.893,70.458,67.543,47.191,66.006,21.562,30.879,79.445,39.77
4108809,Guaíra,PR,32097,35776.9,62.038,75.828,67.758,42.529,77.483,84.363,92.524,48.943,77.979,69.806,52.205,71.043,25.193,63.704,41.473,39.745
3549706,São José do Rio Pardo,SP,52205,45829.05,64.306,77.355,72.102,43.461,60.137,91.392,88.566,69.322,79.768,76.031,60.85,71.758,37.619,57.875,38.608,39.744
3133105,Itanhandu,MG,15236,31088.32,65.32,81.842,70.846,43.271,67.511,95.897,95.769,68.19,77.484,70.825,63.134,71.943,21.455,55.226,56.666,39.739
2201903,Bom Jesus,PI,28796,49329.05,54.469,61.549,62.793,39.065,58.181,78.094,82.824,27.098,69.644,61.226,58.331,61.968,36.921,34.08,45.527,39.734
3520442,Ilha Solteira,SP,25549,27837.85,67.083,78.015,71.002,52.231,74.606,80.186,91.096,66.173,83.573,71.901,59.476,69.058,29.534,71.956,67.706,39.728
4301701,Barão de Cotegipe,RS,7144,48175.56,59.075,80.143,65.746,31.336,80.586,69.346,92.154,78.488,76.155,62.855,58.783,65.19,19.238,31.59,34.794,39.722
4104600,Capitão Leônidas Marques,PR,14648,86341.32,61.63,70.052,70.607,44.231,66.007,81.189,87.701,45.31,79.597,66.315,60.238,76.278,30.385,45.695,61.122,39.721
3130804,Ingaí,MG,2580,45173.11,60.977,79.914,64.522,38.494,73.209,70.655,91.832,83.96,73.708,64.441,56.869,63.07,33.106,39.673,41.483,39.714
4316733,Santa Cecília do Sul,RS,1674,86576.65,55.973,73.579,57.486,36.853,57.266,70.872,82.22,83.96,68.466,44.921,52.429,64.13,27.566,43.649,36.498,39.699
4319000,São Marcos,RS,21084,54721.61,63.121,77.102,71.652,40.608,78.82,87.264,81.893,60.429,76.346,76.73,63.665,69.869,25.519,55.929,41.287,39.695
3507308,Boracéia,SP,4715,110910.46,66.116,85.885,69.514,42.949,68.382,94.73,93.873,86.553,80.45,77.689,52.191,67.725,33.182,49.659,49.293,39.663
2611101,Petrolina,PE,386791,20818.46,62.496,71.067,71.255,45.165,69.539,83.519,91.129,40.079,77.159,74.135,59.214,74.514,42.398,56.511,42.135,39.616
3147006,Paracatu,MG,94023,77121.2,60.413,76.122,66.603,38.513,72.126,78.759,91.097,62.505,71.993,71.728,62.359,60.332,36.676,48.972,28.791,39.613
4211876,Paial,SC,1927,30479.84,56.557,58.531,67.746,43.394,64.806,52.788,72.716,43.813,82.821,65.266,58.162,64.736,20.341,36.116,77.517,39.601
2210383,São Miguel da Baixa Grande,PI,2269,12107.13,62.61,78.327,58.625,50.877,66.878,79.189,83.283,83.96,72.721,47.023,52.556,62.199,38.358,42.1,83.452,39.6
3301850,Guapimirim,RJ,51696,26577.9,55.633,64.064,66.127,36.707,65.07,64.622,82.246,44.319,71.996,71.532,52.952,68.029,23.962,41.606,41.663,39.597
4313508,Osório,RS,47396,38659.44,62.91,73.623,69.198,45.91,70.211,74.683,88.307,61.292,71.625,81.434,60.937,62.794,31.564,62.205,50.279,39.593
1100304,Vilhena,RO,95832,44304.78,59.112,69.289,65.834,42.213,66.057,69.664,95.798,45.634,70.069,73.095,55.936,64.235,28.425,49.417,51.419,39.592
5216908,Pilar de Goiás,GO,2328,83396.05,54.957,68.631,52.208,44.033,57.397,53.687,86.196,77.243,77.97,18.322,65.117,47.422,21.622,33.514,81.413,39.584
1720853,Sucupira,TO,1577,340050.94,53.895,72.362,56.184,33.139,80.773,63.464,86.042,59.17,72.421,50.802,61.272,40.239,22.646,18.066,52.261,39.581
3303807,Paraty,RJ,45243,43533.29,55.695,61.596,65.499,39.991,63.238,59.972,82.522,40.65,68.229,70.15,59.053,64.565,41.583,53.8,25.003,39.577
5007802,Selvíria,MS,8142,213187.58,55.932,70.512,56.573,40.711,59.855,63.201,84.241,74.752,61.914,57.645,50.901,55.831,18.03,32.881,72.358,39.574
3137304,Lagoa dos Patos,MG,3313,18124.41,56.737,76.334,55.082,38.794,70.014,74.812,89.189,71.321,68.922,54.98,40.503,55.925,28.03,35.204,52.394,39.548
4320503,Sertão,RS,5541,97167.09,58.408,67.767,60.491,46.966,67.528,61.43,76.646,65.463,72.975,61.28,43.833,63.874,34.438,52.878,61.008,39.54
3127701,Governador Valadares,MG,257171,28917.46,63.157,74.611,69.874,44.987,65.613,89.495,95.884,47.451,71.406,78.001,56.436,73.653,45.498,58.143,36.772,39.533
2207108,Olho D'Água do Piauí,PI,2637,10974.87,62.607,80.892,65.389,41.54,75.798,93.232,70.951,83.588,70.16,62.825,60.864,67.705,30.345,19.512,76.775,39.528
4108601,Goioerê,PR,28437,38058.63,61.57,81.486,68.079,35.145,71.386,89.884,96.152,68.52,75.329,69.29,58.045,69.654,31.494,43.179,26.382,39.525
2806909,São Francisco,SE,3243,17404.58,63.904,80.512,63.216,47.984,78.783,68.807,92.908,81.549,63.987,71.218,50.119,67.541,19.551,40.311,92.565,39.509
4101150,Ângulo,PR,3235,48016.92,57.326,71.461,64.522,35.996,71.178,75.272,93.251,46.142,74.748,70.349,46.812,66.178,20.412,49.289,34.783,39.502
4309902,Ibiraiaras,RS,6776,59416.87,56.794,70.176,64.14,36.067,79.719,64.025,77.332,59.626,71.311,60.03,56.435,68.784,37.855,43.168,23.747,39.499
4210555,Marema,SC,2184,45244.1,58.943,72.742,68.275,35.812,74.786,61.147,86.325,68.709,77.033,64.147,71.476,60.445,22.105,23.995,57.652,39.495
3540903,Pradópolis,SP,17078,64675.64,65.841,81.729,67.329,48.465,77.899,90.637,92.451,65.929,79.403,69.565,53.938,66.409,15.673,61.581,77.115,39.491
3507100,Bom Jesus dos Perdões,SP,22006,66968.83,63.224,76.63,70.989,42.052,75.952,82.754,90.724,57.092,81.864,75.825,57.713,68.553,14.827,43.873,70.024,39.483
4216206,São Francisco do Sul,SC,52674,162855.73,61.812,74.022,65.33,46.083,69.812,86.343,82.865,57.068,67.002,72.393,56.559,65.366,54.053,49.473,41.336,39.469
4317400,Santiago,RS,48938,41607.76,63.461,79.434,65.706,45.241,67.175,87.127,94.563,68.873,75.573,71.065,55.277,60.911,43.365,55.929,42.203,39.469
4207684,Ipuaçu,SC,7730,41890.52,51.493,54.15,59.69,40.638,76.725,33.288,47.507,59.08,69.176,60.034,44.933,64.619,32.474,31.067,59.545,39.466
3552809,Taboão da Serra,SP,273542,37896.18,63.531,81.321,73.094,36.176,72.199,96.388,88.144,68.554,78.949,74.964,61.881,76.584,13.794,46.771,44.683,39.456
3539707,Platina,SP,3025,39965.34,65.014,86.642,67.143,41.259,81.579,85.319,93.116,86.553,79.68,68.199,54.797,65.895,13.854,43.151,68.575,39.455
4321634,Três Arroios,RS,2591,54892.6,66.166,83.449,66.564,48.485,83.213,88.125,89.668,72.79,85.715,56.732,60.529,63.281,19.238,51.894,83.356,39.451
4311627,Lindolfo Collor,RS,6248,58981.86,60.517,76.332,67.622,37.596,77.652,92.786,91.419,43.472,66.467,73.774,66.706,63.542,20.788,42.068,48.081,39.447
4102109,Astorga,PR,25475,34913.24,63.074,81.162,70.578,37.482,63.11,93.947,96.193,71.399,80.635,73.297,54.998,73.383,20.326,52.718,37.447,39.437
4104428,Candói,PR,14973,57189.25,56.815,69.345,59.348,41.753,74.684,64.026,84.093,54.577,74.908,53.414,45.887,63.182,31.578,48.447,47.551,39.435
2604106,Caruaru,PE,378048,23083.76,62.753,74.249,67.589,46.42,72.991,84.698,94.581,44.727,73.2,70.723,55.451,70.981,58.373,55.924,31.95,39.434
4104204,Campo Largo,PR,136327,42363.41,63.828,71.09,70.368,50.025,70.061,83.125,88.554,42.62,78.748,71.005,59.799,71.92,53.404,61.548,45.715,39.434
3500501,Águas de Lindóia,SP,17930,32898.99,65.423,82.049,69.089,45.13,73.865,94.435,92.547,67.348,78.055,71.95,55.262,71.089,16.932,62.307,61.864,39.419
5205109,Catalão,GO,114427,87294.59,65.346,75.724,70.928,49.385,69.152,88.83,98.367,46.548,78.085,75.417,58.865,71.345,34.196,67.818,56.143,39.383
3554003,Tatuí,SP,123942,41255.18,65.553,81.18,72.71,42.769,71.266,90.293,95.91,67.251,79.16,78.003,58.346,75.328,22.176,54.397,55.122,39.381
4103800,Cambira,PR,9460,29838.76,65.323,77.118,66.374,52.476,69.991,79.381,93.849,65.253,75.772,61.131,56.146,72.448,51.413,44.93,74.201,39.359
2110658,São Domingos do Azeitão,MA,7992,40400.27,54.854,68.172,57.894,38.496,57.627,54.892,76.207,83.96,72.037,53.524,50.735,55.279,15.936,15.829,82.866,39.354
3126752,Franciscópolis,MG,5034,20575.81,53.258,61.862,60.205,37.708,59.807,58.386,82.688,46.566,70.227,44.834,63.343,62.416,42.917,26.103,42.463,39.348
2607752,Itapissuma,PE,27749,86527.14,60.665,66.49,67.652,47.853,67.328,53.164,84.81,60.659,76.815,67.4,57.928,68.465,38.699,37.54,75.831,39.34
3302007,Itaguaí,RJ,116841,90545.43,58.168,71.587,65.275,37.642,70.93,80.134,87.085,48.2,68.488,73.561,52.222,66.827,33.299,48.922,29.024,39.323
4123824,Santa Lúcia,PR,3644,38732.95,60.98,76.658,69.139,37.143,73.989,73.434,93.263,65.944,77.272,68.38,57.748,73.157,18.062,48.786,42.404,39.321
4109757,Ibema,PR,6218,29541.36,60.11,76.237,66.783,37.31,65.416,92.442,95.557,51.536,77.883,68.384,53.041,67.825,29.886,43.82,36.22,39.313
3527256,Lourdes,SP,1950,22464.86,65.292,82.096,64.39,49.391,73.679,89.631,97.971,67.104,83.612,62.611,43.223,68.115,20.009,47.274,90.966,39.313
2300606,Altaneira,CE,6782,11088.02,62.468,74.391,65.75,47.262,65.68,62.039,94.82,75.024,76.502,63.349,55.164,67.986,32.978,40.499,76.282,39.288
2921005,Mata de São João,BA,42566,31444.23,56.002,59.265,62.53,46.21,64.773,72.656,84.916,14.716,64.728,67.279,54.142,63.972,18.551,47.145,79.858,39.287
3169307,Três Corações,MG,75485,39490.82,64.02,77.455,69.472,45.133,65.143,85.516,94.801,64.362,72.55,73.811,58.8,72.726,25.297,48.982,66.967,39.285
2504108,Carrapateira,PB,2312,13484.4,64.579,86.604,61.504,45.63,83.695,81.017,95.15,86.553,71.843,54.095,52.23,67.849,28.74,23.455,91.053,39.272
2201572,Belém do Piauí,PI,3423,12142.92,56.535,63.702,64.036,41.865,68.718,54.031,89.649,42.409,75.975,53.699,59.666,66.806,20.152,33.336,74.709,39.264
4218400,Treze de Maio,SC,7362,27323.8,61.821,72.915,62.216,50.333,66.115,55.279,84.774,85.491,66.524,65.939,52.118,64.283,52.163,41.773,68.146,39.25
2402006,Caicó,RN,61146,22978.3,62.699,76.919,65.579,45.599,71.944,86.994,96.49,52.249,69.33,74.26,54.001,64.724,26.901,56.18,60.064,39.25
4215000,Rio Negrinho,SC,39261,41420.78,65.642,78.771,65.803,52.351,75.098,83.486,89.214,67.287,72.891,68.523,54.368,67.428,37.241,49.974,82.961,39.23
2906501,Candeias,BA,72382,94899.94,59.276,64.998,63.787,49.042,65.22,79.614,86.658,28.5,56.475,73.535,56.699,68.439,31.042,42.301,83.618,39.206
4314423,Picada Café,RS,5351,72747.54,66.674,84.231,70.233,45.558,75.465,90.295,90.128,81.038,81.614,73.134,58.311,67.875,26.75,79.9,36.379,39.203
3509700,Campos do Jordão,SP,46974,31089.36,61.249,78.106,68.884,36.757,67.561,79.449,92.243,73.171,76.623,75.901,53.172,69.842,17.964,64.607,25.258,39.2
2108009,Pastos Bons,MA,18802,16583.59,58.737,68.637,58.968,48.605,51.214,87.076,82.167,54.092,70.363,46.85,56.584,62.076,28.284,41.114,85.824,39.2
5215504,Ouvidor,GO,7200,107081.45,60.198,71.461,66.937,42.197,77.39,76.057,98.131,34.267,75.28,68.971,59.647,63.852,26.751,50.285,52.555,39.195
4217402,Schroeder,SC,20061,38130.13,63.879,77.579,71.832,42.227,75.878,67.732,90.338,76.368,78.067,67.506,64.41,77.345,26.556,46.433,56.741,39.179
4217907,Tangará,SC,8143,74322.24,62.218,77.315,62.778,46.56,78.318,68.346,87.703,74.895,75.282,53.634,60.113,62.083,46.234,38.588,62.249,39.169
2101608,Barra do Corda,MA,84532,10597.4,52.468,62.936,60.404,34.063,69.054,43.54,76.145,63.005,64.272,56.388,61.661,59.298,16.077,33.572,47.433,39.169
4322509,Vacaria,RS,64197,50926.96,59.144,78.526,64.686,34.22,71.843,87.825,94.385,60.053,68.123,75.824,48.874,65.924,21.582,49.43,26.703,39.166
3153806,Queluzito,MG,1770,22790.02,60.941,82.51,64.672,35.641,69.337,87.416,89.328,83.96,80.477,68.409,46.461,63.343,19.191,37.087,47.125,39.16
3168705,Timóteo,MG,81579,69286.24,61.654,75.647,68.092,41.222,71.564,82.189,91.737,57.099,72.486,72.127,59.793,67.961,20.53,49.989,55.212,39.156
4118006,Paraíso do Norte,PR,13245,28691.51,59.509,78.815,67.29,32.422,71.809,94.023,94.646,54.782,76.638,68.786,52.743,70.991,25.87,28.031,36.636,39.151
4211504,Nova Trento,SC,13727,50740.42,67.155,78.191,68.734,54.54,72.979,74.526,96.267,68.991,78.058,64.573,66.817,65.491,41.045,56.278,81.689,39.148
3516705,Garça,SP,42110,41268.63,62.698,80.452,71.167,36.476,69.099,93.132,94.657,64.918,79.711,74.924,54.352,75.682,26.363,56.594,23.803,39.145
3166808,Serra do Salitre,MG,11801,83925.05,58.087,75.789,65.817,32.655,76.714,82.225,92.613,51.606,77.135,67.71,56.294,62.129,23.074,41.765,26.635,39.144
2407906,Monte das Gameleiras,RN,2276,14324.82,57.968,60.77,65.154,47.978,71.267,68.347,81.303,22.163,61.981,67.53,60.509,70.597,34.771,25.375,92.637,39.13
2205953,Marcolândia,PI,8533,23414.97,54.594,58.095,59.008,46.678,63.42,25.566,82.866,60.529,66.092,65.042,42.413,62.485,43.195,31.733,72.662,39.123
4212809,Balneário Piçarras,SC,27127,56209.17,63.427,80.519,69.8,39.962,75.995,88.539,91.46,66.082,70.078,82.788,58.191,68.141,40.787,54.022,25.927,39.111
5209101,Goiatuba,GO,35664,61273.83,59.986,74.673,66.722,38.562,69.694,80.04,92.893,56.063,75.123,72.674,54.886,64.204,26.872,47.904,40.382,39.091
2512077,Poço de José de Moura,PB,4006,11765.75,61.867,71.747,66.237,47.616,70.765,42.726,91.487,82.008,72.803,57.964,67.854,66.326,30.044,33.328,88.016,39.077
5100409,Alto Garças,MT,13052,92429.42,61.234,72.989,59.604,51.11,80.593,68.653,93.145,49.563,64.102,68.428,53.854,52.033,41.713,42.642,81.016,39.068
3528809,Maracaí,SP,12673,41124.83,65.052,85.165,70.503,39.488,71.548,91.495,92.545,85.072,83.723,67.642,57.671,72.978,15.747,48.013,55.131,39.061
5107792,Santo Antônio do Leste,MT,4099,250652.32,58.539,75.932,49.729,49.957,74.555,58.818,85.53,84.824,61.521,29.229,70.314,37.853,29.545,45.938,85.296,39.048
3553856,Taquarivaí,SP,6876,53811.15,61.032,82.146,64.746,36.205,76.443,78.625,88.962,84.552,75.952,62.787,51.969,68.276,17.133,31.464,57.181,39.042
3103504,Araguari,MG,117808,49915.45,65.474,81.551,71.715,43.157,71.7,93.295,96.245,64.964,77.636,72.839,63.899,72.487,32.178,56.775,44.652,39.021
4113304,Laranjeiras do Sul,PR,32227,32124.83,59.297,73.016,67.078,37.797,64.89,80.842,92.141,54.192,74.473,68.663,54.64,70.535,37.504,44.117,30.556,39.009
4211801,Ouro,SC,7032,36184.3,66.606,84.856,67.628,47.333,80.417,82.011,90.442,86.553,75.893,69.279,61.167,64.172,29.807,37.156,83.362,39.007
4112009,Jaguariaíva,PR,35141,51278.8,59.802,76.167,66.322,36.918,65.083,85.729,93.442,60.412,82.08,66.71,47.699,68.8,36.74,46.845,25.093,38.993
4304630,Capão da Canoa,RS,63594,31140.73,60.315,71.723,69.001,40.221,65.61,77.339,80.913,63.028,62.056,88.692,56.427,68.83,36.839,55.873,29.189,38.985
4203600,Campos Novos,SC,36932,71189.34,61.179,73.85,66.405,43.283,71.06,85.912,79.668,58.759,72.54,65.514,56.992,70.576,21.88,46.827,65.439,38.985
4304697,Capitão,RS,2921,32890.88,61.491,78.896,61.855,43.721,63.174,85.784,96.052,70.576,74.25,68.67,43.416,61.084,18.943,54.732,62.227,38.982
5108006,Tapurah,MT,14370,140734.6,53.039,61.532,59.349,38.236,64.609,69.943,90.821,20.756,65.495,64.097,60.907,46.899,30.46,37.108,46.402,38.973
3557204,Chavantes,SP,12211,21971.12,64.579,74.912,67.197,51.628,57.122,86.838,95.752,59.936,79.535,71.968,47.829,69.456,19.781,64.447,83.312,38.972
2905701,Camaçari,BA,300372,113924.4,60.471,66.656,65.569,49.189,71.399,83.625,90.09,21.511,60.498,71.728,55.521,74.528,43.466,52.159,62.168,38.963
5107958,Tangará da Serra,MT,106434,52859.34,60.43,70.379,64.172,46.74,72.487,66.8,93.696,48.533,68.123,69.389,59.203,59.973,26.316,50.78,70.918,38.945
4216057,São Cristóvão do Sul,SC,6084,36389.95,58.82,77.222,60.154,39.082,63.89,81.607,92.725,70.667,68.733,59.364,49.312,63.207,23.925,30.044,63.422,38.938
4121752,Reserva do Iguaçu,PR,6553,39973.65,58.002,65.937,60.015,48.055,81.098,57.113,80.512,45.027,72.536,61.124,43.319,63.081,26.526,44.376,82.394,38.926
5002001,Batayporã,MS,10712,56722.41,56.069,69.593,62.077,36.537,66.721,72.198,91.642,47.81,70.925,62.975,53.654,60.754,25.269,36.226,45.756,38.897
4123907,Santa Mariana,PR,11066,44884.47,61.896,77.591,66.434,41.662,57.43,87.796,92.157,72.982,73.248,71.385,50.717,70.388,18.579,48.136,61.043,38.89
3520905,Ipaussu,SP,13712,36664.41,64.022,76.462,70.582,45.022,55.56,90.163,95.272,64.853,82.049,73.728,54.763,71.787,24.987,59.106,57.129,38.865
4317756,Santo Antônio do Planalto,RS,2089,91360.04,56.96,65.536,67.4,37.945,72.772,71.344,83.35,34.678,79.15,65.713,55.851,68.888,18.556,48.865,45.508,38.85
4120358,Pranchita,PR,5737,57846.8,62.573,78.357,66.926,42.436,72.604,80.744,88.362,71.719,77.661,69.268,51.777,68.998,27.485,45.451,57.966,38.841
3556453,Vargem Grande Paulista,SP,50415,57906.57,66.158,79.837,72.297,46.34,78.307,85.377,83.711,71.952,79.823,73.503,64.028,71.835,19.222,49.346,77.958,38.832
4123402,Santa Fé,PR,11378,28302.67,61.074,80.053,68.599,34.572,75.202,91.746,96.861,56.401,79.174,66.141,55.834,73.245,34.421,49.057,15.979,38.831
4126272,Saudade do Iguaçu,PR,6108,129680.47,61.7,77.408,66.51,41.183,69.983,70.854,95.513,73.281,80.48,66.59,46.56,72.409,26.235,41.202,58.465,38.829
2307304,Juazeiro do Norte,CE,286120,18006.89,64.585,73.31,70.076,50.369,70.118,80.646,97.406,45.071,77.425,76.771,57.84,68.266,48.919,56.521,57.225,38.811
4125605,São Mateus do Sul,PR,42366,36066.67,62.256,72.44,65.438,48.891,71.287,66.338,91.696,60.438,79.651,63.447,57.094,61.559,21.575,58.654,76.541,38.792
2616506,Xexéu,PE,11611,12267.96,56.072,63.221,58.771,46.223,55.96,72.842,91.513,32.568,74.588,58.037,35.458,67.003,39.215,27.39,79.511,38.775
2801603,Cedro de São João,SE,5391,12013.05,63.092,79.468,62.848,46.959,70.638,78.894,93.703,74.636,73.121,63.457,47.412,67.403,29.838,31.397,87.835,38.768
4304622,Capão Bonito do Sul,RS,1733,198816.49,53.19,62.563,54.275,42.731,81.887,71.352,68.221,28.794,75.041,59.917,27.933,54.208,32.624,47.692,51.838,38.768
3204203,Piúma,ES,22300,39571.53,59.568,70.122,68.312,40.268,71.608,83.788,94.791,30.303,74.423,75.685,56.478,66.661,27.34,41.649,53.324,38.761
5102702,Canarana,MT,25858,114196.84,54.527,65.001,55.164,43.416,70.262,63.959,82.109,43.674,61.19,56.577,58.53,44.356,28.541,43.555,62.812,38.756
2313955,Varjota,CE,18105,20909.28,55.487,64.702,63.693,38.067,74.009,74.859,95.741,14.201,78.069,62.688,47.24,66.774,21.341,35.108,57.095,38.724
3502309,Anhembi,SP,5674,30101.48,58.18,77.271,65.301,31.968,68.972,82.711,96.636,60.766,77.618,70.046,47.818,65.72,20.673,45.499,22.979,38.72
4119103,Piên,PR,13655,67641.73,58.643,72.982,69.111,33.837,56.492,67.862,92.9,74.674,81.077,70.484,55.872,69.011,37.534,46.383,12.725,38.708
4116950,Nova Esperança do Sudoeste,PR,5597,29660.73,59.083,75.772,64.945,36.532,71.415,63.07,84.845,83.759,73.204,62.983,60.585,63.006,22.545,44.909,39.967,38.705
4201703,Ascurra,SC,8319,29658.5,64.115,84.63,67.419,40.296,72.573,91.701,90.362,83.885,75.546,68.947,60.21,64.974,19.947,49.173,53.365,38.699
1503457,Ipixuna do Pará,PA,30329,20764.85,50.465,62.673,49.901,38.821,56.98,79.696,67.678,46.338,50.531,45.496,58,45.578,18.452,24.919,73.227,38.687
4321469,Tio Hugo,RS,3267,53890.09,67.475,80.366,64.837,57.22,69.579,87.528,85.184,79.173,69.964,63.27,59.044,67.071,28.708,72.785,88.733,38.656
4305871,Coronel Barros,RS,2822,80714.29,62.375,74.228,70.449,42.449,83.281,95.705,79.562,38.364,76.413,79.613,62.809,62.962,23.587,48.331,59.246,38.63
3102605,Andradas,MG,40553,29404.82,61.431,79.941,68.895,35.458,75.436,76.505,94.916,72.907,74.262,68.657,56.193,76.466,30.155,48.072,24.976,38.627
4215059,Rio Rufino,SC,2397,29441.99,61.564,69.804,61.644,53.243,70.783,58.025,94.428,55.98,72.985,59.579,50.77,63.241,27.535,50.282,96.534,38.621
4321857,Três Palmeiras,RS,4716,38132.37,61.442,74.95,64.497,44.878,65.05,76.372,87.544,70.834,76.551,60.558,53.936,66.942,21.738,46.836,72.319,38.619
3172103,Volta Grande,MG,4443,31822.11,60.602,81.139,63.965,36.701,65.596,79.252,94.883,84.824,69.212,58.458,60.658,67.533,18.005,45.492,44.689,38.616
5108352,Vale de São Domingos,MT,2904,26762.48,57.236,65.894,56.004,49.809,71.829,44.33,89.516,57.9,71.256,45.01,61.459,46.292,37.879,30.148,92.606,38.602
4305157,Cerro Grande,RS,2379,31570.11,52.726,58.223,60.025,39.929,67.54,67.432,79.432,18.486,72.027,58.904,40.295,68.875,19.914,41.365,59.84,38.595
3145604,Oliveira,MG,39262,28351.02,65.64,80.586,69.317,47.018,70.941,90.885,93.832,66.685,76.148,74.011,54.124,72.984,21.909,72.476,55.103,38.582
4105607,Cidade Gaúcha,PR,11467,37904.77,62.979,77.726,67.885,43.325,64.311,92.29,96.167,58.135,75.251,69.104,55.465,71.722,17.027,47.281,70.419,38.573
4320651,Silveira Martins,RS,2028,43028.8,59.26,72.474,67.589,37.717,86.857,62.518,74.974,65.547,76.145,70.249,54.448,69.515,17.132,51.088,44.084,38.564
4318051,São Domingos do Sul,RS,2754,45147.45,65.591,86.008,68.906,41.86,81.353,86.648,92.072,83.96,84.721,70.19,52.1,68.614,29.392,47.828,51.666,38.554
2502151,Boa Vista,PB,6377,32600.54,60.199,72.567,66.979,41.052,70.873,56.733,92.121,70.542,76.123,56.588,68.176,67.03,29.36,41.621,54.678,38.548
4116703,Nova Aurora,PR,13765,59990.59,62.235,80.818,69.163,36.725,76.93,83.814,96.937,65.589,78.859,64.12,63.368,70.304,31.575,39.383,37.404,38.536
3204559,Santa Maria de Jetibá,ES,41636,39469.05,56.29,65.613,65.741,37.516,66.612,42.925,88.027,64.887,78.716,62.394,53.906,67.95,31.628,42.424,37.485,38.525
3507159,Bom Sucesso de Itararé,SP,3555,18093.71,63.338,77.188,63.201,49.627,68.301,66.683,88.943,84.824,78.512,53.35,52.806,68.134,24.645,52.634,82.709,38.52
3529658,Mesópolis,SP,1952,42116.18,67.869,87.066,67.857,48.683,75.537,88.327,96.98,87.418,79.877,64.008,63.724,63.819,23.702,34.789,97.743,38.499
4102000,Assis Chateaubriand,PR,36808,44698.36,64,80.738,67.032,44.229,64.908,85.947,97.745,74.351,77.129,60.112,61.328,69.559,22.726,70.603,45.093,38.495
5210208,Iporá,GO,35684,24736.38,64.187,78.974,70.588,42.998,69.193,88.921,95.092,62.688,83.383,75.492,56.374,67.102,27.931,43.186,62.381,38.495
3503703,Ariranha,SP,7602,150645.94,63.11,83.427,65.762,40.14,73.787,94.215,92.985,72.723,84.374,66.348,44.468,67.86,30.53,54.213,37.326,38.489
4213609,Porto União,SC,32970,35128.71,63.097,74.105,65.692,49.493,68.416,83.005,86.791,58.209,68.634,61.837,61.189,71.109,44.005,63.988,51.493,38.485
3514304,Dourado,SP,8096,99821.61,66.78,85.307,68.791,46.242,65.383,93.003,97.254,85.588,82.24,76.883,47.075,68.966,13.679,43.236,89.571,38.482
4319109,São Martinho,RS,5481,65063.38,58.061,73.003,64.417,36.762,74.59,64.535,90.631,62.257,68.292,61.916,59.447,68.012,15.009,51.547,42.012,38.481
4321501,Torres,RS,41751,33344.98,59.729,71.047,69.609,38.531,75.238,78.931,85.45,44.57,72.008,77.328,55.105,73.997,45.032,47.435,23.183,38.476
4205308,Faxinal dos Guedes,SC,11192,68249.62,62.675,76.26,68.254,43.512,70.063,81.74,96.95,56.287,75.078,69.909,57.432,70.597,25.053,37.003,73.52,38.473
4322558,Vanini,RS,2004,47638.15,64.272,85.592,65.835,41.389,73.094,94.573,88.149,86.553,81.582,58.634,58.218,64.905,36.837,42.358,47.889,38.472
4117222,Nova Santa Rosa,PR,8322,53229.91,67.139,81.501,66.541,53.374,72.788,75.938,93.395,83.885,78.984,71.893,50.226,65.06,39.025,56.842,79.166,38.462
4319372,São Pedro do Butiá,RS,3070,53043.37,65.984,85.324,67.899,44.73,79.962,96.318,90.889,74.126,76.335,64.388,60.014,70.858,23.663,56.259,60.557,38.442
5219456,Santa Rita do Novo Destino,GO,2689,41227,58.961,75.549,59.098,42.235,69.706,60.472,88.058,83.96,84.286,36.392,58.174,57.541,19.853,39.01,71.647,38.429
5007935,Sonora,MS,14516,61138.66,57.073,73.421,59.544,38.255,74.683,72.834,92.801,53.365,69.78,67.145,47.331,53.921,39.484,35.734,39.379,38.423
4207858,Irati,SC,2069,27562.24,59.54,66.708,61.694,50.218,73.37,48.913,57.131,87.418,73.096,64.047,48.064,61.569,22.768,43.764,95.93,38.41
4218350,Treviso,SC,3782,61849.6,60.538,79.655,67.552,34.408,70.191,73.757,91.101,83.569,78.313,58.776,59.186,73.932,20.996,43.486,34.744,38.407
4202578,Bom Jesus do Oeste,SC,2187,33942.83,65.789,75.686,67.752,53.928,75.891,50.359,90.806,85.689,76.61,61.008,68.203,65.188,37.421,43.856,96.042,38.391
2203503,Elesbão Veloso,PI,13607,12194.72,60.261,73.266,63.093,44.424,52.322,78.966,85.227,76.548,70.22,57.216,58.833,66.104,17.951,32.35,89.005,38.389
4127965,Turvo,PR,14231,42586.19,53.687,65.684,56.337,39.04,64.015,58.256,79.985,60.48,71.327,56.569,40.458,56.992,47.448,34.445,35.894,38.373
4208708,Jacinto Machado,SC,10624,50226.29,61.162,73.276,64.359,45.849,62.706,65,89.335,76.065,75.934,57.354,55.18,68.969,25.796,37.548,81.689,38.362
3544509,Rubinéia,SP,3833,27030.49,68.012,87.918,71.872,44.246,77.273,93.33,95.693,85.378,80.591,75.761,66.061,65.076,22.807,55.719,60.111,38.348
4313102,Nova Palma,RS,5586,69008.34,58.614,70.93,64.147,40.766,73.953,58.422,82.537,68.809,76.492,52.35,59.873,67.874,43.565,42.601,38.581,38.315
3530003,Mira Estrela,SP,3126,22672.95,64.109,81.457,67.869,43,74.789,77.058,94.932,79.05,85.722,62.961,59.594,63.198,22.14,59.686,51.869,38.305
4210100,Mafra,SC,55286,45366.42,62.696,77.439,68.7,41.948,71.177,83.269,90.876,64.433,78.579,68.991,58.067,69.164,22.69,46.477,60.32,38.305
5204805,Campo Alegre de Goiás,GO,7422,114916.35,59.27,73.072,58.804,45.933,71.891,79.328,91.302,49.767,71.162,53.512,55.813,54.728,37.555,37.225,70.654,38.298
4210605,Massaranduba,SC,17162,44124.93,57.413,70.842,68.14,33.257,77.797,56.495,86.243,62.832,80.165,63.389,59.784,69.22,23.539,49.138,22.074,38.277
1300201,Atalaia do Norte,AM,15314,12165.15,47.269,60.371,50.743,30.693,71.293,34.001,65.446,70.743,56.306,18.407,62.859,65.401,38.33,16.509,29.663,38.272
3136652,Juatuba,MG,30716,47130.04,59.759,73.101,69.466,36.71,62.345,75.83,89.778,64.45,72.326,74.428,61.69,69.418,23.108,51.954,33.512,38.266
4320305,Selbach,RS,5107,73998.78,61.412,81.902,66.584,35.751,82.505,83.288,87.54,74.277,75.454,57.343,60.432,73.105,18.718,47.707,38.315,38.264
5002308,Brasilândia,MS,11579,74924.1,56.989,78.07,56.295,36.603,64.576,80.179,92.343,75.181,64.58,53.014,56.943,50.642,21.277,44.788,42.084,38.262
5000609,Amambai,MS,39325,45240.95,51.938,63.032,57.673,35.108,65.011,63.877,69.455,53.786,64.638,59.092,46.492,60.472,26.461,43.094,32.623,38.255
5104609,Itiquira,MT,12236,176565.88,57.274,73.598,56.022,42.201,68.174,77.161,94.058,54.999,59.843,54.43,61.047,48.769,24.79,37.623,68.139,38.253
1504208,Marabá,PA,266533,51107.61,52.604,53.457,60.053,44.303,71.801,32.604,82.578,26.844,64.462,66.81,56.738,52.203,34.152,47.132,57.679,38.249
4127106,Telêmaco Borba,PR,75042,65955.76,59.265,74.919,68.606,34.27,69.484,92.545,92.929,44.718,77.708,76.049,50.051,70.617,20.182,53.6,25.059,38.239
5004403,Inocência,MS,8404,48690.92,56.578,70.993,56.513,42.226,58.236,72.772,96.227,56.737,70.212,56.098,46.857,52.887,13.795,28.61,88.277,38.222
4211306,Navegantes,SC,86401,71609.29,60.762,78.54,69.851,33.896,72.642,87.483,85.44,68.595,71.456,82.765,59.424,65.758,28.291,41.595,27.478,38.222
4205456,Forquilhinha,SC,31431,39238.33,64.628,79.592,67.622,46.67,71.087,94.39,87.673,65.216,74.634,63.398,62.316,70.14,31.436,49.931,67.114,38.2
4309951,Ibirapuitã,RS,3723,57770.54,61.689,77.578,64.7,42.788,69.384,96.663,83.464,60.802,71.146,58.445,64.261,64.948,33.807,45.675,53.484,38.187
5220207,São Miguel do Araguaia,GO,21900,31809.15,56.063,65.239,62.661,40.288,64.331,66.858,89.792,39.976,80.357,65.505,50.274,54.508,35.373,36.327,51.266,38.185
3151107,Pirapetinga,MG,11077,58116.4,60.403,81.934,63.995,35.278,71.349,82.097,96.596,77.696,66.184,63.163,54.226,72.408,29.152,36.828,36.953,38.18
3525003,Jandira,SP,118045,41883.95,62.933,81.914,71.386,35.499,68.102,91.87,98.732,68.951,78.796,74.584,60.16,72.002,15.902,50.305,37.62,38.171
3139409,Manhuaçu,MG,91886,35940.84,58.022,74.055,66.213,33.797,63.375,93.75,97.452,41.642,71.851,67.116,59.741,66.145,19.661,51.085,26.288,38.156
1709500,Gurupi,TO,85125,31339.25,62.635,75.316,68.855,43.733,66.308,83.274,94.489,57.195,77.909,69.89,62.691,64.931,34.97,53.259,48.547,38.155
4205704,Garopaba,SC,29959,25994.69,63.44,78.627,72.159,39.534,74.466,81.627,90.018,68.399,74.999,78.197,71.838,63.602,14.957,51.546,53.484,38.151
4203303,Campo Alegre,SC,12501,56374.96,63.177,78.276,64.782,46.473,71.676,83.824,91.192,66.413,74.889,64.206,56.485,63.549,26.968,50.999,69.791,38.134
4320602,Severiano de Almeida,RS,3406,44187.52,61.827,71.399,66.334,47.747,75.501,46.587,76.955,86.553,80.077,68.274,53.525,63.459,19.238,48.571,85.072,38.107
4217956,Tigrinhos,SC,2329,28349.72,57.359,68.206,64.538,39.331,70.76,61.13,71.168,69.767,77.428,68.346,49.306,63.073,30.258,19.14,69.832,38.095
3545803,Santa Bárbara d'Oeste,SP,183347,42992.98,64.646,81.926,73.633,38.378,74.383,89.474,94.282,69.564,80.415,77.393,58.441,78.281,26.196,63.63,25.593,38.094
2303402,Carnaubal,CE,17210,9761.15,54.359,64.303,64.058,34.716,65.849,51.796,83.106,56.458,78.26,58.433,54.451,65.087,34.02,40.107,26.653,38.084
3532157,Nantes,SP,2660,53887.14,64.711,86,65.683,42.45,69.358,96.448,96.31,81.885,84.087,66.3,47.698,64.647,25.767,49.38,56.584,38.068
4113205,Lapa,PR,45003,63596.1,62.911,73.477,66.881,48.373,72.61,76.113,80.862,64.324,79.457,64.128,51.372,72.568,53.079,53.785,48.566,38.063
4314779,Pontão,RS,3296,123258.56,63.168,79.288,57.774,52.443,73.987,78.959,81.755,82.452,71.42,51.383,46.744,61.551,41.455,42.189,88.097,38.031
5210000,Inhumas,GO,52204,27133.58,63.184,78.792,69.133,41.628,69.831,90.789,95.082,59.466,80.982,73.024,54.555,67.969,23.37,50.828,54.293,38.019
2925931,Quixabeira,BA,9461,8206.92,60.245,72.065,60.196,48.474,77.399,66.834,90.307,53.721,65.656,53.705,58.77,62.652,36.864,40.626,78.396,38.011
3550803,São Sebastião da Grama,SP,10441,41338.95,62.091,77.396,65.84,43.036,71.339,75.49,93.733,69.023,74.272,65.795,52.311,70.981,26.556,59.66,47.962,37.965
3531605,Monte Castelo,SP,4222,30559.7,66.461,85.194,66.375,47.814,77.564,86.069,90.589,86.553,83.647,68.051,41.319,72.483,34.003,44.39,74.9,37.962
2914604,Irecê,BA,74507,20717.52,60.663,69.138,67.083,45.767,68.315,89.266,95.768,23.203,68.831,74.383,54.959,70.161,31.88,49.206,64.029,37.952
1301209,Coari,AM,70616,48217.88,47.131,51.842,57.772,31.78,63.717,34.297,80.806,28.549,64.624,44.742,54.316,67.407,40.091,24.971,24.108,37.95
3116605,Cláudio,MG,30159,37363.52,62.031,76.346,71.304,38.442,70.474,81.492,89.603,63.815,78.118,73.833,59.85,73.415,32.77,58.146,24.903,37.948
1706258,Crixás do Tocantins,TO,1470,53890.55,53.59,64.703,55.426,40.643,74.717,58.966,82.027,43.101,70.884,53.493,48.685,48.641,24.507,38.108,62.032,37.924
3159803,Santa Vitória,MG,20973,38551.93,60.054,74.523,65.71,39.928,65.109,85.129,93.035,54.818,76.234,68.18,57.533,60.894,36.959,43.209,41.63,37.914
3149903,Perdões,MG,21384,29536.96,67.215,80.035,73.011,48.598,67.142,88.396,96.99,67.613,79.616,73.867,65.975,72.588,21.453,61.287,73.743,37.909
4312427,Mormaço,RS,2756,56042.21,64.58,81.205,62.699,49.835,70.761,82.307,90.627,81.123,70.354,67.01,44.609,68.824,26.362,47.809,87.268,37.902
3138401,Leopoldina,MG,51145,21921.05,60.329,79.353,66.199,35.435,69.849,82.332,97.984,67.248,69.715,67.028,59.743,68.308,26.236,58.739,18.865,37.901
4319158,São Miguel das Missões,RS,7056,123903.61,56.962,69.461,58.662,42.764,74.179,58.725,72.454,72.484,65.372,56.501,51.465,61.312,19.346,44.593,69.231,37.885
4300703,Anta Gorda,RS,5957,54498.02,62.778,81.287,67.52,39.527,74.622,87.451,89.894,73.183,78.985,61.896,64.398,64.799,27.479,42.74,50.005,37.883
1200427,Rodrigues Alves,AC,14938,17238.94,52.51,60.015,56.592,40.921,57.526,30.757,85.742,66.035,63.336,44.368,68.531,50.134,21.829,21.099,82.877,37.881
4312351,Montauri,RS,1499,65946.23,63.485,88.319,63.13,39.007,79.181,96.89,93.246,83.96,81.425,65.338,37.493,68.265,15.347,38.937,63.864,37.879
4316600,Sananduva,RS,16399,51831.39,62.868,78.289,67.944,42.369,75.475,77.694,94.351,65.637,73.662,67.125,62.085,68.902,16.357,46.592,68.671,37.858
4312385,Monte Belo do Sul,RS,2557,37201.16,67.547,82.593,73.714,46.334,80.601,90.574,75.703,83.495,79.858,85.472,61.267,68.259,26.1,43.997,77.379,37.858
4305306,Chapada,RS,9540,78327.18,62.674,80.465,62.747,44.809,76.24,71.919,87.968,85.734,72.92,60.754,51.687,65.626,23.612,49.012,68.758,37.854
4125209,São Jorge d'Oeste,PR,9378,50844.48,58.62,73.486,63.57,38.804,63.533,74.664,92.01,63.735,77.739,59.181,51.273,66.087,32.412,41.405,43.544,37.854
4120333,Prado Ferreira,PR,3709,46424.61,58.405,75.019,60.746,39.451,75.347,94.956,95.072,34.7,69.42,64.373,35.3,73.892,17.684,57.806,44.471,37.843
2108454,Peritoró,MA,20479,11336.22,49.266,46.553,58.113,43.13,53.126,36.623,48.283,48.181,61.364,50.007,60.227,60.854,28.556,21.33,84.811,37.823
3511904,Clementina,SP,6982,26893.7,65.729,85.479,69.891,41.817,74.357,94.851,97.353,75.355,82.095,70.138,57.243,70.09,18.723,44.532,66.189,37.823
5007554,Santa Rita do Pardo,MS,7027,67755.87,57.659,70.836,53.577,48.564,75.775,63.12,84.036,60.411,67.401,38.161,62.368,46.38,32.029,43.399,81.009,37.82
2910727,Eunápolis,BA,113710,28373.92,58.096,67.661,62.056,44.571,66.462,78.104,94.619,31.459,50.393,69.165,55.365,73.303,28.652,41.665,70.167,37.801
1100049,Cacoal,RO,86887,32372.71,61.845,73.413,65.875,46.247,66.019,72.763,92.044,62.827,77.076,68.799,58.602,59.024,47.001,47.269,52.921,37.798
3555307,Turmalina,SP,1669,44475.7,64.119,84.548,66.645,41.165,76.234,84.911,93.086,83.96,84.452,67.895,49.566,64.668,23.134,59.771,43.967,37.788
4314134,Paulo Bento,RS,2144,92023.71,63.631,76.646,64.808,49.438,76.504,86.869,82.847,60.363,72.904,57.206,63.27,65.853,24.821,51.752,83.4,37.78
3510005,Cândido Mota,SP,29449,51934.9,66.893,81.078,71.817,47.784,70.473,92.505,91.659,69.677,81.957,72.044,58.921,74.345,25.521,58.364,69.47,37.78
3507902,Brotas,SP,23898,47376.02,63.107,81.31,70.268,37.742,72.426,91.844,90.117,70.855,79.526,78.368,57.512,65.664,35.838,52.628,24.725,37.778
3523206,Itararé,SP,44438,26802.64,62.441,79.005,65.769,42.549,69.132,89.204,88.174,69.51,77.635,68.496,44.354,72.591,30.229,52.148,50.052,37.769
4204509,Corupá,SC,15267,52619.37,67.14,83.668,67.812,49.939,80.729,76.02,91.368,86.553,75.721,68.263,57.594,69.669,28.893,49.742,83.357,37.765
4316758,Santa Clara do Sul,RS,6887,49597.86,61.63,80.911,65.653,38.326,77.621,86.468,95.806,63.749,76.616,60.811,53.796,71.39,18.42,62.483,34.654,37.745
4200804,Anchieta,SC,5943,34540.07,58.414,67.193,65.087,42.963,69.607,61.667,88.954,48.543,76.868,61.237,62.303,59.94,22.465,38.947,72.704,37.737
5103858,Gaúcha do Norte,MT,8642,150466.98,43.525,53.182,40.724,36.669,63.176,43.767,60.576,45.209,66.135,15.575,65.558,15.63,32.896,33.537,42.52,37.723
3300407,Barra Mansa,RJ,169894,38237.9,65.861,72.646,69.765,55.171,69.052,84.152,89.104,48.276,74.418,72.554,53.86,78.229,41.767,60.72,80.474,37.722
3517505,Guapiaçu,SP,21711,41589.92,59.462,80.128,68.818,29.441,70.928,91.595,97.453,60.536,73.329,66.421,63.473,72.048,11.614,44.715,23.726,37.707
4218756,Tunápolis,SC,4916,37353.29,61.598,79.152,67.48,38.163,70.159,72.263,87.631,86.553,76.833,68.451,59.715,64.922,26.358,52.063,36.526,37.705
5208400,Goianápolis,GO,13967,21230.76,58.846,64.712,65.911,45.916,70.044,75.783,95.461,17.558,77.232,62.865,55.507,68.039,32.52,39.83,73.615,37.701
3505203,Bariri,SP,31595,51756.82,66.808,84.131,69.839,46.455,69.324,94.703,95.333,77.164,79.879,74.714,54.842,69.923,25.753,54.346,68.026,37.693
4313037,Nova Esperança do Sul,RS,4865,35688.24,61.69,73.059,66.211,45.801,70.141,65.215,93.491,63.389,74.43,69.022,51.931,69.459,14.042,48.148,83.324,37.689
4312153,Mato Leitão,RS,4859,37425.99,64.216,87.217,65.165,40.265,77.413,97.38,91.725,82.351,73.32,66.695,48.731,71.914,33.595,45.797,44.011,37.656
3110608,Cambuí,MG,29536,63628.75,67.155,81.868,71.076,48.521,75.669,85.576,92.202,74.025,78.546,75.53,60.18,70.048,22.753,49.698,83.98,37.652
2208700,Redenção do Gurguéia,PI,8394,11751.83,53.807,64.357,57.184,39.878,52.913,78.925,62.546,63.046,63.176,42.888,60.251,62.422,29.476,12.112,80.278,37.646
4207700,Ipumirim,SC,7816,60016.19,59.404,75.886,68.014,34.312,71.317,59.05,87.625,85.553,79.656,61.847,65.035,65.518,24.744,54.513,20.346,37.644
3155009,Rio Doce,MG,2484,21035.3,63.437,82.473,69.045,38.794,67.143,81.001,94.329,87.418,74.818,75.701,56.227,69.433,27.366,49.239,40.931,37.641
4203501,Campo Erê,SC,9623,45825.19,59.955,73.225,64.198,42.443,62.67,79.745,88.049,62.435,73.747,66.75,50.782,65.514,25.086,41.905,65.154,37.628
4117271,Nova Tebas,PR,6848,27919.77,52.606,66.578,57.205,34.036,57.96,62.214,87.86,58.278,71.718,48.037,42.457,66.607,36.49,28.925,33.111,37.617
4124103,Santo Antônio da Platina,PR,44369,34182.93,65.159,79.812,69.821,45.843,70.515,88.675,94.957,65.102,77.42,72.808,54.144,74.91,31.692,51.047,63.02,37.613
3537305,Penápolis,SP,61679,34009.31,63.86,80.742,69.935,40.903,69.89,91.204,95.272,66.602,81.567,71.447,54.775,71.951,23.963,58.978,43.062,37.609
4307450,Esperança do Sul,RS,3226,36448.27,62.411,77.165,63.121,46.947,62.738,77.413,87.667,80.841,72,51.179,61.096,68.209,22.708,42.46,85.014,37.606
3121001,Datas,MG,5465,13632.93,62.822,79.39,66.068,43.009,71.701,88.652,92.935,64.272,78.55,60.165,54.631,70.927,22.627,43.002,68.803,37.606
2512754,Riachão do Bacamarte,PB,4690,10760.5,54.644,67.424,60.519,35.99,72.57,38.378,91.275,67.472,69.432,65.659,44.126,62.859,23.413,16.716,66.229,37.603
4110656,Iracema do Oeste,PR,2343,83566.35,56.998,64.852,65.616,40.525,56.337,76.099,90.574,36.396,71.958,63.547,56.407,70.554,29.714,36.244,58.55,37.593
4106571,Cruzeiro do Iguaçu,PR,4133,43184.48,53.843,67.039,63.99,30.5,64.181,75.618,77.446,50.91,76.497,59.364,54.576,65.523,18.91,30.719,34.781,37.591
4109658,Honório Serpa,PR,4941,60866.73,56.574,72.93,59.561,37.23,74.647,60.445,82.256,74.372,80.8,51.008,41.616,64.82,37.9,35.521,37.909,37.591
5220108,São Luís de Montes Belos,GO,33852,44244.31,58.194,75.99,68.31,30.281,69.513,86.561,95.58,52.305,79.66,67.739,53.069,72.771,24.95,42.521,16.065,37.589
3518859,Guatapará,SP,7320,33764.23,57.164,79.932,67.309,24.25,76.659,90.328,88.037,64.703,74.038,70.48,53.042,71.678,14.922,39.659,4.844,37.577
4314498,Pinheirinho do Vale,RS,4540,29186.63,59.515,66.587,65.459,46.498,70.39,50.348,90.082,55.527,77.983,57.463,53.394,72.994,31.036,30.64,86.752,37.566
4309050,Glorinha,RS,7658,60754.34,55.748,67.347,62.749,37.147,73.887,44.06,86.85,64.591,64.407,71.746,58.271,56.572,22.975,43.924,44.128,37.56
3554607,Timburi,SP,2464,27104.3,66.87,79.948,68.66,52.001,64.966,79.357,89.781,85.689,80.32,70.646,53.873,69.802,22.524,54.124,93.798,37.557
2105807,Lago do Junco,MA,9506,9183.11,54.388,63.496,59.886,39.78,63.195,36.071,72.277,82.441,68.668,40.71,63.524,66.643,20.839,29.549,71.188,37.546
3138625,Limeira do Oeste,MG,8687,53669.83,59.371,79.032,58.246,40.834,76.697,74.1,92.175,73.155,70.83,58.071,49.659,54.425,29.189,56.002,40.601,37.544
4126009,São Sebastião da Amoreira,PR,8063,37499.84,57.216,75.129,64.619,31.901,77.985,78.556,95.431,48.544,79.566,66.913,44.236,67.76,23.801,32.323,33.936,37.543
3527405,Lucélia,SP,20061,29337.33,63.009,80.038,67.443,41.546,64.377,91.745,95.657,68.371,82.531,67.628,52.764,66.849,32.91,55.37,40.369,37.536
4300901,Aratiba,RS,6483,147135.87,61.747,75.262,70.833,39.147,66.795,67.234,83.403,83.618,84.434,63.591,66.692,68.614,21.099,50.785,47.172,37.532
4302204,Boa Vista do Buricá,RS,6966,47268.34,65.468,77.709,71.561,47.133,71.597,64.727,93.92,80.593,76.38,75.969,60.603,73.292,32.511,56.886,61.612,37.524
4106506,Coronel Vivida,PR,23331,38310.86,57.616,72.932,67.391,32.523,71.368,88.676,85.592,46.093,77.075,63.164,56.943,72.383,29.299,33.381,29.89,37.523
2109007,Porto Franco,MA,23903,43242.26,56.844,63.537,63.114,43.882,63.78,64.565,86.837,38.967,75.399,58.589,57.366,61.102,25.878,31.16,80.966,37.522
4203105,Caibi,SC,6304,50611.71,63.444,77.118,69.39,43.824,72.122,73.822,90.816,71.711,78.673,73.768,61.892,63.226,26.521,51.981,59.288,37.505
3522901,Itapuí,SP,13659,74021.25,67.138,86.01,69.26,46.143,68.047,96.867,94.29,84.836,77.004,71.76,57.875,70.4,33.002,60.453,53.62,37.498
2700300,Arapiraca,AL,234696,25390.82,57.425,66.123,67.021,39.132,72.453,65.443,92.359,34.236,70.41,68.901,56.46,72.314,21.087,51.782,46.177,37.48
3300159,Aperibé,RJ,11034,22742.76,62.337,76.866,67.784,42.36,58.078,81.087,95.169,73.129,79.745,69.684,51.708,69.999,36.459,36.853,58.654,37.474
4316972,Santa Margarida do Sul,RS,2596,140080.66,56.488,72.186,45.832,51.446,77.927,46.83,82.175,81.813,47.236,52.049,38.864,45.18,33.241,44.011,91.077,37.455
3205002,Serra,ES,520653,72123.94,61.68,75.442,68.764,40.834,74.698,91.094,90.991,44.985,72.396,74.832,61.168,66.661,35.878,54.029,35.981,37.448
4202503,Bom Jardim da Serra,SC,4026,92984.1,55.31,67.472,59.654,38.802,64.063,65.876,71.65,68.3,64.275,61.692,59.581,53.068,21.032,31.897,64.837,37.443
4217600,Siderópolis,SC,13714,49908.21,61.895,78.877,64.437,42.371,75.234,81.898,90.546,67.83,67.348,65.371,61.14,63.89,31.459,42.159,58.427,37.439
4317806,Santo Augusto,RS,13902,61475.3,60.704,72.246,64.655,45.211,62.513,70.088,90.519,65.864,74.521,63.591,51.18,69.327,20.593,49.789,73.029,37.431
4209805,Leoberto Leal,SC,3330,36231.64,59.05,62.492,67.302,47.357,62.412,42.844,87,57.713,80.356,58.422,69.005,61.424,34.357,40.137,77.508,37.425
3553609,Tapiratiba,SP,11816,25675.66,67.023,84.619,70.563,45.887,72.591,84.804,94.529,86.553,79.402,70.811,62.994,69.047,19.481,62.148,64.5,37.42
2104628,Governador Luiz Rocha,MA,7063,10139.17,54.038,66.743,61.689,33.683,60.822,54.233,70.898,81.018,64.244,55.344,60.867,66.301,17.399,23.424,56.501,37.408
3508504,Caçapava,SP,96202,54599.9,63.56,77.931,71.871,40.878,71.524,91.445,87.29,61.465,79.812,73.71,60.638,73.324,21.482,46.311,58.327,37.393
3203320,Marataízes,ES,41929,159992.17,59.522,73.834,70.605,34.126,75.79,85.603,83.649,50.296,76.197,73.106,60.975,72.143,24.66,45.294,29.162,37.389
5002902,Cassilândia,MS,20988,37578.56,59.222,78.483,62.005,37.177,70.452,84.984,95.248,63.248,67.989,65.754,53.92,60.356,27.043,43.88,40.406,37.379
4113106,Kaloré,PR,4582,36419.11,61.014,77.738,65.997,39.308,65.221,78.936,97.076,69.719,81.516,62.107,51.243,69.119,28.121,42.239,49.496,37.376
2914802,Itabuna,BA,186708,22663.62,61.545,73.126,64.97,46.538,63.429,93.859,92.88,42.335,59.734,74.41,53.832,71.905,35.254,52.829,60.701,37.368
4118105,Paranacity,PR,9557,34312.07,63.557,81.135,66.654,42.881,71.955,95.862,97.542,59.183,69.817,71.177,55.841,69.782,39.395,49.179,45.582,37.366
4208500,Ituporanga,SC,26525,53149.63,61.245,75.161,67.006,41.568,75.299,72.341,87.001,66.003,73.206,69.79,57.421,67.608,22.033,45.086,61.788,37.366
4307815,Estrela Velha,RS,3070,64773.66,51.616,74.821,50.844,29.184,53.418,81.26,80.648,83.96,62.875,43.335,32.861,64.305,17.661,39.645,22.074,37.357
3130309,Iguatama,MG,6826,86685.94,57.253,74.916,63.977,32.864,59.353,83.438,94.617,62.257,70.956,71.029,50.94,62.985,18.073,40.461,35.578,37.344
4107801,Floraí,PR,4792,50295.84,68.873,86.072,72.317,48.228,81.426,82.603,94.572,85.689,82.924,68.799,68.895,68.652,29.322,54.136,72.118,37.338
3536109,Pardinho,SP,7153,51860.67,63.278,82.377,70.873,36.584,66.643,81.813,95.593,85.46,76.408,83.139,53.325,70.62,21.403,49.357,38.259,37.317
4110953,Itaipulândia,PR,11485,46031.64,62.833,82.393,69.071,37.036,81.571,89.289,95.277,63.435,71.96,68.306,60.298,75.718,27.87,53.063,29.902,37.31
4315321,Quevedos,RS,2507,120258.04,57.502,79.621,52.136,40.749,71.752,81.917,82.244,82.57,64.001,49.571,44.487,50.486,17.596,45.239,62.854,37.307
3103751,Araporã,MG,8479,153799.59,61.22,80.317,63.493,39.85,64.049,94.133,95.634,67.451,66.866,64.163,58.062,64.882,35.481,49.516,37.098,37.304
3556909,Vista Alegre do Alto,SP,8109,52800.71,65.258,89.823,69.58,36.372,82.407,96.292,95.004,85.589,79.996,66.806,59.194,72.326,24.089,42.634,41.465,37.3
4211900,Palhoça,SC,222598,37145.72,63.28,78.666,68.517,42.657,78.502,81.299,86.402,68.46,66.418,80.482,58.207,68.962,20.498,56.956,55.883,37.291
3154804,Rio Acima,MG,10261,46381.45,63.623,80.457,68.398,42.014,72.197,87.634,93.778,68.222,67.111,67.864,69.258,69.359,23.19,46.952,60.625,37.289
5205901,Corumbaíba,GO,9164,77959.24,57.607,74.133,62.228,36.459,61.986,82.871,95.089,56.587,75.984,60.998,55.304,56.626,29.782,51.306,27.462,37.286
1718204,Porto Nacional,TO,64418,57065.75,62.043,73.139,67.274,45.718,67.717,79.069,88.973,56.796,73.721,68.823,58.376,68.174,62.424,46.127,37.036,37.284
4201208,Antônio Carlos,SC,11224,71479.44,66.656,80.687,71.622,47.658,81.542,74.551,92.602,74.054,80.066,64.804,69.972,71.647,37.414,46.345,69.592,37.283
5103205,Colíder,MT,31370,40761.26,58.56,69.461,60.787,45.433,67.872,77.207,95.572,37.191,69.148,68.36,56.603,49.036,44.036,45.386,55.052,37.26
4202453,Bombinhas,SC,25058,35266.59,66.754,81.249,74.634,44.378,76.482,90.202,89.228,69.085,74.112,86.632,68.959,68.831,26.688,50.783,62.817,37.224
4111209,Itapejara d'Oeste,PR,12344,61449.71,59.003,73.954,66.347,36.707,65.745,70.818,92.017,67.238,77.232,64.864,52.88,70.411,26.203,47.391,36.016,37.218
2503555,Cacimbas,PB,7223,9358,51.345,63.41,54.494,36.131,75.837,40.613,83.052,54.139,61.233,40.214,48.388,68.142,27.739,22.267,57.313,37.203
4306379,Dilermando de Aguiar,RS,2806,96171.3,55.591,76.921,54.74,35.113,79.646,58.178,83.305,86.553,64.312,46.106,58.537,50.007,17.596,43.196,42.466,37.195
4205431,Formosa do Sul,SC,2682,29531.32,63.171,78.94,63.593,46.98,78.428,61.009,89.771,86.553,75.743,64.559,51.896,62.175,42.537,38.366,69.829,37.189
3532900,Nova Europa,SP,9311,40835.19,68.742,86.402,71.135,48.689,70.445,92.712,96.738,85.714,83.408,75.532,57.894,67.704,33.681,45.825,78.062,37.186
4203956,Capivari de Baixo,SC,23975,56655.55,66.515,84.974,62.923,51.646,72.818,91.984,98.325,76.771,69.814,72.515,56.105,53.259,40.495,69.067,59.838,37.185
4203808,Canoinhas,SC,55016,40332.88,63.932,75.622,68.419,47.756,69.558,70.414,94.8,67.717,78.226,67.938,58.79,68.721,30.896,45.271,77.698,37.157
3101409,Albertina,MG,2952,52535.54,60.062,79.236,65.387,35.563,70.703,71.408,88.28,86.553,71.482,65.848,54.547,69.672,25.523,44.781,34.804,37.146
4323705,Vista Gaúcha,RS,2783,37465.91,63.602,80.859,69.74,40.207,79.819,74.187,83.74,85.689,79.493,72.459,57.927,69.081,9.095,39.743,74.855,37.135
4312377,Monte Alegre dos Campos,RS,3180,34757.87,55.949,63.211,58.782,45.854,60.166,39.963,80.962,71.755,73.095,45.167,59.341,57.526,24.6,46.603,75.079,37.132
5218904,Rubiataba,GO,19788,28806.14,62.766,78.205,67.318,42.776,72.148,80.436,96.868,63.367,84.746,62.676,60.3,61.548,33.055,42.103,58.825,37.12
4313334,Nova Ramada,RS,2163,141886.8,62.73,78.112,64.635,45.442,78.879,77.349,68.803,87.418,73.343,55.063,64.907,65.228,19.865,48.985,75.802,37.115
2201002,Arraial,PI,4520,10902.46,57.886,69.215,63.079,41.363,65.615,64.227,70.347,76.672,72.22,43.717,71.559,64.822,27.918,20.535,79.892,37.108
4200101,Abelardo Luz,SC,17392,45513.84,52.836,67.737,60.282,30.488,66.858,52.895,91.554,59.642,69.394,54.213,54.645,62.877,17.824,37.716,29.309,37.102
1200203,Cruzeiro do Sul,AC,91888,22567.23,54.361,61.815,60.398,40.871,66.177,37.781,78.84,64.462,66.744,57.231,58.23,59.386,35.92,44.76,45.7,37.102
4215695,Santiago do Sul,SC,1651,29576.55,64.807,81.96,67.531,44.929,70.644,80.924,88.856,87.418,79.45,59.355,62.587,68.731,24.63,40.634,77.362,37.09
4117008,Nova Fátima,PR,7225,43909.64,58.282,70.755,64.979,39.111,67.853,67.819,94.937,52.412,76.012,68.775,45.086,70.041,21.987,50.639,46.736,37.082
3505807,Bastos,SP,21503,49993.38,63.386,80.518,71.663,37.976,69.006,90.196,92.69,70.179,82.293,70.514,63.103,70.74,26.877,51.556,36.402,37.07
3554656,Torre de Pedra,SP,2046,18588.77,63.825,85.742,65.607,40.125,69.337,90.376,95.838,87.418,73.214,71.568,48.794,68.853,11.702,43.811,67.92,37.065
3168606,Teófilo Otoni,MG,137418,21636.3,61.025,74.68,65.787,42.609,71.52,76.343,90.287,60.569,70.564,65.548,63.166,63.871,25.09,53.798,54.491,37.056
5209937,Inaciolândia,GO,5954,40184.57,56.948,67.479,66.054,37.313,73.425,73.356,95.864,27.271,80.571,65.62,55.685,62.339,18.462,25.47,68.275,37.044
4305355,Charqueadas,RS,35012,49972.98,63.198,76.757,64.166,48.67,71.518,92.231,83.607,59.671,67.444,78.001,51.167,60.052,45.4,69.778,42.46,37.042
4110904,Itaguajé,PR,4481,27378.28,59.405,78.713,64.877,34.626,73.514,76.388,96.712,68.24,78.546,66.453,44.869,69.641,26.398,33.231,41.833,37.04
2304202,Crato,CE,131050,14385.73,62.86,72.084,68.191,48.305,68.537,76.565,92.915,50.321,77.055,69.933,59.519,66.257,35.19,48.251,72.747,37.033
5007208,Rio Brilhante,MS,37601,99951.67,58.871,75.199,59.676,41.738,73.302,73.388,89.171,64.935,64.064,59.185,55.444,60.01,15.041,35.139,79.742,37.031
2611507,Quipapá,PE,17928,10805.94,58.19,71.984,63.028,39.56,70.023,77.323,88.22,52.37,72.111,58.524,55.483,65.992,30.421,26.907,63.892,37.019
3170404,Unaí,MG,86619,50232.58,63.069,76.425,66.965,45.817,74.664,80.054,89.973,61.01,74.005,66.678,64.264,62.916,35.694,49.413,61.143,37.018
3128501,Guarará,MG,3149,18436.56,63.384,83.144,62.422,44.586,66.978,85.285,96.243,84.07,67.064,72.05,38.117,72.457,23.148,48.371,69.807,37.016
4211850,Ouro Verde,SC,2181,63393.39,54.196,65.244,59.818,37.524,72.975,41.839,83.083,63.08,67.947,54.475,53.062,63.791,23.055,27.245,62.791,37.005
4113452,Lindoeste,PR,5175,39102.32,51.843,62.229,58.825,34.475,72.872,64.456,79.13,32.458,78.434,62.632,29.73,64.505,19.015,41.258,40.62,37.005
4217550,Serra Alta,SC,3303,35993.21,66.017,79.449,68.376,50.227,79.045,60.08,92.119,86.553,74.855,68.452,66.984,63.212,37.421,29.889,96.61,36.99
4126504,Sertanópolis,PR,15930,43682.8,60.627,76.709,68.085,37.087,71.804,83.204,95.191,56.636,75.511,66.986,56.872,72.971,24.524,51.111,35.727,36.986
3164308,São Roque de Minas,MG,7129,45664.78,60.28,80.637,65.253,34.949,71.101,73.728,93.758,83.96,77.662,60.037,58.27,65.042,16.668,44.459,41.69,36.981
1504307,Maracanã,PA,25971,11247.7,51.954,61.178,52.288,42.395,67.192,52.342,56.921,68.259,50.356,37.733,59.201,61.862,29.594,29.885,73.149,36.954
3300100,Angra dos Reis,RJ,167434,67345.71,56.801,65.799,65.58,39.025,70.049,80.276,84.516,28.354,68.252,74.168,56.631,63.267,36.571,49.931,32.66,36.938
4311908,Marcelino Ramos,RS,4320,39131.74,62.302,73.748,67.826,45.332,66.673,70.168,85.962,72.188,78.378,61.458,61.553,69.915,23.039,53.222,68.129,36.937
2110104,Santa Quitéria do Maranhão,MA,23957,9186.92,53.309,56.799,57.785,45.343,59.866,40.099,55.355,71.874,65.473,45.129,62.413,58.127,32.842,26.898,84.7,36.934
3553658,Taquaral,SP,2619,18023.71,63.458,82.719,66.232,41.422,82.398,94.837,98.872,54.769,82.592,64.579,49.408,68.349,16.243,69.223,43.291,36.932
3202603,Iconha,ES,12326,25729.95,62.222,76.288,68.203,42.176,77.741,71.132,81.912,74.365,80.384,67.23,63.099,62.1,13.762,59.025,58.988,36.928
2603306,Calçado,PE,11093,10469.73,54.622,60.42,63.542,39.904,75.794,37.147,90.375,38.365,72.276,52.768,63.632,65.494,34.157,31.194,57.339,36.924
4214904,Rio Fortuna,SC,4847,62919.57,60.759,77.447,67.968,36.861,74.097,59.539,90.462,85.689,80.502,74.02,60.097,57.254,20.053,26.438,64.037,36.916
2307650,Maracanaú,CE,234509,52991.9,59.52,69.113,67.786,41.659,70.113,68.606,91.687,46.048,78.144,72.753,52.921,67.325,32.951,45.94,50.834,36.913
2311306,Quixadá,CE,84168,13282.61,58.735,65.548,67.697,42.96,72.497,63.939,86.894,38.865,75.734,65.892,63.377,65.784,35.546,47.044,52.341,36.909
3504503,Avaré,SP,92805,35589.23,65.175,82.212,71.293,42.02,75.027,92.108,92.395,69.315,78.437,78.153,59.306,69.277,23.872,61.978,45.323,36.908
3305604,Silva Jardim,RJ,21352,28430.28,57.611,64.655,65.148,43.028,68.235,67.509,78.741,44.136,66.053,65.192,59.296,70.053,46.191,40.452,48.563,36.908
4212304,Paulo Lopes,SC,9063,27787.5,62.347,77.398,66.112,43.533,83.227,57.638,83.901,84.824,65.585,70.162,62.331,66.368,30.65,29.196,77.4,36.886
2908002,Coaraci,BA,17333,11104.3,55.016,63.321,55.232,46.494,58.956,89.861,95.053,9.416,49.829,60.753,45.308,65.038,23.331,34.742,91.019,36.886
3509601,Campo Limpo Paulista,SP,77632,32839.88,60.599,75.52,69.224,37.052,75.098,79.036,80.203,67.744,78.602,70.023,56.174,72.096,22.104,44.612,44.61,36.881
3301108,Cantagalo,RJ,19390,43711.37,58.092,71.313,67.706,35.256,60.308,72.888,85.336,66.718,75.92,72.608,62.427,59.87,28.467,41.247,34.441,36.868
2107100,Morros,MA,18554,8140.05,49.415,50.086,59.729,38.429,70.121,18.949,51.405,59.87,64.792,40.295,69.164,64.664,17.023,23.785,76.041,36.866
3529500,Mendonça,SP,6159,61295.82,60.965,76.265,71.036,35.593,61.049,82.118,96.816,65.078,84.134,75.349,61.821,62.841,18.918,48.044,38.546,36.862
3151503,Piumhi,MG,36062,35776.86,61.429,81.329,70.239,32.721,66.934,88.57,97.361,72.451,75.559,69.216,64.52,71.659,18.624,61.908,13.491,36.86
2309805,Pacoti,CE,11186,13360.37,54.567,60.87,64.398,38.433,69.184,42.42,83.901,47.976,76.462,57.583,51.975,71.574,20.825,48.89,47.16,36.857
4128609,Verê,PR,7932,63463.84,56.82,71.694,63.325,35.441,63.867,64.735,75.32,82.853,80.082,57.802,47.19,68.228,20.771,41.751,42.389,36.852
3129509,Ibiá,MG,22229,69546.66,60.534,79.165,63.116,39.322,72.284,90.805,97.205,56.365,65.413,71.424,54.759,60.87,36.93,40.37,43.143,36.844
3522406,Itapeva,SP,89728,42535.79,62.22,78.768,68.582,39.308,69.233,84.997,93.916,66.926,82.66,72.719,48.826,70.125,17.133,53.487,49.774,36.837
4302501,Bossoroca,RS,5890,83901.25,56.675,73.443,57.789,38.792,82.336,53.975,85.234,72.227,68.798,51.26,54.455,56.643,14.508,41.787,62.043,36.829
3108206,Bonfinópolis de Minas,MG,5528,83586.77,61.944,78.047,64.871,42.915,67.074,71.425,89.416,84.274,80.766,56.812,57.617,64.289,32.896,33.059,68.878,36.826
2111631,São Raimundo do Doca Bezerra,MA,5650,7838.76,54.395,66.811,54.886,41.489,66.625,57.802,69.43,73.385,61.932,40.307,56.488,60.815,20.619,26.295,82.225,36.817
3303708,Paraíba do Sul,RJ,42063,30006.87,62.364,74.241,66.368,46.482,68.559,85.288,83.78,59.339,72.273,70.857,53.681,68.663,50.259,51.199,47.658,36.814
2409407,Pau dos Ferros,RN,30479,23442.74,65.941,79.262,66.344,52.217,75.699,85.994,95.793,59.561,71.145,72.94,54.94,66.35,36.169,49.036,86.851,36.813
4306304,David Canabarro,RS,4321,53468.26,65.269,79.102,67.307,49.399,77.438,69.895,85.196,83.879,84.086,58.844,58.198,68.101,32.939,56.358,71.491,36.807
1100122,Ji-Paraná,RO,124333,34278.91,56.116,61.61,66.206,40.531,67.903,51.188,90.152,37.199,74.104,72.041,56.419,62.26,25.148,50.435,49.736,36.806
3303955,Pinheiral,RJ,24298,60221.06,62.556,74.274,68.167,45.229,67.193,81.509,93.909,54.484,74.314,72.288,56.346,69.72,32.686,56.328,55.108,36.792
4307500,Espumoso,RS,15173,73896.24,60.22,75.583,64.087,40.991,78.026,78.138,79.202,66.964,71.673,61.743,53.454,69.479,17.059,53.622,56.491,36.79
1100189,Pimenta Bueno,RO,35079,47165.15,58.347,67.213,61.222,46.605,57.22,60.53,95.882,55.222,71.405,66.867,56.005,50.61,33.491,44.536,71.608,36.786
4310579,Itapuca,RS,1937,49004.6,54.177,69.108,56.254,37.169,73.746,43.192,77.843,81.652,63.589,50.541,52.156,58.732,18.798,41.243,51.85,36.785
4211405,Nova Erechim,SC,5155,48269.5,61.563,74.933,70.527,39.23,71.279,68.52,94.253,65.678,73.916,71.993,65.803,70.397,24.54,33.282,62.324,36.774
3525102,Jardinópolis,SP,45282,35164.07,65.526,81.401,69.494,45.683,69.526,99.323,93.257,63.499,74.941,79.178,55.208,68.65,34.946,51.872,59.141,36.771
1600253,Itaubal,AP,5599,15812.22,52.257,61.271,53.684,41.815,78.988,37.205,64.454,64.437,50.704,45.02,62.712,56.298,42.285,27.042,61.169,36.766
5106372,Pedra Preta,MT,18066,87862.59,59.335,71.185,60.606,46.213,68.5,63.928,92.831,59.483,62.279,61.866,60.465,57.815,27.35,37.913,82.825,36.765
3140506,Martinho Campos,MG,14003,34152.53,61.444,80.938,64.487,38.908,72.033,81.571,94.539,75.61,66.01,71.646,59.672,60.618,21.972,40.389,56.514,36.758
3304409,Rio Claro,RJ,17401,25237.26,59.702,75.121,63.947,40.037,74.606,68.974,93.239,63.665,74.466,60.276,50.262,70.784,29.611,49.948,43.846,36.742
4103404,Cafeara,PR,2627,43734.92,60.722,76.968,68.391,36.809,76.848,76.377,93.719,60.926,78.884,74.258,56.336,64.084,32.644,40.641,37.21,36.74
4321402,Tenente Portela,RS,14497,40245.65,53.306,64.251,64.111,31.556,67.662,64.387,67.935,57.02,65.76,61.373,60.014,69.296,30.196,45.016,14.272,36.74
4300570,Alto Feliz,RS,3072,52971.13,65.058,85.79,65.458,43.927,82.011,83.912,92.414,84.824,66.667,67.355,59.811,67.999,26.145,55.946,56.883,36.732
4323358,Vila Lângaro,RS,2079,81849.06,57.158,71.245,63.585,36.643,71.995,38.573,90.451,83.96,70.479,48.119,69.27,66.471,15.242,49.26,45.343,36.728
3535507,Paraguaçu Paulista,SP,41120,44136.69,62.038,80.75,67.262,38.101,68.689,93.43,93.327,67.553,81.384,66.072,54.801,66.793,20.183,61.133,34.369,36.719
2112001,Tasso Fragoso,MA,8862,267278,54.762,65.599,56.507,42.181,66.332,58.431,66.235,71.397,72.328,44.561,65.292,43.846,39.285,31.027,61.696,36.716
3147600,Passa Quatro,MG,15515,30671.72,66.309,81.557,68.445,48.925,66.833,88.597,96.645,74.153,75.167,71.72,57.515,69.38,32.065,53.222,73.698,36.715
4110052,Iguatu,PR,2144,39468.4,53.947,56.495,69.809,35.537,50.617,83.511,91.23,0.62,83.487,70.033,58.27,67.447,32.985,35.645,36.802,36.714
5202353,Arenópolis,GO,2946,76104.83,55.427,72.213,55.665,38.402,57.857,71.803,88.693,70.5,77.596,41.402,52.923,50.738,28.334,44.072,44.498,36.704
1100288,Rolim de Moura,RO,56406,27951.28,58.928,70.429,63.732,42.623,68.4,64.095,95.449,53.771,77.018,63.069,58.146,56.698,34.881,42.317,56.602,36.692
3145208,Nova Serrana,MG,105552,25154.75,63.871,78.457,74.313,38.844,75.287,83.675,93.596,61.269,79.98,77.481,67.048,72.745,16.909,53.254,48.524,36.689
2802007,Divina Pastora,SE,4340,43777.86,58.391,66.142,64.813,44.218,64.523,57.791,90.886,51.369,66.686,62.602,64.942,65.022,37.326,34.924,67.945,36.679
5222302,Vila Propício,GO,5815,53355.37,56.783,73.612,58.091,38.645,76.606,46.882,88.343,82.615,80.277,38.463,63.548,50.077,19.853,28.625,69.427,36.673
4319752,São Vendelino,RS,2251,42845.83,64.138,79.291,67.625,45.499,72.666,77.027,86.983,80.486,78.276,74.923,52.765,64.538,18.7,50.836,75.786,36.672
3533502,Novo Horizonte,SP,38324,41684.91,64.731,81.576,70.524,42.094,67.319,95.78,96.52,66.684,84.042,75.044,53.924,69.085,31.509,50.101,50.096,36.669
4206652,Guatambú,SC,8425,42439.67,59.188,67.458,60.471,49.635,71.581,59.825,89.884,48.542,62.451,58.953,57.227,63.254,35.231,44.955,81.689,36.664
3117207,Conceição das Pedras,MG,2772,22182.04,61.982,74.539,65.462,45.946,60.806,82.501,92.667,62.181,72.828,61.427,60.405,67.188,21.175,52.331,73.619,36.661
1200393,Porto Walter,AC,10735,15063.52,50.582,65.509,48.408,37.828,79.268,43.466,75.316,63.986,64.879,16.833,68.754,43.168,30.513,13.162,70.978,36.657
4205803,Garuva,SC,18545,110431.96,60.166,72.684,65.336,42.479,78.783,77.722,83.226,51.004,72.71,66.106,56.318,66.21,41.325,39.958,51.979,36.655
4206108,Grão-Pará,SC,6277,52818.5,60.357,76.354,63.71,41.007,72.368,73.502,88.237,71.309,74.793,57.421,61.906,60.722,33.083,36.663,57.629,36.655
5210406,Itaberaí,GO,44734,40643.16,60.699,77.365,67.896,36.837,74.203,77.469,95.318,62.47,81.29,64.36,62.273,63.659,33.306,41.29,36.102,36.65
5213756,Montividiu,GO,12521,129071.81,57.603,74.523,66.936,31.35,77.675,74.683,97.72,48.012,78.207,63.259,64.826,61.452,12.725,36.954,39.08,36.639
3115003,Cascalho Rico,MG,2712,29715.35,62.158,82.144,67.48,36.851,70.901,78.381,93.608,85.689,84.051,55.657,66.596,63.616,21.871,51.789,37.108,36.636
2403251,Parnamirim,RN,252716,27285.07,63.538,79.588,68.638,42.388,74.965,84.598,95.564,63.225,65.269,79.791,60.597,68.895,29.955,57.599,45.365,36.632
3529104,Marinópolis,SP,1860,21698.65,64.875,85.554,67.536,41.534,69.374,90.507,96.647,85.689,86.349,71.546,47.463,64.786,24.31,53.339,51.859,36.63
2112274,Tufilândia,MA,5507,10987.75,55.59,68.154,56.079,42.536,55.023,68.588,62.453,86.553,58.704,52.153,59.012,54.447,20.467,24.174,88.877,36.625
2109908,Santa Inês,MA,85014,17371.17,56.015,63.077,63.556,41.411,59.6,71.384,85.573,35.75,69.081,70.374,58.454,56.315,25.362,38.875,64.783,36.623
4322525,Vale Verde,RS,3150,41715.65,54.792,65.431,52.188,46.755,69.732,72.513,82.439,37.041,70.897,44.542,42.348,50.965,30.154,49.506,70.744,36.617
5222203,Vila Boa,GO,4215,42992.23,55.536,67.799,62.955,35.855,76.621,68.749,91.127,34.698,75.438,60.153,59.901,56.329,15.822,35.008,55.996,36.594
4122602,Rondon,PR,9097,38764.39,61.167,79.959,67.247,36.294,70.286,90.134,95.036,64.379,70.444,68.632,60.225,69.685,17.027,45.925,45.657,36.568
3518602,Guariba,SP,37498,30492.84,62.924,80.294,68.683,39.797,69.588,93.396,95.343,62.847,81.381,69.34,53.165,70.845,31.366,47.618,43.635,36.567
4103370,Brasilândia do Sul,PR,3708,74966.7,54.585,70.477,58.1,35.178,58.815,79.018,96.639,47.434,74.133,54.651,39.923,63.694,21.643,45.004,37.513,36.554
2101806,Benedito Leite,MA,5469,13475.24,52.058,61.768,51.724,42.683,71.134,52.466,61.234,62.237,67.689,42.244,43.362,53.601,26.046,33.025,75.107,36.553
3531803,Monte Mor,SP,64662,67261.82,64.936,80.192,69.963,44.653,71,93.114,91.688,64.964,76.851,72.423,60.917,69.659,29.447,46.215,66.397,36.552
4209508,Laurentino,SC,7932,56481.06,62.515,80.075,68.875,38.594,63.008,80.178,93.277,83.839,79.949,67.648,61.189,66.714,20.795,47.808,49.226,36.545
4111555,Ivaté,PR,6831,30074.19,60.637,79.245,66.471,36.195,70.866,81.197,94.832,70.085,82.604,69.267,48.154,65.859,27.433,38.735,42.068,36.544
1100015,Alta Floresta D'Oeste,RO,21494,34420.33,50.947,59.696,55.02,38.125,59.818,31.922,88.364,58.681,72.217,55.377,49.589,42.898,41.721,37.736,36.497,36.544
4316451,Salto do Jacuí,RS,10203,119799.39,57.666,70.347,61.108,41.543,74.577,83.532,63.837,59.442,62.783,63.661,51.516,66.473,32.591,67.024,30.017,36.538
3530300,Mirassol,SP,63337,42309.46,67.584,81.881,74.407,46.463,71.554,91.37,95.801,68.801,82.265,77.075,66.173,72.114,21.73,64.493,63.106,36.524
4204806,Curitibanos,SC,40045,47167,59.599,74.322,71.024,33.45,60.672,88.552,82.426,65.636,73.623,88.614,51.399,70.462,12.13,42.721,42.428,36.521
4211207,Morro da Fumaça,SC,18537,50102.59,59.824,75.938,67.275,36.258,62.467,77.992,95.22,68.072,71.528,70.441,54.422,72.71,27.953,33.169,47.395,36.514
2925204,Pojuca,BA,32136,57783.24,57.68,63.347,64.609,45.085,70.584,81.137,86.327,15.34,65.144,66.456,56.383,70.452,34.252,43.629,65.95,36.507
5105309,Luciara,MT,2509,16531.52,51.732,68.384,48.037,38.775,77.53,77.152,79.625,39.229,63.987,39.536,57.819,30.806,31.23,30.13,57.233,36.507
4302352,Bom Princípio,RS,13142,69487.99,63.704,81.941,69.668,39.504,76.951,95.026,92.195,63.591,72.378,77.459,57.503,71.332,17.624,53.88,50.006,36.504
4315800,Roca Sales,RS,10418,55700.36,62.431,79.695,66.759,40.839,75.332,75.742,93.92,73.784,72.291,72.537,58.774,63.432,20.739,40.469,65.657,36.49
1501808,Breves,PA,106968,8418.02,49.299,47.801,55.615,44.482,67.674,25.877,32.961,64.691,45.462,38.359,71.889,66.75,24.442,35.553,81.446,36.488
1100601,Cacaulândia,RO,4150,66830.84,52.925,62.736,55.558,40.48,68.785,20.84,90.452,70.865,72.63,51.979,63.398,34.224,43.086,35.843,46.506,36.487
4120309,Porto Vitória,PR,3562,27925.57,60.389,73.985,64.06,43.123,67.573,64.71,81.89,81.765,76.215,66.47,47.855,65.699,21.047,30.257,84.702,36.486
4215554,Santa Helena,SC,2425,43035.18,63.062,82.465,60.897,45.823,70.085,85.707,90.11,83.96,79.29,66.798,37.638,59.864,22.296,35.214,89.302,36.48
3531407,Monte Aprazível,SP,22280,34658.72,63.788,80.625,68.639,42.102,67.424,92.626,98.23,64.22,81.808,70.122,54.545,68.079,24.731,54.458,52.744,36.474
3510807,Casa Branca,SP,28083,42294.26,63.118,78.242,67.692,43.42,67.042,92.25,89.959,63.718,77.116,71.485,46.887,75.279,27.115,78.178,31.919,36.468
3139508,Manhumirim,MG,20613,27536.39,58.923,73.074,66.648,37.048,61.516,79.329,91.109,60.345,69.266,64.016,59.503,73.806,30.95,50.249,30.537,36.453
2510659,Parari,PB,1720,12588.32,57.616,69.492,58.666,44.689,74.132,44.291,91.174,68.37,72.383,52.404,41.379,68.498,24.413,45.319,72.573,36.451
3537404,Pereira Barreto,SP,24095,45462.7,66.46,78.742,70.972,49.667,69.745,89.962,94.911,60.349,84.991,70.058,57.981,70.859,26.505,71.411,64.318,36.433
3154408,Ressaquinha,MG,4548,82620.53,60.619,71.29,67.003,43.563,72.015,63.181,90.903,59.06,75.281,71.766,50.123,70.841,20.027,65.547,52.249,36.43
2202109,Campinas do Piauí,PI,4938,11728.58,57.576,67.98,54.474,50.275,65.409,38.323,84.23,83.96,63.776,41.835,47.538,64.746,31.964,35.431,97.279,36.425
4305900,Coronel Bicaco,RS,6144,84458.43,51.319,61.967,62.946,29.042,61.053,57.502,73.269,56.046,66.394,56.354,57.19,71.847,27.492,30.189,22.074,36.414
3304607,Santa Maria Madalena,RJ,10232,23093.67,58.921,64.776,61.144,50.842,65.255,48.213,89.142,56.496,72.591,54.528,52.828,64.629,39.201,48.663,79.099,36.406
4303806,Campinas do Sul,RS,5284,76138.84,61.863,70.566,67.675,47.348,72.733,86.549,92.097,30.885,80.981,68.669,50.553,70.499,22.96,43.517,86.511,36.405
3109303,Buritis,MG,24030,48793.69,58.598,74.788,62.019,38.986,69.948,72.81,91.631,64.762,71.542,58.43,58.044,60.061,29.199,33.68,56.669,36.395
2931350,Teixeira de Freitas,BA,145216,19948.63,57.252,65.79,65.184,40.783,66.274,82.27,94.086,20.53,59.463,70.782,56.499,73.993,24.812,41.178,60.746,36.395
3204906,São Mateus,ES,123752,23992.84,59.986,69.53,67.09,43.338,69.444,80.122,89.917,38.636,75.146,69.023,58.029,66.162,43.103,46.301,47.557,36.39
3513801,Diadema,SP,393237,47348.78,62.853,80.828,72.321,35.409,73.236,93.886,88.003,68.188,80.897,75.06,59.154,74.173,20.595,53.772,30.879,36.389
4322400,Uruguaiana,RS,117210,31944.59,59.984,77.069,62.483,40.399,74.891,85.445,87.439,60.502,67.907,70.234,52.234,59.558,46.695,52.859,25.666,36.376
4322376,Unistalda,RS,1995,75265.25,54.229,59.968,59.766,42.952,63.342,35.218,81.495,59.818,74.695,57.533,51.959,54.876,25.633,52.911,56.906,36.358
4216701,São José do Cedro,SC,14167,40395.24,61.168,78.061,68.969,36.475,79.612,77.783,88.067,66.781,77.042,68.575,58.817,71.442,26.969,46.116,36.461,36.354
4114807,Marialva,PR,41851,63890.9,62.313,77.469,67.999,41.471,74.166,82.417,93.858,59.436,76.77,71.379,54.434,69.412,31.106,52.533,45.9,36.346
3522505,Itapevi,SP,232297,55742.59,62.092,76.255,69.921,40.1,70.245,87.256,80.29,67.23,76.919,71.503,62.377,68.886,25.484,45.308,53.265,36.342
3200706,Atílio Vivácqua,ES,10540,34487.7,60.916,72.776,69.559,40.412,72.705,71.382,87.842,59.176,74.195,71.822,58.237,73.981,19.979,42.026,63.302,36.341
3540259,Pontalinda,SP,4127,23926.73,62.729,84.943,64.335,38.908,75.639,87.418,92.055,84.659,75.55,62.695,53.637,65.459,25.563,35.322,58.408,36.337
3536703,Pederneiras,SP,44827,68901.44,62.281,79.22,70.739,36.884,70.576,88.248,89.395,68.661,73.857,76.941,57.634,74.522,24.405,63.068,23.73,36.332
3123205,Dores do Indaiá,MG,12630,28092.11,61.78,79.502,64.116,41.722,66.751,88.071,96.122,67.064,74.886,64.707,53.578,63.295,19.899,55.842,54.819,36.329
3514106,Dois Córregos,SP,24510,34328.71,64.43,77.001,70.896,45.392,64.943,87.927,90.621,64.514,81.601,77.301,52.886,71.796,25.098,52.794,67.356,36.319
4207304,Imbituba,SC,52579,47941.17,60.953,74.125,71.761,36.972,64.312,73.769,90.245,68.175,72.954,77.449,64.33,72.312,23.754,51.415,36.404,36.316
4202701,Botuverá,SC,5363,80871.37,61.687,77.302,64.744,43.017,75.226,54.53,95.22,84.231,74.205,50.968,63.843,69.958,39.004,43.347,53.401,36.315
5005251,Laguna Carapã,MS,6799,150699.43,48.001,63.164,51.939,28.9,76.627,50.06,75.925,50.044,54.193,48.326,49.011,56.224,27.076,27.67,24.543,36.311
3141306,Medeiros,MG,3900,63880.9,63.012,78.45,64.25,46.334,74.082,73.411,94.509,71.798,74.669,57.514,62.711,62.109,32.932,49.688,66.41,36.306
4128559,Vera Cruz do Oeste,PR,8215,41828.03,59.051,74.849,67.152,35.154,68.572,84.103,94.958,51.765,80.145,62.381,52.405,73.676,21.346,44.207,38.759,36.302
5104559,Itaúba,MT,5020,84081.46,55.898,77.404,53.557,36.732,74.327,70.83,94.709,69.749,67.618,69.24,49.147,28.222,37.858,33.922,38.847,36.302
1400407,Normandia,RR,13986,14610.32,44.954,48.3,49.162,37.401,65.842,37.614,37.65,52.092,57.325,27.197,50.503,61.623,26.902,19.024,67.38,36.297
4218855,União do Oeste,SC,2774,30910.02,63.498,78.053,63.56,48.882,83.475,60.126,87.696,80.916,75.789,62.266,52.94,63.247,36.815,35.972,86.442,36.297
3170438,União de Minas,MG,3828,34319.77,52.043,69.168,58.523,28.437,49.705,72.281,84.439,70.247,65.888,53.74,58.946,55.519,34.244,39.101,4.112,36.289
3127206,Funilândia,MG,4686,17913.22,60.423,67.995,65.747,47.526,69.186,60.946,88.586,53.262,71.409,62.765,57.931,70.885,23.834,59.313,70.696,36.262
3517703,Guará,SP,18606,33468.66,61.469,80.951,68.654,34.801,70.534,88.217,96.748,68.304,78.544,74.202,52.11,69.759,23.893,44.225,34.825,36.261
2308609,Monsenhor Tabosa,CE,17149,9439.16,54.189,55.653,59.33,47.585,71.373,48.179,88.87,14.189,78.037,46.385,50.794,62.103,56.222,38.496,59.368,36.252
4304853,Carlos Gomes,RS,1368,51872.27,58.296,74.869,60.356,39.664,90.341,69.412,74.876,64.845,77.393,52.685,49.354,61.993,18.924,37.016,66.464,36.251
4126702,Tamboara,PR,4880,26075.86,61.02,79.357,63.911,39.793,63.701,80.085,97.709,75.935,77.721,63.43,42.204,72.288,22.582,41.899,58.441,36.251
4101101,Andirá,PR,19878,41377.84,66.576,77.987,68.238,53.501,62.611,86.627,96.002,66.71,79.497,70.306,52.279,70.872,22.466,73.331,81.973,36.234
3168051,Taparuba,MG,3387,14593.51,55.908,70.826,62.374,34.524,64.779,71.852,95.806,50.866,80.013,55.87,46.545,67.068,17.823,38.764,45.283,36.227
4201901,Aurora,SC,6780,60451.82,54.958,60.263,65.899,38.712,71.348,40.696,84.555,44.454,73.096,62.275,62.44,65.786,28.729,45.518,44.391,36.212
3115607,Cedro do Abaeté,MG,1081,20878.41,60.988,82.258,63.963,36.743,59.235,85.08,99.027,85.689,69.297,73.465,43.872,69.22,26.04,46.887,37.843,36.204
5204953,Campos Verdes,GO,4005,14171.87,54.141,55.311,60.318,46.795,45.93,81.519,93.793,0,74.815,65.105,46.82,54.534,21.776,32.484,96.73,36.19
1702901,Axixá do Tocantins,TO,10262,13849.34,56.088,68.02,57.619,42.626,61.875,69.993,75.346,64.867,60.922,58.788,49.426,61.34,19.81,33.601,80.907,36.187
3552304,Sud Mennucci,SP,7355,31059.08,62.443,81.026,65.887,40.416,76.732,92.854,97.624,56.895,82.337,62.955,49.506,68.752,24.644,64.602,36.234,36.186
3300605,Bom Jesus do Itabapoana,RJ,35173,26008.49,59.876,75.324,66.8,37.505,55.338,78.375,95.834,71.748,76.305,69.288,51.304,70.303,22.167,46.925,44.741,36.185
5001904,Bataguassu,MS,23031,45881.11,62.017,74.08,64.925,47.047,60.071,77.834,93.812,64.602,74.541,67.3,58.841,59.02,37.437,47.273,67.309,36.169
2112506,Tutóia,MA,53356,10312.89,53.638,58.611,59.765,42.538,64.843,23.64,69.024,76.936,66.581,48.91,58.923,64.645,23.379,29.121,81.491,36.159
3541802,Queiroz,SP,3265,211250.09,67.277,86.59,65.25,49.992,87.673,95.994,95.403,67.292,81.073,72.867,42.744,64.316,29.429,40.581,93.81,36.147
5204508,Caldas Novas,GO,98622,30650.29,63.187,78.896,71.075,39.59,73.395,84.318,91.755,66.116,79.718,73.908,62.192,68.483,42.486,41.737,37.991,36.146
2209708,São Francisco do Piauí,PI,5392,10911.05,54.063,67.166,54.395,40.627,62.117,63.628,81.614,61.307,69.815,42.573,40.886,64.305,19.025,20.859,86.481,36.141
3305505,Saquarema,RJ,89559,474392.4,55.166,68.993,67.916,28.588,71.954,54.15,86.456,63.412,69.806,75.901,55.586,70.372,8.32,42.386,27.515,36.133
3501004,Altinópolis,SP,16818,49915.55,60.056,79.159,67.715,33.292,63.969,87.932,95.789,68.945,75.924,70.756,56.658,67.523,26.053,64.857,6.132,36.127
4311304,Lagoa Vermelha,RS,27659,55115.8,59.541,74.578,66.983,37.063,74.115,86.943,89.75,47.505,72.746,67.856,54.29,73.042,22.025,46.172,43.932,36.121
5206404,Crixás,GO,17065,41278.88,56.178,62.217,62.226,44.091,64.747,60.606,86.16,37.356,81.459,58.333,57.097,52.014,20.953,41.933,77.358,36.119
3203908,Nova Venécia,ES,49065,27502.77,60.292,73.329,65.683,41.866,70.962,69.267,87.528,65.557,76.647,61.183,58.257,66.644,29.627,48.107,53.631,36.099
4322202,Tupanciretã,RS,20005,103323.6,61.437,74.116,62.77,47.424,70.801,74.665,86.455,64.542,68.405,67.763,59.101,55.812,33.088,59.465,61.046,36.097
4214300,Rancho Queimado,SC,3279,50911.2,63.328,75.637,71.925,42.42,79.265,53.795,87.914,81.575,77.274,80.783,66.611,63.032,18.06,48.53,66.997,36.093
3537107,Pedreira,SP,43112,35094,67.272,83.957,71.367,46.491,75.772,89.685,99.165,71.208,79.484,72.881,58.395,74.706,28.724,58.707,62.443,36.089
3143401,Monte Sião,MG,24089,25359.09,65.442,79.533,67.691,49.101,74.279,79.353,98.42,66.081,71.65,65.85,63.52,69.742,35.616,56.806,67.894,36.087
5201454,Aparecida do Rio Doce,GO,2907,38140.88,55.584,72.542,57.459,36.75,81.77,87.63,96.313,24.456,70.993,59.827,41.022,57.993,27.512,32.395,51.008,36.083
3552403,Sumaré,SP,279545,58301.9,64.653,80.477,72.594,40.887,73.044,89.154,93.22,66.489,78.818,75.118,58.936,77.504,33.822,51.066,42.578,36.083
2703601,Japaratinga,AL,9219,27532.21,52.995,61.176,61.892,35.918,62.284,50.335,77.291,54.792,60.785,67.302,51.176,68.303,23.061,22.428,62.113,36.068
1100023,Ariquemes,RO,96833,33389.36,55.975,66.456,62.353,39.115,64.948,55.902,93.063,51.912,68.459,71.949,54.393,54.61,32.976,48.697,38.723,36.064
3171204,Vespasiano,MG,129246,23541.05,60.732,75.117,65.977,41.103,65.954,83.476,87.028,64.01,71.701,72.098,60.767,59.342,24.376,49.388,54.609,36.038
2608255,Jucati,PE,11517,11306.21,54.058,64.424,60.269,37.481,71.952,38.626,89.646,57.473,74.266,53.906,47.132,65.771,20.505,26.221,67.16,36.038
4113502,Loanda,PR,23225,30272.78,63.381,79.863,66.976,43.305,71.632,95.325,95.602,56.893,77.319,68.454,53.802,68.328,28.784,51.871,56.528,36.037
4303707,Campina das Missões,RS,5882,40957.82,56.68,71.38,64.783,33.876,64.464,73.797,84.408,62.851,82.902,55.403,47.629,73.198,21.667,41.407,36.407,36.023
1303536,Presidente Figueiredo,AM,30668,33893.24,55.349,62.286,58.573,45.188,72.493,57.507,79.99,39.156,65.881,46.039,57.594,64.776,41.401,39.206,64.125,36.022
3534500,Oscar Bressane,SP,2470,46034.83,66.198,85.779,67.718,45.098,72.143,89.119,96.163,85.689,84.391,66.624,54.027,65.829,14.599,59.254,70.535,36.004
5207105,Diorama,GO,2062,47307.93,61.58,80.116,62.874,41.75,72.706,70.425,94.57,82.761,82.715,49.244,65.722,53.814,42.821,34.709,53.486,35.984
4312179,Mato Queimado,RS,1795,49633.23,60.892,76.267,61.677,44.73,51.812,90.245,75.593,87.418,77.353,52.449,48.697,68.21,14.508,47.789,80.647,35.976
3103603,Arantina,MG,2915,30596.35,60.807,80.945,66.187,35.289,61.469,85.346,98.37,78.595,74.096,69.588,51.402,69.661,20.19,27.144,57.849,35.974
3139706,Maravilhas,MG,7333,32027.28,61.748,83.478,63.776,37.99,76.728,75.608,95.889,85.689,66.095,61.964,57.184,69.861,20.772,44.83,50.393,35.968
4323606,Vista Alegre do Prata,RS,1590,53993.81,62.734,79.497,67.374,41.33,80.094,83.79,85.866,68.236,80.759,70.124,53.474,65.139,21.636,48.3,59.423,35.962
5100607,Alto Taquari,MT,10904,119706.3,63.759,82.293,59.181,49.803,81.386,93.03,95.95,58.804,64.525,62.201,53.397,56.603,44.005,47.574,71.701,35.931
3300209,Araruama,RJ,129671,32892.28,60.175,70.72,69.322,40.484,68.403,81.458,88.762,44.256,69.581,76.864,59.9,70.942,33.636,53.782,38.593,35.923
3546306,Santa Cruz das Palmeiras,SP,28864,22892.27,63.379,81.647,65.545,42.944,72.448,94.664,95.837,63.64,77.439,67.344,51.322,66.077,14.054,48.47,73.331,35.921
3513900,Divinolândia,SP,11158,44366.79,64.626,77.176,65.688,51.012,57.693,76.459,89.563,84.988,77.183,74.473,39.291,71.806,30.807,50.712,86.627,35.903
3545209,Salto,SP,134319,69769.75,67.806,78.404,73.172,51.843,73.964,92.375,76.879,70.396,82.744,74.271,62.779,72.895,33.805,59.526,78.141,35.9
1507755,Sapucaia,PA,5847,24321.29,51.857,63.578,50.973,41.021,60.87,57.808,84.79,50.846,40.488,56.745,55.859,50.799,29.379,24.632,74.18,35.892
4200556,Águas Frias,SC,2839,57856.42,62.16,69.354,65.996,51.131,70.343,65.028,80.659,61.384,74.72,65.487,59.336,64.441,34.28,46.147,88.218,35.878
4321832,Três Forquilhas,RS,2760,23437.24,57.329,69.544,64.349,38.093,78.488,65.169,84.546,49.973,75.618,60.141,54.77,66.868,20.384,31.959,64.155,35.875
2307809,Marco,CE,25799,15265.05,58.967,68.571,65.679,42.652,73.817,53.924,87.494,59.049,81.351,59.271,53.219,68.877,32.407,34.419,67.912,35.87
3554201,Tejupá,SP,4127,33710.75,63.733,78.102,66.446,46.652,69.674,71.598,87.176,83.96,74.223,73.298,52.583,65.679,29.264,31.776,89.704,35.863
5218102,Portelândia,GO,3280,112793.34,57.388,69.786,61.515,40.864,68.835,74.593,88.13,47.585,77.48,57.212,53.468,57.899,28.187,34.513,64.895,35.862
3126406,Fortuna de Minas,MG,3093,16697.8,61.632,86.997,64.405,33.494,76.383,90.841,95.941,84.824,71.86,58.981,60.54,66.241,24.187,38.495,35.438,35.856
1200435,Santa Rosa do Purus,AC,6723,16263.18,43.775,52.701,44.304,34.321,49.665,35.171,44.364,81.603,51.297,23.207,58.846,43.868,20.936,10.861,69.634,35.853
3542909,Ribeirão Bonito,SP,10989,34078.8,62.048,82.841,66.838,36.464,67.09,92.333,93.368,78.574,76.622,69.801,51.84,69.089,11.818,48.905,49.281,35.851
3305752,Tanguá,RJ,31086,22505.93,53.041,61.367,65.304,32.451,70.095,30.686,83.273,61.416,65.884,71.642,52.472,71.22,34.542,33.748,25.674,35.84
2613909,Serra Talhada,PE,92228,18494.47,60.053,72.857,68.147,39.156,61.256,77.933,92.006,60.232,76.772,64.23,61.407,70.179,38.039,48.38,34.368,35.84
4100459,Altamira do Paraná,PR,3590,26997.32,54.899,70.561,59.965,34.171,47.139,76.141,92.319,66.647,78.396,61.551,45.061,54.85,15.657,40.176,45.015,35.836
3528858,Marapoama,SP,3292,36624.47,62.131,87.285,64.173,34.934,79.215,88.276,95.96,85.689,86.297,66.5,44.028,59.865,14.918,49.114,39.87,35.835
2504355,Caturité,PB,5254,11822.45,57.842,66.114,61.228,46.185,67.429,45.996,90.767,60.263,62.171,56.182,61.504,65.053,32.049,34.233,82.622,35.835
4321204,Taquara,RS,53242,29681.92,61.309,70.037,66.308,47.583,69.898,63.295,83.893,63.062,71.563,68.341,56.988,68.341,24.111,53.794,76.596,35.833
5213103,Mineiros,GO,70081,47269.58,62.575,78.89,67.601,41.233,72.571,93.281,89.869,59.838,77.415,68.881,58.294,65.816,33.77,54.711,40.621,35.83
3509007,Caieiras,SP,95032,51501.89,61.454,79.355,70.248,34.76,70.892,91.709,87.251,67.567,82.765,74.759,56.701,66.766,14.344,50.826,38.063,35.807
3502903,Araçoiaba da Serra,SP,32443,37440.65,65.986,78.525,72.715,46.718,81.55,79.509,87.747,65.294,80.595,74.373,63.528,72.362,21.335,48.667,81.082,35.789
3302304,Laje do Muriaé,RJ,7336,25287.54,57.457,66.172,61.583,44.615,66.286,74.939,96.947,26.517,75.728,52.033,46.299,72.273,27.409,40.072,75.19,35.787
1600808,Vitória do Jari,AP,11291,21136.71,55.847,68.12,56.955,42.465,71.181,45.045,83.914,72.341,62.297,48.791,63.944,52.788,40.63,25.079,68.375,35.774
4318457,São José das Missões,RS,2362,39810.1,60.09,80.573,56.993,42.703,80.506,76.768,84.368,80.65,64.935,52.452,42.733,67.853,27.492,39.394,68.153,35.773
3527702,Luiziânia,SP,4701,20100.79,62.172,81.296,68.065,37.156,65.354,90.881,95.536,73.412,79.535,68.238,53.984,70.501,21.121,33.899,57.834,35.771
4300208,Ajuricaba,RS,6720,78104.57,60.766,72.59,63.954,45.755,75.051,62.146,74.156,79.007,74.51,58.443,57.488,65.373,29.171,63.17,54.919,35.759
5211909,Jataí,GO,105729,76186.41,63.387,77.311,69.635,43.215,73.417,84.252,91.033,60.541,79.429,73.132,60.282,65.695,43.08,50.159,43.876,35.744
3527504,Lucianópolis,SP,2372,29923.86,67.516,86.651,68.184,47.713,75.059,92.197,93.657,85.689,83.725,72.622,50.807,65.581,38.495,47.815,68.816,35.726
2500577,Algodão de Jandaíra,PB,2953,9765.66,55.207,62.022,57.835,45.764,81.453,26.641,87.36,52.634,64.792,44.44,57.559,64.548,30.938,24.419,91.974,35.726
4207007,Içara,SC,59035,60083.03,62.304,78.966,69.387,38.56,71.381,83.487,91.05,69.945,71.168,73.889,59.388,73.101,33.421,48.278,36.818,35.725
5208608,Goianésia,GO,73707,25805.52,65.847,75.101,70.359,52.081,60.94,81.145,93.749,64.571,81.346,71.468,58.885,69.736,23.223,69.898,79.489,35.715
3204955,São Roque do Canaã,ES,10886,21188.28,60.476,74.613,67.75,39.065,78.202,61.109,86.924,72.217,82.394,62.901,58.384,67.32,16.306,39.509,64.736,35.709
2301901,Barbalha,CE,75033,18059.05,58.434,70.369,66.731,38.201,68.157,59.713,94.405,59.201,76.67,64.694,58.99,66.572,38.369,51.733,27.01,35.694
2202000,Buriti dos Lopes,PI,19654,11006.14,55.312,64.173,58.928,42.835,64.104,61.091,83.877,47.62,64.027,57.189,49.823,64.671,19.449,34.183,82.018,35.691
4212403,Pedras Grandes,SC,4245,57760.88,63.802,75.171,68.013,48.222,73.434,49.827,92.6,84.824,70.653,69.857,64.666,66.878,19.087,48.816,89.302,35.682
3502606,Aparecida d'Oeste,SP,4086,37358.36,66.334,84.176,65.871,48.955,71.653,91.921,96.143,76.985,83.696,63.921,51.637,64.23,24.31,43.831,91.997,35.681
5007901,Sidrolândia,MS,47118,68563.66,55.615,67.837,59.898,39.11,76.288,59.892,86.034,49.133,63.043,56.272,56.787,63.49,27.868,37.446,55.45,35.677
3518206,Guararapes,SP,31043,38927.8,66.529,83.116,72.003,44.468,75.176,89.886,98.65,68.751,84.514,74.325,55.915,73.259,22.999,57.924,61.316,35.634
3134202,Ituiutaba,MG,102217,37426.82,63.776,78.136,68.542,44.649,67.461,91.219,87.185,66.68,69.878,75.325,58.548,70.417,40.781,57.861,44.332,35.62
2610202,Panelas,PE,22991,10057.49,56.14,61.689,64.845,41.886,70.281,63.78,87.831,24.864,74.589,60.156,57.177,67.459,37.759,31.303,62.865,35.616
4122800,Salgado Filho,PR,4075,30738.59,61.348,82.021,64.79,37.233,77.83,78.634,88.905,82.716,78.797,62.059,57.231,61.074,38.417,40.136,34.764,35.616
5100300,Alto Araguaia,MT,17193,68719.15,60.135,74.736,58.808,46.861,73.574,84.949,87.108,53.313,59.964,62.617,54.469,58.183,30.657,39.041,82.137,35.61
4314803,Portão,RS,34071,49148.35,61.222,70.561,65.97,47.133,77.589,50.032,87.945,66.68,70.132,68.929,57.302,67.519,49.027,66.383,37.514,35.608
2928901,São Desidério,BA,32828,179362.24,53.969,61.747,53.27,46.889,69.419,44.485,76.311,56.774,59.774,49.244,56.186,47.876,32.659,40.216,79.093,35.589
4114351,Manfrinópolis,PR,2770,29630.62,55.243,60.637,64.072,41.02,65.511,44.629,76.676,55.733,80.11,57.279,57.464,61.436,32.865,36.78,58.852,35.583
1703826,Cachoeirinha,TO,1961,30073.63,59.798,72.59,60.114,46.69,70.922,73.421,86.335,59.682,72.191,59.863,55.255,53.147,25.31,40.617,85.259,35.572
3300936,Carapebus,RJ,13847,52868.81,54.292,63.945,66.728,32.202,69.495,40.27,87.523,58.491,73.811,65.114,59.33,68.656,14.939,45.801,32.513,35.557
3113404,Caratinga,MG,87360,26327.34,62.637,70.782,69.635,47.494,66.732,77.115,90.408,48.873,75.157,72.645,61.023,69.715,23.714,48.837,81.876,35.548
4127304,Terra Rica,PR,14842,25531.27,61.441,76.854,66.052,41.417,66.753,80.244,97.05,63.367,76.928,69.094,48.578,69.61,31.854,50.595,47.674,35.546
4103909,Campina da Lagoa,PR,15723,37055.35,57.227,71.272,63.176,37.233,61.47,77.963,89.997,55.658,76.493,59.438,51.346,65.426,19.607,38.604,55.178,35.544
3537156,Pedrinhas Paulista,SP,2804,63459.9,67.494,80.228,66.933,55.321,77.348,91.809,96.001,55.754,77.71,71.928,45.533,72.561,17.784,77.044,90.925,35.53
4304101,Campos Borges,RS,3613,41829.02,58.031,68.335,63.952,41.805,78.482,66.653,85.206,43.001,76.39,62.88,43.539,72.999,20.847,57.522,53.325,35.527
3540804,Potirendaba,SP,18496,33774.67,65.167,83.138,71.111,41.253,70.578,97.554,94.473,69.947,79.356,69.676,62.946,72.465,38.63,57.749,33.111,35.523
3555109,Tupi Paulista,SP,15854,21624.93,66.305,82.458,68.27,48.187,71.336,95.198,98.06,65.238,84.673,69.113,49.359,69.934,34.003,49.07,74.157,35.518
4320230,Sede Nova,RS,2704,58684.91,60.624,73.212,65.005,43.655,68.823,69.523,90.886,63.615,68.431,63.613,61.387,66.591,14.366,47.276,77.462,35.517
4107702,Fênix,PR,4492,47735.97,59.722,74.929,66.009,38.229,76.596,77.587,92.692,52.841,70.262,67.577,54.234,71.961,22.742,48.079,46.579,35.515
3532801,Nova Aliança,SP,6693,49053.09,61.987,81.01,70.114,34.836,72.49,80.575,96.288,74.687,72.984,81.846,55.01,70.618,22.937,44.502,36.39,35.514
3114303,Carmo do Paranaíba,MG,29011,36812.37,61.751,79.113,69.376,36.764,68.802,84.877,97.763,65.008,77.23,71.106,58.745,70.423,50.651,34.701,26.189,35.514
2404309,Governador Dix-Sept Rosado,RN,11938,32591.87,50.204,54.551,54.337,41.724,75.865,36.824,83.878,21.636,50.666,47.826,51.71,67.143,24.342,34.429,72.626,35.501
4212502,Penha,SC,33663,31024.86,63.539,79.696,67.564,43.356,73.481,84.382,93.136,67.786,71.068,77.239,58.495,63.456,30.6,51.158,56.168,35.499
3168200,Tapiraí,MG,1690,33402.43,64.569,79.809,65.246,48.651,76.66,69.678,92.7,80.198,75.908,59.741,66.641,58.693,32.932,49.511,76.673,35.49
4118303,Paranapoema,PR,2398,38657.55,60.148,82.26,62.044,36.14,74.619,91.503,98.015,64.904,83.075,63.671,35.533,65.895,24.505,31.656,52.914,35.486
3555000,Tupã,SP,63928,34875.08,66.636,83.494,69.488,46.926,75.17,95.261,94.616,68.929,82.658,75.581,53.065,66.649,24.902,56.929,70.395,35.479
4120002,Porecatu,PR,11624,48027.34,61.383,75.399,68.557,40.194,56.192,88.43,98.085,58.89,81.465,73.192,50.581,68.99,17.684,45.569,62.047,35.477
4126678,Tamarana,PR,10707,36842.14,54.017,68.573,64.003,29.476,79.005,60.036,84.661,50.59,71.258,63.941,51.508,69.306,24.731,32.29,25.418,35.463
4302584,Bozano,RS,2151,106494.23,64.393,84.704,70.018,38.458,79.95,92.249,82.656,83.96,79.647,77.9,58.253,64.27,18.004,50.393,49.976,35.46
4123956,Santa Mônica,PR,3356,27320.16,56.095,69.87,58.796,39.619,67.961,75.367,94.407,41.743,70.831,53.335,46.002,65.015,29.035,33.097,60.89,35.456
4315552,Rio dos Índios,RS,2835,48493.94,54.714,54.888,60.749,48.506,38.73,47.39,77.052,56.38,72.432,52.082,51.976,66.506,27.403,46.054,85.112,35.454
3509957,Canas,SP,4931,26568.53,56.941,64.031,70.307,36.484,64.553,92.276,93.921,5.376,77.957,75.957,52.847,74.469,9.345,36.07,65.071,35.449
1501303,Barcarena,PA,126650,73520.87,54.299,60.034,62.705,40.158,71.077,29.978,78.925,60.157,55.143,67.115,62.35,66.212,41.487,36.538,47.17,35.436
2511301,Piancó,PB,16441,12639.62,56.586,72.064,58.491,39.203,70.758,72.685,91.05,53.762,63.784,53.097,50.38,66.702,34.904,38.368,48.122,35.416
3553807,Taquarituba,SP,24350,40877.43,64.768,77.031,68.591,48.68,65.899,92.663,91.108,58.457,84.417,69.973,49.426,70.546,39.501,58.985,60.823,35.412
2503704,Cajazeiras,PB,63239,19619.72,62.227,76.581,66.169,43.929,68.226,84.427,95.114,58.556,69.948,68.487,59.464,66.778,43.107,46.674,50.527,35.41
3545159,Saltinho,SP,8161,46640.05,64.187,82.961,73.136,36.466,77.061,79.615,90.343,84.824,84.872,76.296,59.37,72.004,13.716,47.607,49.133,35.407
3147907,Passos,MG,111939,27218.3,64.195,80.12,70.249,42.215,66.784,92.149,95.332,66.214,77.97,71.862,61.239,69.924,33.267,57.97,42.218,35.406
4303103,Cachoeirinha,RS,136258,47744.89,63.09,79.944,66.635,42.693,73.54,90.242,89.027,66.966,67.061,73.926,57.057,68.495,35.63,54.968,44.773,35.4
3164407,São Sebastião da Bela Vista,MG,6387,69865.96,62.902,77.012,67.836,43.857,66.542,85.692,93.51,62.302,79.473,63.069,65.458,63.344,22.374,51.29,66.37,35.395
4104055,Campo Bonito,PR,4027,56199.19,61.173,82.558,64.133,36.829,89.337,71.645,90.463,78.787,76.872,62.797,49.615,67.247,26.457,40.173,45.317,35.369
4216503,São Joaquim,SC,25939,44004.79,60.969,73.008,61.699,48.199,67.74,76.35,77.299,70.644,67.631,56.959,51.743,70.463,43.995,45.51,67.934,35.358
3520806,Inúbia Paulista,SP,3615,38085.41,69.034,86.24,67.581,53.282,78.985,94.187,95.551,76.239,75.421,70.051,54.502,70.349,29.364,55.103,93.336,35.325
4304309,Cândido Godói,RS,6294,57364.57,62.9,75.106,66.095,47.499,60.434,74.542,78.894,86.553,78.899,61.12,61.126,63.235,26.094,54.08,74.498,35.324
4124020,Santa Tereza do Oeste,PR,13174,44509.91,58.135,73.55,64.398,36.457,77.636,87.137,92.797,36.628,72.743,67.789,48.211,68.849,22.737,44.468,43.303,35.321
2103604,Coroatá,MA,59566,9024.71,57.931,66.016,62.248,45.53,65.601,69.715,73.2,55.55,70.428,52.417,56.044,70.102,38.49,28.117,80.193,35.32
3164431,São Sebastião da Vargem Alegre,MG,3113,21620.22,58.894,78.551,65.283,32.848,69.466,67.441,92.472,84.824,78.222,60.431,55.61,66.868,21.978,33.805,40.293,35.318
2204105,Francisco Ayres,PI,4412,10676.42,59.303,69.812,62.685,45.412,71.968,72.791,82.979,51.508,73.055,51.626,62.752,63.306,27.918,35.492,82.924,35.313
3531902,Morro Agudo,SP,27933,44208.18,63.475,79.567,68.783,42.075,67.413,95.402,93.628,61.825,80.714,71.078,54.877,68.464,18.508,65.087,49.396,35.31
3503356,Arco-Íris,SP,2044,30601.42,68.596,86.681,69.384,49.723,84.016,81.886,93.405,87.418,84.281,60.049,70.644,62.56,29.429,51.527,82.632,35.305
2207702,Parnaíba,PI,162159,18442.52,58.336,64.12,65.626,45.261,63.955,76.981,90.173,25.372,63.658,71.408,58.651,68.787,40.426,58.79,46.526,35.301
2209351,Santana do Piauí,PI,4125,9964.82,60.169,72.171,63.842,44.494,71.182,63.793,92.628,61.083,72.895,49.408,65.135,67.931,23.021,25.863,93.793,35.3
1708254,Tabocão,TO,3455,67901.06,53.663,64.509,59.717,36.762,60.419,73.506,90.188,33.925,75.935,55.419,59.827,47.686,30.734,31.001,50.023,35.29
3509403,Cajuru,SP,23830,32199.32,64.327,81.727,69.72,41.533,66.293,92.626,99.226,68.765,76.753,73.537,53.797,74.792,15.439,46.32,69.088,35.283
4103024,Boa Esperança do Iguaçu,PR,2455,58516.95,61.695,73.724,64.448,46.911,68.974,50.366,91.598,83.96,79.752,55.633,57.425,64.983,18.91,47.573,85.889,35.273
2611533,Quixaba,PE,6554,10307.23,62.581,73.905,63.277,50.561,71.412,58.386,91.863,73.958,82.044,52.995,51.945,66.123,43.6,41.303,82.079,35.26
3544202,Riolândia,SP,10309,26280.57,64.307,80.966,68.777,43.177,79.65,88.251,95.618,60.345,82.893,60.618,62.805,68.793,40.095,41.704,55.652,35.256
4117701,Palmeira,PR,33855,48857.9,61.389,73.655,67.308,43.204,72.281,79.558,87.012,55.771,79.796,68.871,51.846,68.72,38.462,49.216,49.889,35.246
4319703,São Valentim,RS,3264,41828.87,56.712,68.889,65.606,35.641,66.67,62.877,77.389,68.622,80.288,62.198,49.138,70.8,14.61,44.342,48.391,35.223
1304062,Tabatinga,AM,66764,11436.85,46.869,52.325,54.537,33.746,72.231,42.775,89.746,4.548,62.363,35.064,51.289,69.432,20.445,25.209,54.106,35.222
3528007,Macatuba,SP,16829,38533.64,69.212,82.6,70.393,54.644,72.02,87.654,97.834,72.891,78.927,73.95,57.129,71.565,36.358,68.981,78.02,35.217
4318465,São José do Herval,RS,1902,31305.74,59.017,64.629,61.956,50.467,65.428,57.506,78.219,57.364,74.185,64.031,47.595,62.015,33.807,59.878,72.97,35.213
3512100,Colômbia,SP,6629,56711.95,58.428,74.647,65.744,34.893,59.637,91.111,92.193,55.647,79.804,66.643,47.564,68.965,26.665,35.356,42.352,35.2
3115508,Caxambu,MG,21056,17749.98,69.688,82.542,70.607,55.915,69.799,91.356,94.197,74.816,76.466,73.156,60.402,72.404,49.777,72.837,65.856,35.191
2605400,Feira Nova,PE,21427,11637.52,56.755,64.44,67.77,38.055,58.14,65.1,94.954,39.565,78.11,63.221,56.784,72.965,26.141,39.338,51.566,35.174
2918407,Juazeiro,BA,237821,21946.57,59.8,65.7,64.69,49.009,65.227,85.331,90.753,21.49,63.329,65.646,56.223,73.562,58.931,53.159,48.771,35.174
3549409,São Joaquim da Barra,SP,48558,45452.47,67.018,80.242,70.915,49.896,70.059,88.255,94.606,68.049,81.187,78.729,55.598,68.146,23.319,55.447,85.659,35.157
4106308,Corbélia,PR,17470,61361.41,61.959,77.817,70.115,37.944,69.538,85.356,90.444,65.93,77.524,68.758,57.573,76.605,35.551,50.801,30.27,35.153
4318903,São Luiz Gonzaga,RS,34752,55181.7,60.832,72.805,64.219,45.472,68.504,70.022,88.516,64.176,72.26,68.717,48.074,67.823,21.953,59.085,65.701,35.149
2708402,São José da Tapera,AL,30604,10953.42,51.915,67.157,57.521,31.067,77.792,47.706,85.645,57.484,68.464,44.604,47.04,69.975,23.001,34.89,31.229,35.148
3522703,Itápolis,SP,39493,41595.35,66.303,80.857,68.975,49.078,68.631,93.021,93.226,68.551,83.772,66.8,57.435,67.89,25.686,61.188,74.298,35.142
3500550,Águas de Santa Bárbara,SP,7177,30497.74,64.778,82.555,70.164,41.615,77.245,84.831,96.644,71.498,81.422,74.991,63.485,60.76,17.863,63.275,50.203,35.12
3128303,Guaranésia,MG,19150,28895.36,62.996,80.479,68.411,40.097,68.123,88.45,96.116,69.228,65.583,71.541,64.963,71.557,24.278,45.691,55.305,35.112
4210803,Meleiro,SC,7006,48933.85,59.156,69.159,65.384,42.924,70.784,55.426,83.715,66.709,79.403,60.804,60.118,61.211,29.814,52.444,54.334,35.106
4103602,Cambará,PR,23212,35544.65,62.207,81.103,68.851,36.668,69.038,91.727,94.06,69.585,78.222,69.882,53.876,73.424,46.813,49.821,14.935,35.103
3168804,Tiradentes,MG,7744,26757.32,60.658,69.494,71.639,40.841,70.683,77.468,72.465,57.36,68.091,82.143,64.811,71.513,24.499,55.56,48.214,35.09
5200175,Água Fria de Goiás,GO,4954,108422.61,56.181,65.246,62.068,41.229,67.969,52.104,84.304,56.608,77.383,52.682,64.431,53.775,32.238,24.752,72.845,35.08
3531506,Monte Azul Paulista,SP,18151,35470.66,63.218,80.867,68.444,40.343,65.312,91.37,97.668,69.116,79.27,68.639,58.847,67.02,46.202,52.232,27.879,35.057
3124708,Estrela do Indaiá,MG,2772,60064.44,60.298,79.039,63.49,38.367,57.471,78.472,93.658,86.553,69.739,62.759,59.168,62.293,18.038,44.2,56.172,35.056
4309258,Guabiju,RS,1417,94394.03,61.923,80.915,63.182,41.673,76.818,65.296,94.991,86.553,80.097,52.496,57.892,62.245,14.092,38.319,79.243,35.038
3141108,Matozinhos,MG,37618,40330.4,62.374,75.538,70.607,40.978,64.796,85.397,90.493,61.468,78.184,73.354,65.202,65.687,16.007,53.121,59.751,35.031
3550506,São Pedro do Turvo,SP,7217,32711.08,64.523,86.211,65.811,41.548,73.235,93.552,94.755,83.302,77.967,61.557,54.857,68.864,38.173,41.81,51.192,35.017
4311718,Maçambará,RS,4425,132494.89,56.502,70.636,55.238,43.633,75.319,41.549,80.85,84.824,67.901,48.901,59.802,44.35,33.345,33.181,72.99,35.015
3171402,Vieiras,MG,3700,14553.85,61.015,73.612,67.566,41.868,64.953,63.443,90.631,75.424,76.787,61.72,63.897,67.861,32.691,34.618,65.148,35.013
4309803,Ibiaçá,RS,4527,81726.36,63.062,76.927,66.816,45.442,80.64,63.285,85.866,77.917,75.599,63.175,64.464,64.026,14.495,48.924,83.336,35.012
4322707,Vera Cruz,RS,26710,31177.5,58.399,74.107,65.756,35.333,65.203,86.973,85.594,58.656,67.347,64.687,56.553,74.439,17.126,53.429,35.77,35.006
5004601,Itaquiraí,MS,19423,64577.35,52.423,62.806,56.715,37.748,70.493,61.762,82.139,36.831,63.23,52.627,47.824,63.18,27.918,45.794,42.276,35.005
2606507,Iati,PE,17165,11490.2,57.076,66.946,61.036,43.245,74.051,47.753,88.375,57.604,69.697,53.614,55.326,65.508,22.787,37.608,77.586,34.999
3128006,Guanhães,MG,32244,31145.11,59.532,75.66,67.626,35.309,68.218,81.975,93.677,58.771,70.457,67.779,64.102,68.164,27.295,45.644,33.297,34.998
1300680,Boa Vista do Ramos,AM,23785,7725.19,54.516,61.214,58.325,44.008,69.973,45.12,85.006,44.759,60.452,41.665,66.977,64.207,44.053,17.637,79.349,34.995
3130002,Ibituruna,MG,2698,22161.35,61.334,82.535,62.765,38.701,62.702,91.667,97.606,78.164,74.556,67.185,43.414,65.907,15.688,43.084,61.048,34.984
3163102,São José da Varginha,MG,4536,25406.12,61.399,84.552,65.084,34.56,80.529,87.796,95.795,74.09,74.255,61.189,62.536,62.357,23.838,27.01,52.41,34.982
4215703,Santo Amaro da Imperatriz,SC,27272,46403.58,63.175,79.584,71.147,38.795,74.637,84.894,92.532,66.27,77.985,73.993,60.551,72.057,28.17,48.058,43.984,34.967
4121406,Realeza,PR,19247,38891.24,64.331,76.702,67.265,49.026,77.21,87.181,93.06,49.357,80.862,66.015,52.63,69.554,30.402,60.263,70.48,34.962
3539004,Pirangi,SP,10885,33758.48,64.213,82.034,69.958,40.646,73.154,93.354,96.106,65.523,84.011,66.797,56.734,72.29,24.089,64.655,38.878,34.961
4127957,Tupãssi,PR,8077,53807.3,60.966,76.3,68.973,37.626,69.368,83.207,95.058,57.569,78.541,67.64,60.372,69.337,25.743,48.678,41.127,34.956
2307908,Martinópole,CE,10846,8946.17,59.254,71.287,62.696,43.779,79.145,58.312,77.365,70.328,78.942,47.933,56.65,67.259,29.021,32.045,79.096,34.952
5006606,Ponta Porã,MS,92017,55003.79,56.853,70.036,64.393,36.129,65.021,68.241,91.513,55.368,68.305,66.238,50.689,72.34,26.607,50.828,32.146,34.936
4118600,Paula Freitas,PR,5666,78219,59.072,71,65.206,41.011,63.474,61.438,82.028,77.06,76.516,64.846,56.83,62.631,35.936,32.288,60.886,34.933
3155504,Rio Paranaíba,MG,14532,62824.76,58.031,73.428,64,36.665,64.511,79.502,96.223,53.474,70.063,64.836,56.943,64.16,29.833,45.424,36.474,34.928
4303004,Cachoeira do Sul,RS,80070,44567.94,60.033,73.589,63.448,43.064,67.205,76.501,82.685,67.964,68.636,70.339,52.949,61.867,38.87,54.321,44.139,34.924
5005400,Maracaju,MS,45047,90532.74,56.956,74.817,63.086,32.964,73.343,71.913,94.986,59.025,67.398,60.815,61.682,62.448,21.701,51.798,23.437,34.921
4308250,Floriano Peixoto,RS,1668,62236.4,58.933,75.334,66.359,35.107,57.021,85.631,74.724,83.96,70.383,65.554,62.632,66.867,19.622,41.994,43.916,34.896
4310306,Ilópolis,RS,4157,34061.86,58.524,72.489,65.13,37.954,77.816,66.146,84.836,61.156,72.981,59.587,57.374,70.58,18.798,44.728,53.402,34.887
4217709,Sombrio,SC,29991,30571.63,57.354,67.031,67.338,37.695,64.011,46.466,92.537,65.109,73.414,65.927,58.321,71.688,29.161,43.325,43.407,34.885
3512704,Corumbataí,SP,4195,82847.36,56.091,70.961,64.37,32.941,80.446,68.992,84.221,50.185,82.031,66.75,45.12,63.58,17.038,46.406,33.438,34.882
4115739,Mato Rico,PR,3267,37986.03,54.186,64.96,64.448,33.149,59.713,48.526,82.971,68.628,76.416,56.643,58.074,66.66,21.364,26.207,50.146,34.881
4306700,Dona Francisca,RS,3079,34873.06,58.622,73.105,59.186,43.575,72.117,70.778,87.063,62.463,61.512,64.176,45.88,65.175,28.048,73.282,38.092,34.88
3539608,Planalto,SP,4389,44469.46,62.996,83.531,65.862,39.595,73.938,88.659,90.264,81.261,76.499,70.022,52.944,63.984,20.009,55.156,48.336,34.878
3162104,São Gotardo,MG,40910,29284.83,60.357,76.754,67.814,36.503,71.935,88.581,96.412,50.087,68.541,76.107,58.044,68.566,17.171,42.512,51.455,34.875
5008404,Vicentina,MS,6336,49938.14,58.681,76.474,61.926,37.642,69.892,64.361,97.07,74.574,71.085,60.151,51.795,64.673,16.742,44.112,54.854,34.861
1505536,Parauapebas,PA,267836,187153,55.556,67.403,64.411,34.855,67.768,66.963,86.788,48.095,62.919,70.935,60.078,63.71,20.176,53.975,30.407,34.861
3521408,Iracemápolis,SP,21967,97576.31,67.529,87.107,70.948,44.532,76.534,95.477,98.725,77.69,82.787,72.037,58.395,70.572,37.634,50.541,55.102,34.851
3515194,Espírito Santo do Turvo,SP,4157,22237.66,63.12,79.774,70.509,39.079,70.928,84.72,85.131,78.317,81.511,76.982,48.089,75.453,22.303,43.126,56.043,34.843
3502408,Anhumas,SP,4023,26445.94,63.207,85.589,66.387,37.643,73.753,94.685,96.22,77.7,77.667,68.082,56.077,63.723,12.588,41.356,61.793,34.836
3116209,Chiador,MG,2800,13401.77,60.061,75.564,65.871,38.747,63.808,82.597,91.187,64.665,73.105,63.002,64.019,63.358,28.072,25.836,66.245,34.835
3514601,Dumont,SP,9471,36409.15,65.905,84.814,71.594,41.307,81.505,91.575,98.287,67.89,84.924,71.043,59.536,70.873,29.251,46.032,55.114,34.83
4316204,Rondinha,RS,4991,54264.83,62.349,75.568,67.492,43.987,74.109,63.184,90.737,74.242,82.322,61.027,55.094,71.523,41.958,52.16,47.005,34.824
2405900,João Dias,RN,2076,13581.57,56.391,57.905,59.469,51.799,79.241,36.4,89.571,26.409,53.218,55.568,62.346,66.746,31.461,44.247,96.667,34.822
3532009,Morungaba,SP,13720,46497.61,64.215,80.708,70.523,41.414,79.201,85.164,89.465,69.001,73.546,74.697,60.512,73.335,23.819,51.7,55.314,34.822
4125308,São Jorge do Ivaí,PR,5168,78223.82,64.748,82.598,67.696,43.95,77.841,94.286,97.309,60.956,80.713,66.285,52.497,71.289,28.585,45.56,66.839,34.816
4303400,Caiçara,RS,4836,31835.35,56.664,63.334,63.282,43.376,68.062,49.313,62.587,73.374,79.117,51.062,57.426,65.522,19.868,48.985,69.839,34.813
3304706,Santo Antônio de Pádua,RJ,41325,31313.29,61.752,75.838,66.11,43.309,60.333,90.615,93.133,59.271,79.967,64.425,50.352,69.696,29.19,47.376,61.876,34.794
3145372,Novorizonte,MG,4571,15517.62,59.909,75.727,65.807,38.191,65.31,59.175,91.87,86.553,76.517,53.681,64.182,68.851,26.295,34.437,57.245,34.787
5220405,São Simão,GO,17020,84799.8,62.639,77.758,67.585,42.574,56.681,90.889,93.681,69.782,73.627,73.27,54.388,69.056,34.34,34.985,66.186,34.787
2303907,Chaval,CE,12462,8916.97,53.223,56.303,59.795,43.572,65.847,58.897,83.622,16.845,76.068,47.906,47.96,67.247,23.617,34.667,81.229,34.774
3532827,Nova Campina,SP,8497,26208.41,61.258,76.83,63.796,43.148,67.968,69.21,86.35,83.793,78.07,66.255,43.668,67.19,17.133,42.281,78.411,34.764
3113305,Carangola,MG,31240,20612.25,59.21,76.466,65.654,35.51,64.876,78.961,94.126,67.902,66.697,67.678,62.007,66.234,25.617,48.795,32.866,34.761
1300060,Amaturá,AM,10819,11067.54,53.247,70.021,55.249,34.472,69.935,47.979,85.937,76.233,65.475,28.092,68.497,58.931,31.764,18.335,53.031,34.759
5003256,Costa Rica,MS,26037,81117.19,56.536,73.787,63.76,32.061,65.688,89.45,94.536,45.475,74.434,66.816,57.702,56.088,17.605,50.532,25.355,34.752
3514908,Elias Fausto,SP,17699,57177.75,64.001,79.892,70.672,41.44,73.18,88.05,91.467,66.871,78.626,73.007,59.663,71.39,15.438,56.61,58.968,34.743
4206751,Ibiam,SC,2008,37925.75,61.024,70.522,63.145,49.406,79.704,57.2,83.275,61.908,77.056,55.947,55.795,63.781,32.225,36.169,94.49,34.742
2707602,Quebrangulo,AL,11080,17186.92,58.958,76.637,60.652,39.586,73.166,67.888,90.62,74.873,67.76,48.691,55.961,70.196,19.333,37.46,66.817,34.734
3201308,Cariacica,ES,353491,39036.29,62.418,73.401,69.696,44.157,69.966,88.158,84.529,50.952,73.949,74.196,59.597,71.043,39.397,54.515,47.993,34.725
1100908,Castanheiras,RO,3233,31040.61,57.948,71.106,53.344,49.393,81.464,34.446,86.107,82.406,72.213,46.915,50.903,43.345,43.695,34.761,84.399,34.718
4115408,Marmeleiro,PR,15901,40234.99,58.998,73.328,67.244,36.422,75.239,77.957,86.676,53.439,79.905,63.682,58.117,67.273,23.398,41.402,46.174,34.715
1503606,Itaituba,PA,123314,25147.44,47.268,46.58,53.919,41.305,62.856,21.911,81.597,19.957,58.657,59.323,54.364,43.331,32.007,35.152,63.354,34.707
5212204,Jussara,GO,19620,35603.38,61.006,76.236,63.157,43.623,73.178,80.286,93.058,58.424,80.619,59.802,56.885,55.323,27.357,49.611,62.822,34.703
4219200,Vidal Ramos,SC,6189,57745.84,57.518,69.04,61.587,41.926,77.028,40.182,86.865,72.085,80.015,47.228,50.775,68.331,28.773,47.309,56.92,34.701
3138351,Leme do Prado,MG,4341,15362.43,56.823,76.167,65.179,29.123,65.08,65.788,87.246,86.553,77.898,55.748,60.907,66.162,23.791,40.973,17.026,34.7
2928703,Santo Antônio de Jesus,BA,103055,23954.72,57.926,60.131,64.748,48.9,66.601,81.974,91.951,0,64.148,73.221,52.096,69.527,39.827,50.735,70.341,34.697
3302700,Maricá,RJ,197277,438169.38,57.604,63.21,68.738,40.863,63.408,33.157,91.745,64.532,70.465,72.453,58.105,73.928,46.895,58.133,23.731,34.692
2704500,Maragogi,AL,32174,35028.24,51.359,58.22,60.98,34.876,67.852,58.135,82.74,24.154,64.578,65.374,47.359,66.609,22.698,31.966,50.152,34.689
3157203,Santa Bárbara,MG,30466,53843.01,64.19,78.697,68.91,44.964,67.602,82.841,95.642,68.703,72.736,75.656,61.222,66.024,28.285,67.078,49.808,34.684
3149002,Pedra Dourada,MG,2757,15452.21,63.775,79.188,70.429,41.709,59.98,77.389,94.801,84.582,77.306,67.238,66.502,70.67,38.746,54.23,39.189,34.672
5214804,Nova Aurora,GO,2101,34054.51,65.692,82.92,70.137,44.019,68.145,81.1,98.475,83.96,76.239,70.248,70.989,63.072,26.901,46.762,67.744,34.667
2100402,Altamira do Maranhão,MA,6447,11175.45,54.354,71.7,52.012,39.35,74.194,60.579,79.69,72.337,57.899,47.12,55.039,47.991,25.533,24.944,72.264,34.659
2103703,Cururupu,MA,31558,8445.39,57.211,64.645,59.038,47.95,64.064,77.298,62.768,54.451,63.942,49.533,58.115,64.562,62.685,26.733,67.73,34.653
3118304,Conselheiro Lafaiete,MG,131621,23866.36,63.811,78.778,71.521,41.134,67.167,84.993,94.059,68.893,77.645,77.871,59.912,70.656,40.116,64.845,24.933,34.641
4310850,Jaboticaba,RS,3779,36445.39,61.119,72.102,66.642,44.615,66.814,59.898,87.216,74.479,71.566,65.042,56.092,73.868,34.099,45.812,63.909,34.638
5222054,Vicentinópolis,GO,8768,55164.04,61.443,70.351,67.132,46.845,65.622,79.487,92.712,43.582,79.574,66.783,60.672,61.5,32.24,39.493,81.021,34.624
4111001,Itambaracá,PR,5908,38129.41,62.253,76.04,64.716,46.002,68.425,80.188,95.325,60.222,67.394,69.988,51.487,69.996,29.911,40.49,79.002,34.603
4311205,Júlio de Castilhos,RS,18226,106398.81,58.508,75.335,63.206,36.982,70.457,85.089,85.39,60.404,67.966,70.142,55.371,59.347,26.156,52.946,34.232,34.595
4318424,São João da Urtiga,RS,4461,41580.87,63.206,81.337,68.85,39.43,77.157,72.324,91.906,83.96,76.122,63.949,62.619,72.712,21.94,47.7,53.484,34.594
3119302,Coromandel,MG,28894,53520.18,60.495,76.994,67.999,36.493,67.758,81.628,92.244,66.346,80.688,67.922,61.444,61.941,22.96,52.593,35.833,34.585
3168309,Taquaraçu de Minas,MG,4224,15720.7,54.491,63.741,64.486,35.248,76.744,52.799,85.976,39.443,72.537,58.34,61.813,65.253,20.602,38.64,47.175,34.575
5107156,Reserva do Cabaçal,MT,2122,22531.81,51.423,64.222,47.059,42.988,77.822,59.889,93.451,25.726,73.157,26.924,27.39,60.764,39.167,32.829,65.382,34.575
4208807,Jaguaruna,SC,20375,42113.64,62.91,74.665,67.102,46.964,70.249,69.99,88.367,70.052,69.799,76.591,52.771,69.248,48.688,41.29,63.329,34.55
2201804,Bocaina,PI,4078,11800.08,57.72,73.211,58.458,41.492,58.472,67.287,83.123,83.96,71.598,48.99,46.91,66.332,29.761,29.01,72.651,34.547
4313441,Novo Tiradentes,RS,2146,35076.19,55.453,74.593,53.564,38.201,63.364,87.187,60.404,87.418,61.309,28.844,52.801,71.302,21.442,43.329,53.484,34.547
4309209,Gravataí,RS,265074,38994.88,61.867,75.277,66.533,43.79,74.678,78.664,81.955,65.813,67.208,73.526,57.884,67.515,51.867,52.531,36.221,34.54
3553302,Tambaú,SP,21435,32914.95,63.923,83.054,70.933,37.782,69.877,97.117,96.506,68.716,78.078,73.159,59.501,72.994,18.518,51.757,46.339,34.514
3170602,Vargem Bonita,MG,2158,40906.74,59.858,79.647,63.301,36.626,63.135,73.899,95.864,85.689,81.701,53.521,55.92,62.06,16.668,57.669,37.665,34.503
2108058,Paulino Neves,MA,17056,6990.15,51.29,54.866,58.649,40.354,69.946,20.801,59.741,68.977,66.962,39.146,63.821,64.669,23.379,29.343,74.193,34.502
3547650,Santa Salete,SP,1645,25783.21,66.5,85.599,65.967,47.932,80.013,84.51,93.914,83.96,89.574,62.688,47.602,64.004,28.94,50.859,77.43,34.5
2800100,Amparo do São Francisco,SE,2170,17624.04,60.102,75.237,59.782,45.289,66.464,68.907,96.974,68.602,69.28,67.185,39.053,63.608,19.551,31.778,95.33,34.497
4204194,Chapadão do Lageado,SC,2950,33437.58,57.134,68.431,68.733,34.237,71.141,37.224,78.807,86.553,79.984,67.752,63.148,64.047,27.617,30.655,44.185,34.49
4217105,São Martinho,SC,3405,32319.39,57.849,73.754,59.804,39.988,72.016,47.901,90.84,84.257,77.555,56.754,41.859,63.049,24.467,49.229,51.766,34.489
2918902,Lajedão,BA,3845,29605.45,54.934,73.592,55.035,36.174,71.358,71.434,87.104,64.471,59.767,53.036,47.191,60.145,14.601,22.92,72.687,34.488
4203154,Calmon,SC,3443,28579.18,54.731,70.361,58.602,35.23,64.73,66.769,83.221,66.724,67.629,49.406,55.397,61.978,21.914,33.39,51.132,34.485
3157708,Santa Juliana,MG,15734,55088.57,63.822,83.6,67.842,40.024,76.107,87.655,99.065,71.574,68.361,74.322,65.65,63.037,35.792,33.365,56.462,34.479
3543600,Rifaina,SP,4049,47555.8,67.145,80.462,67.653,53.318,60.581,90.31,90.861,80.098,76.847,73.429,44.041,76.297,27.82,66.603,84.373,34.477
3104106,Arceburgo,MG,9177,38055.46,63.067,82.962,67.999,38.241,71.05,88.925,94.324,77.549,73.116,71.659,57.523,69.697,19.847,48.49,50.161,34.467
3119955,Córrego Fundo,MG,6133,52662.26,62.232,78.716,70.492,37.489,75.674,82.08,98.374,58.736,84.019,66.511,67.688,63.749,43.855,46.207,25.439,34.455
4301503,Augusto Pestana,RS,7149,71039.8,62.048,80.646,63.993,41.506,70.228,86.88,88.168,77.308,71.566,66.21,55.012,63.184,22.1,57.897,51.612,34.415
4306130,Cruzaltense,RS,1635,89186.4,56.509,72.985,63.502,33.038,68.617,49.539,89.825,83.96,86.073,48.933,53.468,65.535,19.238,45.396,33.111,34.409
2915304,Itagimirim,BA,6347,20228.05,57.297,73.518,53.777,44.597,73.173,79.457,92.479,48.962,37.764,56.929,58.738,61.679,23.068,35.742,85.175,34.403
3530904,Mombuca,SP,3722,33698.54,63.586,85.396,65.852,39.511,78.594,91.508,88.76,82.724,80.392,68.899,45.44,68.676,21.238,49.929,52.476,34.399
3544251,Rosana,SP,17440,111383.81,62.856,79.021,67.241,42.306,64.562,86.946,91.523,73.054,83.605,63.514,48.959,72.886,36.021,45.983,52.821,34.398
2404507,Guamaré,RN,15295,134491.77,53.35,59.831,55.751,44.466,70.606,39.809,90.816,38.094,51.301,62.137,47.677,61.889,52.205,42.19,49.083,34.388
3550902,São Simão,SP,13442,37567.82,64.667,79.659,67.41,46.933,68.689,85.93,91.116,72.9,78.197,76.981,52.953,61.509,32.207,68.571,52.574,34.381
3105400,Barão de Cocais,MG,30778,79823.83,58.966,78.323,68.123,30.452,70.899,81.71,92.198,68.484,74.904,72.878,60.996,63.714,33.268,52.199,1.965,34.377
4313805,Palmitinho,RS,7839,34905.47,62.887,76.288,65.61,46.762,65.037,77.012,82.402,80.702,74.446,58.778,57.38,71.835,37.776,45.104,69.798,34.371
2410256,Porto do Mangue,RN,5228,28799.57,48.471,54.464,48.673,42.276,78.972,39.017,83.876,15.993,48.286,46.755,37.931,61.721,21.199,33.331,80.217,34.357
3120102,Couto de Magalhães de Minas,MG,4245,15013.4,54.066,69.543,62.196,30.459,69.176,81.255,92.769,34.973,73.76,53.725,50.788,70.512,26.526,33.902,27.05,34.356
3528403,Mairinque,SP,50027,54266.5,63.048,73.286,69.679,46.179,64.267,77.546,85.53,65.799,78.691,74.482,54.709,70.835,23.065,75.819,51.481,34.352
3545704,Santa Albertina,SP,6393,33843.11,64.03,80.674,66.689,44.727,57.284,94.44,97.563,73.409,83.88,63.689,58.573,60.614,21.841,46.831,75.887,34.349
4303509,Camaquã,RS,62200,44108.44,60.44,73.073,62.384,45.863,68.872,77.13,85.548,60.741,66.369,69.522,50.417,63.228,32.28,54.524,62.312,34.337
4101051,Anahy,PR,2918,39716.89,61.588,82.063,67.397,35.303,73.841,80.777,89.762,83.874,77.331,62.02,60.599,69.637,33.69,36.447,36.743,34.332
4200200,Agrolândia,SC,10990,36304.41,61.977,78.703,64.639,42.59,83.039,68.255,95.649,67.868,75.13,71.987,48.156,63.284,28.761,49.658,57.614,34.329
2101301,Bacuri,MA,16290,7599.95,49.486,48.321,59.162,40.974,56.943,37.381,50.242,48.718,71.457,41.765,60.74,62.687,20.723,26.681,82.173,34.319
4210050,Macieira,SC,1778,33506.61,61.471,76.863,62.739,44.811,80.112,58.526,88.388,80.427,79.443,47.882,63.615,60.016,20.053,47.94,76.939,34.313
2707909,Santa Luzia do Norte,AL,6919,40382.99,55.484,72.826,59.825,33.8,68.971,63.083,93.877,65.372,63.207,61.47,47.061,67.561,34.937,27.265,38.693,34.307
3111200,Campo Belo,MG,52277,23982.5,63.313,81.388,69.618,38.933,71.508,90.003,97.257,66.783,76.823,72.54,60.176,68.934,22.147,42.669,56.61,34.305
3547908,Santo Antônio da Alegria,SP,6775,31448.87,63.54,74.547,70.261,45.811,70.604,85.758,82.488,59.34,79.664,68.859,59.481,73.041,22.683,65.684,60.582,34.294
4319406,São Pedro do Sul,RS,15577,34418.72,58.839,74.647,62.901,38.97,71.019,72.346,90.894,64.329,71.12,66.702,52.337,61.444,25.041,49.844,46.711,34.284
3547700,Santo Anastácio,SP,17963,31167.31,67.394,78.621,71.27,52.29,57.991,93.146,96.43,66.917,78.155,74.976,58.74,73.209,42.668,52.83,79.401,34.261
2512903,Rio Tinto,PB,24581,13193.99,57.473,67.946,61.493,42.979,65.759,52.14,87.388,66.498,59.325,59.347,56.465,70.836,36.392,29.118,72.148,34.26
4120200,Porto Rico,PR,3182,34387.17,61.548,70.63,64.891,49.124,82.666,89.584,95.778,14.494,72.91,66.742,54.861,65.05,39.775,38.057,84.414,34.251
2609600,Olinda,PE,349976,16659.73,63.628,67.675,69.264,53.945,62.523,77.267,83.089,47.823,75.348,71.402,60.955,69.352,67.089,57.318,57.144,34.23
4113908,Mallet,PR,13428,56893.25,61.08,78.857,66.624,37.759,64.858,70.995,94.187,85.389,82.208,62.947,49.929,71.414,29.075,54.447,33.29,34.222
4202438,Bocaina do Sul,SC,3515,38942.53,51.04,55.699,57.914,39.508,73.104,40.454,86.241,22.996,70.532,53.498,47.921,59.704,22.866,36.377,64.583,34.206
4111100,Itambé,PR,6111,37639.66,61.477,83.666,66.42,34.344,63.632,92.333,94.289,84.409,76.314,64.893,55.334,69.139,19.938,40.037,43.2,34.201
4115754,Mauá da Serra,PR,9383,40120.34,60.668,71.44,64.738,45.826,73.268,73.968,94.247,44.278,75.748,66.627,48.023,68.553,20.263,43.467,85.376,34.198
2111607,São Raimundo das Mangabeiras,MA,18672,39902.56,52.771,58.146,58.624,41.544,57.32,56.151,79.305,39.81,73,54.512,51.63,55.354,24.195,24.858,82.93,34.192
3150505,Pimenta,MG,8563,33140.09,59.335,81.856,63.59,32.56,64.351,91.881,94.619,76.575,73.192,66.382,50.041,64.745,20.336,46.804,28.922,34.178
2616407,Vitória de Santo Antão,PE,134084,34195.52,57.183,66.334,67.554,37.662,69.622,76.563,92.017,27.133,73.521,66.917,56.399,73.38,39.043,37.806,39.62,34.177
3135100,Janaúba,MG,70699,22848.38,61.291,78.597,65.928,39.349,67.851,86.658,94.14,65.74,74.162,68.078,56.603,64.869,26.174,47.76,49.286,34.175
5002803,Caracol,MS,5036,35927.77,55.735,73.093,50.344,43.769,76.88,65.747,90.668,59.076,67.483,35.465,51.795,46.633,34.165,31.155,75.581,34.174
3553708,Taquaritinga,SP,52260,31996.4,63.628,80.794,69.175,40.914,72.014,89.75,94.114,67.296,81.024,69.649,55.945,70.084,20.62,46.192,62.669,34.174
3120409,Cristiano Otoni,MG,4667,26697.44,60.221,79.22,67.404,34.038,69.259,82.008,94.831,70.782,71.876,68.368,58.869,70.503,19.191,36.001,46.787,34.172
3157278,Santa Bárbara do Monte Verde,MG,3095,18305.2,59.375,78.651,61.969,37.505,73.901,75.204,91.286,74.213,60.362,55.47,66.676,65.37,17.692,55.735,42.425,34.168
3146552,Pai Pedro,MG,5551,10641.89,49.715,60.572,57.509,31.064,63.51,36.716,81.399,60.661,79.514,34.85,54.011,61.663,12.583,37.533,39.983,34.158
1702406,Arraias,TO,10287,21866.45,55.035,66.248,59.812,39.046,61.921,60.756,69.441,72.872,74.546,55.685,68.42,40.597,26.156,43.148,52.731,34.15
3543303,Ribeirão Pires,SP,115559,33916.94,63.311,79.451,75.142,35.339,76.476,87.665,84.422,69.24,83.213,75.72,69.482,72.154,21.424,54.586,31.203,34.146
3144508,Nazareno,MG,8179,82377.41,61.878,80.048,68.865,36.72,66.595,77.129,92.6,83.868,76.406,67.661,58.804,72.587,20.776,50.612,41.352,34.139
5218003,Porangatu,GO,44317,32506.06,62.713,72.492,68.277,47.371,69.411,71.691,91.712,57.153,79.28,70.574,61.996,61.259,31.017,45.633,78.703,34.131
3150109,Piau,MG,2796,33386.45,60.174,79.82,63.126,37.575,72.574,68.288,91.864,86.553,71.269,62.245,50.638,68.354,31.166,37.605,47.399,34.13
1100114,Jaru,RO,50591,35144.08,56.735,63.751,64.848,41.606,63.177,35.664,91.165,64.996,74.156,68.093,64.086,53.056,30.006,38.59,63.7,34.126
2911709,Guanambi,BA,87817,18980.26,61.109,74.591,65.958,42.779,72.928,76.94,90.502,57.992,64.445,68.424,59.978,70.984,34.764,57.437,44.809,34.105
3120904,Curvelo,MG,80665,27854.71,59.768,75.295,67.003,37.007,69.55,82.568,92.675,56.387,71.68,69.404,59.364,67.564,27.283,54.068,32.582,34.094
3517109,Glicério,SP,4138,30504.78,64.495,79.244,70.954,43.287,68.873,80.753,94.455,72.893,84.892,69.263,60.616,69.044,15.538,56.466,67.053,34.091
1718899,Santa Rita do Tocantins,TO,2219,81833.71,51.175,67.565,49.521,36.441,82.929,43.017,77.973,66.342,73.305,46.541,60.662,17.575,26.785,39.302,45.592,34.083
3162955,São José da Lapa,MG,26090,24137.94,61.514,78.959,69.734,35.849,70.399,73.476,94.195,77.767,73.048,75.2,63.867,66.821,16.931,44.311,48.079,34.077
3133402,Itapagipe,MG,13690,37839.53,60.258,79.656,64.934,36.183,71.799,83.453,98.524,64.848,71.115,59.813,66.412,62.398,19.04,49.754,41.866,34.073
4124053,Santa Terezinha de Itaipu,PR,24262,28538.66,62.117,82.16,69.086,35.104,71.985,95.324,96.507,64.824,80.347,71.883,52.624,71.491,24.845,52.631,28.871,34.069
1301902,Itacoatiara,AM,103598,22853.93,58.599,71.5,60.635,43.66,72.862,79.427,83.047,50.665,66.753,57.395,65.33,53.062,39.049,44.463,57.072,34.058
4201406,Araranguá,SC,71922,33400.73,61.595,77.007,69.638,38.14,72.196,76.494,92.739,66.6,74.003,76.001,55.877,72.672,31.113,54.044,33.35,34.053
2302503,Brejo Santo,CE,51090,16108.8,61.239,69.77,66.058,47.889,60.707,63.854,93.397,61.123,81.272,61.488,56.03,65.44,42.36,49.197,65.963,34.037
5205455,Cezarina,GO,8090,47936.52,59.462,73.217,61.326,43.843,70.611,68.187,93.792,60.278,75.158,69.72,51.508,48.918,32.796,37.311,71.231,34.032
4305959,Cotiporã,RS,3846,43981.77,59.222,73.822,63.206,40.639,66.826,69.985,92.834,65.643,75.384,58.848,57.088,61.505,18.108,58.69,51.743,34.013
2920007,Maiquinique,BA,8731,23643,56.879,72.184,53.052,45.401,53.392,82.573,94.162,58.608,46.958,50.874,51.267,63.108,35.674,28.931,82.99,34.008
3112802,Capitólio,MG,10380,31873.48,59.553,78.833,68.082,31.745,70.345,78.131,90.824,76.03,70.477,71.625,62.286,67.939,16.762,71.189,5.026,34.004
4207809,Irani,SC,10195,27926.07,57.426,77.065,65.568,29.645,80.23,79.952,89.505,58.574,74.677,66.278,53.584,67.731,32.681,38.199,13.699,34.001
2705507,Murici,AL,25187,23520.12,54.277,65.335,58.031,39.464,65.928,72.982,96.326,26.104,69.05,54.076,41.655,67.342,28.188,32.002,63.665,34
3507803,Brodowski,SP,25201,35766.96,67.303,83.439,70.025,48.444,73.818,97.926,90.68,71.332,74.157,75.283,58.498,72.163,31.763,49.234,78.785,33.994
2109700,Sambaíba,MA,5568,85880.28,52.217,58.053,54.631,43.969,62.113,40.908,63.756,65.435,70.51,45.428,66.533,36.052,22.334,33.157,86.394,33.99
3532603,Nhandeara,SP,9852,37602.7,61.025,81.489,66.234,35.352,69.034,87.305,93.736,75.879,84.63,66.134,50.203,63.97,25.269,45.736,36.415,33.989
4319307,São Paulo das Missões,RS,5846,34555.42,59.778,77.631,63.629,38.073,71.979,87.806,78.896,71.843,76.49,56.54,53.573,67.913,28.935,49.09,40.28,33.988
4211009,Mondaí,SC,10066,108987.44,66.066,77.317,67.742,53.139,69.104,63.24,94.256,82.669,79.394,65.792,56.533,69.247,33.633,80.496,64.447,33.98
2113009,Vitorino Freire,MA,30845,10631.99,53.519,59.213,57.463,43.879,56.808,44.21,76.209,59.626,66.291,49.565,56.498,57.497,29.256,30.75,81.539,33.973
5219738,Santo Antônio de Goiás,GO,7386,21115.93,63.509,77.963,68.766,43.798,72.693,86.975,95.069,57.116,78.892,66.68,59.147,70.343,34.954,38.138,68.128,33.973
4105904,Colorado,PR,22896,35033.64,61.19,80.303,68.482,34.784,70.867,94.539,97.526,58.28,75.113,73.672,49.395,75.747,21.695,57.334,26.136,33.971
3522307,Itapetininga,SP,157790,40599.21,64.272,82.003,72.475,38.339,75.453,90.44,90.131,71.989,80.868,74.76,58.363,75.909,25.373,56.769,37.255,33.959
3204104,Pinheiros,ES,23915,36294.9,56.914,66.313,64.741,39.688,59.195,80.575,96.198,29.284,76.599,59.821,52.923,69.621,26.876,32.64,65.287,33.948
3111606,Campos Gerais,MG,26105,27186.1,62.559,77.977,63.431,46.271,72.786,78.519,95.324,65.279,71.763,62.009,53.861,66.09,28.106,40.289,82.751,33.937
4117107,Nova Londrina,PR,12923,34527.4,62.163,78.241,68.934,39.314,65.09,92.355,95.919,59.601,79.102,66.49,60.337,69.806,24.051,44.326,54.943,33.935
5106315,Novo Santo Antônio,MT,2015,28319.88,50.834,73.012,43.757,35.734,78.644,52.018,74.832,86.553,66.6,18.976,66.461,22.989,26.175,39.338,43.494,33.929
2612208,Salgueiro,PE,62372,16183.87,60.601,77.247,66.602,37.955,70.602,83.969,91.142,63.273,77.448,65.174,54.574,69.214,39.604,42.494,35.797,33.924
4306452,Dois Lajeados,RS,3097,56138.52,58.075,70.71,62.319,41.196,46.96,70.649,83.795,81.435,83.409,65.038,37.063,63.769,25.809,56.727,48.336,33.913
1400282,Iracema,RR,10023,20951.7,49.459,59.376,54.158,34.842,63.645,56.917,78.285,38.655,56.834,41.07,75.888,42.838,28.981,22.61,53.879,33.9
3101508,Além Paraíba,MG,30717,31868.48,61.301,76.694,67.906,39.304,63.849,86.141,91.471,65.314,70.976,77.115,52.492,71.041,16.144,62.154,45.028,33.889
2313906,Uruoca,CE,13746,21852.46,58.223,65.917,64.563,44.189,77.013,52.894,81.864,51.897,82.546,51.808,57.673,66.223,33.9,37.397,71.572,33.889
2933307,Vitória da Conquista,BA,370879,22313.93,64.029,75.695,66.241,50.152,67.29,84.458,90.998,60.033,66.583,71.478,60.133,66.771,54.65,67.911,44.17,33.88
3144375,Natalândia,MG,3520,21499.27,57.829,79.753,59.087,34.646,79.736,79.404,92.95,66.923,73.061,59.235,46.545,57.507,29.35,39.045,36.308,33.879
1101476,Primavera de Rondônia,RO,3076,35049.19,59.62,75.549,60.796,42.514,61.057,62.225,92.362,86.553,74.571,53.213,65.547,49.852,29.769,40.88,65.531,33.877
2501575,Barra de Santana,PB,8059,11349.28,53.001,57.718,56.514,44.771,74.693,22.363,86.273,47.545,67.034,38.337,59.769,60.918,24.285,36.514,84.413,33.872
4216305,São João Batista,SC,32687,31729.97,63.245,82.54,67.261,39.935,74.657,85.613,98.643,71.247,71.594,69.448,60.645,67.358,36.97,43.616,45.283,33.871
4109708,Ibaiti,PR,28830,30693.44,62.6,76.566,67.26,43.974,73.83,77.584,92.951,61.896,78.463,69.678,50.206,70.694,31.213,44.368,66.444,33.87
1508100,Tucuruí,PA,91306,61939.93,55.596,70.599,60.649,35.54,73.465,87.518,82.295,39.116,61.312,62.61,58.707,59.969,43.105,33.112,32.08,33.863
2201051,Assunção do Piauí,PI,7452,8686.95,57.063,70.492,56.929,43.766,63.056,55.698,84.503,78.714,66.522,42.88,55.212,63.104,32.612,26.458,82.134,33.858
3200136,Águia Branca,ES,9711,25517.44,56.382,63.475,65.081,40.59,69.039,40.534,71.526,72.802,79.533,52.995,58.89,68.906,29.985,29.311,69.215,33.85
2202737,Coivaras,PI,4117,9225.96,59.383,74.418,60.701,43.03,65.093,71.526,74.502,86.553,69.582,52.072,51.107,70.045,35.774,31.894,70.607,33.847
3165537,Sarzedo,MG,36844,59900.83,65.896,83.67,70.739,43.277,75.214,89.064,93.063,77.34,75.348,68.537,67.265,71.807,37.172,42.634,59.463,33.839
3114501,Carmópolis de Minas,MG,18003,25827.57,63.081,82.226,69.514,37.502,72.11,86.99,96.183,73.621,78.468,65.169,63.736,70.684,22.664,43.953,49.556,33.834
2409605,Pedra Preta,RN,2441,14908.54,57.268,70.426,58.166,43.213,70.832,43.801,83.11,83.96,52.347,54.767,56.082,69.47,19.167,33.013,86.837,33.834
2603801,Capoeiras,PE,18338,13405.8,56.196,62.357,62.478,43.754,64.93,38.248,89.373,56.878,71.351,51.675,58.673,68.213,28.675,44.204,68.304,33.831
4305447,Chuvisca,RS,4597,28428.56,56.075,62.66,62.665,42.9,75.077,19.594,71.982,83.988,68.427,62.771,55.476,63.987,21.818,41.137,74.818,33.828
2210623,Sebastião Barros,PI,3202,14694.88,51.318,59.771,52.573,41.611,65.118,47.692,54.523,71.751,54.862,40.588,65.374,49.469,23.901,17.222,91.497,33.824
3123007,Dores de Campos,MG,10007,32232.69,63.45,83.428,67.295,39.628,66.535,97.081,97.163,72.932,68.619,70.472,58.722,71.366,16.686,37.362,70.639,33.824
4318507,São José do Norte,RS,25443,31383.28,51.381,63.644,55.412,35.088,69.84,52.576,85.37,46.79,52.813,58.672,46.43,63.731,15.609,40.707,50.215,33.822
3544004,Rio das Pedras,SP,31328,57479.92,67.543,84.356,69.316,48.956,70.667,93.496,92.019,81.24,76.781,69.061,63.713,67.711,25.913,52.741,83.351,33.821
3522000,Itaju,SP,3618,64663.48,63.131,77.456,67.723,44.215,71.209,80.784,97.152,60.68,82.198,71.634,54.091,62.968,25.753,43.211,74.077,33.819
3542701,Restinga,SP,6404,33306.96,63.253,80.766,66.472,42.522,70.675,87.263,94.558,70.568,74.508,76.183,44.886,70.31,11.151,43.437,81.689,33.809
3548104,Santo Antônio do Jardim,SP,6126,36640.5,64.278,78.186,70.623,44.024,72.713,69.754,84.587,85.689,81.071,67.913,58.204,75.302,19.859,44.611,77.818,33.808
3205036,Vargem Alta,ES,19563,22145.87,59.641,73.722,69.435,35.767,68.942,64.495,94.176,67.273,78.223,65.063,65.104,69.351,24.633,33.224,51.418,33.793
4318614,São José do Sul,RS,2380,39791.74,66.693,79.148,71.941,48.989,77.772,83.398,88.284,67.139,78.284,76.545,67.839,65.099,20.512,55.013,86.642,33.791
2107258,Nova Colinas,MA,5021,17341.57,51.45,57.569,57.44,39.342,55.75,55.511,68.115,50.901,70.435,48.332,53.468,57.524,27.589,23.354,72.636,33.787
3512506,Coroados,SP,5400,40810.01,64.047,82.203,71.011,38.926,77.59,92.034,96.694,62.495,82.601,65.36,61.163,74.918,27.325,47.684,46.909,33.786
4110706,Irati,PR,59250,38869.01,61.241,74.371,69.809,39.542,69.488,87.846,92.884,47.266,80.745,72.102,53.414,72.975,41.499,57.812,25.07,33.784
1302108,Japurá,AM,8858,9757.89,43.813,48.877,48.94,33.623,52.672,60.36,78.101,4.374,47.359,24.489,59.016,64.896,30.784,18.79,51.136,33.781
4110003,Iguaraçu,PR,5338,40104.05,58.511,73.986,68.097,33.45,66.015,78.053,96.19,55.685,74.653,71.682,54.756,71.297,22.011,38.46,39.552,33.778
3145703,Oliveira Fortes,MG,2027,20142.02,59.138,68.461,67.641,41.312,73.967,67.119,90.936,41.82,82.078,60.803,61.568,66.116,34.218,42.934,54.323,33.775
4113429,Lidianópolis,PR,3938,32150.98,61.607,73.907,67.839,43.076,57.261,71.809,92.734,73.823,82.075,62.912,55.305,71.064,36.666,43.499,58.37,33.771
3152170,Ponto dos Volantes,MG,10883,11343.44,53.323,64.968,60.492,34.508,68.996,45.973,85.276,59.628,71.581,46.244,64.021,60.122,28.284,33.594,42.393,33.761
3556305,Valparaíso,SP,24241,51372.55,64.387,80.444,69.498,43.219,69.007,90.405,92.707,69.657,82.638,67.426,57.489,70.438,30.185,51.118,57.825,33.747
4201257,Apiúna,SC,9811,45421.83,59.323,72.868,64.618,40.483,74.848,70.159,72.825,73.64,75.274,66.3,46.829,70.071,35.817,44.038,48.336,33.743
3160959,São Domingos das Dores,MG,5626,16367.64,60.109,73.982,67.071,39.272,77.012,52.705,90.592,75.622,76.652,53.334,70.736,67.561,39.892,40.666,42.801,33.73
2110401,São Benedito do Rio Preto,MA,18364,7870.04,50.267,52.523,62.047,36.232,67.48,25.116,50.485,67.012,66.183,49.112,66.17,66.723,11.793,22.742,76.671,33.724
3555356,Ubarana,SP,5365,39923.81,65.105,83.46,71.255,40.601,75.935,93.465,95.053,69.386,78.393,79.26,56.184,71.183,18.918,48.896,60.869,33.721
4218905,Urubici,SC,10834,33124.03,59.189,71.647,63.067,42.854,76.573,72.686,65.709,71.621,68.472,74.256,41.353,68.187,35.008,34.557,68.137,33.714
4116604,Nova América da Colina,PR,3280,29976.08,60.572,81.465,63.749,36.503,69.078,76.145,96.467,84.17,76.497,62.215,45.259,71.024,23.801,42.361,46.139,33.709
3128600,Guarda-Mor,MG,6539,115645.1,55.799,68.823,57.693,40.88,69.841,69.981,87.059,48.412,69.697,48.224,59.259,53.594,17.978,42.878,68.962,33.703
1505502,Paragominas,PA,105550,40850.36,54.755,64.029,58.793,41.444,67.308,66.704,86.504,35.6,60.813,67.092,57.285,49.981,27.104,41.271,63.702,33.699
2608305,Jupi,PE,15329,14077.1,52.521,51.102,64.287,42.175,66.299,31.108,92.671,14.33,74.871,70.184,43.618,68.475,22.366,35.797,76.845,33.692
4311130,Jari,RS,3349,141065.61,58.255,77.998,53.828,42.939,65.528,81.492,79.889,85.083,66.634,38.915,57.331,52.433,22.626,48.201,67.242,33.689
2910800,Feira de Santana,BA,616272,28247.85,59.021,64.013,64.547,48.503,68.275,84.43,94.765,8.582,58.384,70.113,60.109,69.582,53.779,57.645,48.908,33.68
4103156,Bom Jesus do Sul,PR,3980,29278.26,55.388,56.573,65.897,43.693,54.698,69.979,74.568,27.049,80.565,62.491,56.253,64.278,23.527,46.613,70.96,33.671
1101609,Theobroma,RO,8113,31961.69,49.326,55.006,51.863,41.108,67.422,11.557,79.411,61.632,73.234,39.895,56.29,38.033,26.284,35.349,69.136,33.663
3301801,Engenheiro Paulo de Frontin,RJ,12242,33467.83,56.34,65.853,65.982,37.186,62.031,48.759,89.388,63.233,76.045,63.359,54.518,70.005,34.319,43.838,36.927,33.66
5007976,Taquarussu,MS,3625,50638.71,49.12,67.271,57.053,23.036,53.468,72,94.03,49.584,74.548,58.392,39.723,55.551,28.991,24.958,4.533,33.66
1703057,Bandeirantes do Tocantins,TO,3407,52820.13,55.029,73.252,57.325,34.509,71.871,82.671,88.396,50.07,67.818,47.419,63.837,50.226,15.042,26.369,62.969,33.656
3540754,Potim,SP,20392,15236.89,59.47,76.193,65.939,36.279,68.398,98.861,94.946,42.566,73.807,62.436,53.775,73.737,17.793,39.609,54.061,33.655
2510303,Nova Palmeira,PB,4259,11585.01,58.813,72.695,62.326,41.418,75.808,49.678,94.129,71.165,76.589,48.692,57.968,66.056,24.098,38.138,69.787,33.649
5206206,Cristalina,GO,62337,74368.59,54.504,64.794,64.758,33.959,74.056,64.193,83.841,37.087,77.191,61.279,60.494,60.069,24.36,36.459,41.377,33.642
2506251,Gado Bravo,PB,8179,9385.91,55.269,59.135,59.315,47.357,77.39,15.876,82.08,61.195,70.412,47.833,54.848,64.167,26.054,39.582,90.15,33.641
1301951,Itamarati,AM,10937,12490.63,46.704,49.372,53.689,37.051,56.303,32.304,68.203,40.676,67.152,26.343,60.996,60.266,30.833,8.494,75.239,33.639
4206603,Guarujá do Sul,SC,4829,42249.03,59.213,73.48,64.101,40.059,61.866,70.431,90.564,71.06,78.346,69.253,39.76,69.043,32.552,46.367,47.681,33.636
4215752,São Bernardino,SC,2684,33085.15,60.917,73.03,64.725,44.996,64.98,51.881,87.842,87.418,76.621,51.796,69.356,61.128,18.346,39.394,88.612,33.631
4103057,Boa Vista da Aparecida,PR,7924,23559.94,58.277,73.944,64.442,36.447,73.531,74.845,95.168,52.23,77.251,62.269,48.395,69.851,31.09,45.36,35.71,33.626
4216354,São João do Itaperiú,SC,4463,76316.69,56.986,70.485,58.863,41.609,76.4,42.889,94.741,67.913,67.048,54.247,62.425,51.733,26.502,43.236,63.078,33.62
4117404,Ourizona,PR,3187,52690.29,61.809,83.999,66.463,34.966,76.044,93.386,94.872,71.693,78.765,70.025,48.511,68.553,26.828,40.457,38.971,33.607
4119251,Pinhal de São Bento,PR,2761,29279.56,56.128,69.935,64.483,33.968,69.568,54.542,80.925,74.705,78.496,62.649,52.526,64.259,21.533,45.701,35.051,33.586
3542107,Rafard,SP,8965,49761.97,68.141,88.021,69.757,46.645,71.211,98.955,97.973,83.945,81.286,74.687,53.6,69.454,31.701,54.054,67.26,33.565
3515400,Fartura,SP,16641,28674.36,62.773,77.782,69.948,40.59,66.527,88.206,92.45,63.945,83.577,69.853,54.774,71.587,18.962,49.574,60.261,33.565
2414209,Tibau do Sul,RN,16929,24742.67,59.329,73.725,61.834,42.429,69.333,75.232,94.144,56.19,45.536,78.555,57.977,65.268,21.997,41.477,72.682,33.562
3547601,Santa Rosa de Viterbo,SP,23411,35860.41,64.071,79.964,70.793,41.456,65.082,92.934,95.808,66.034,78.33,70.843,61.466,72.531,24.295,64.637,43.332,33.56
2511103,Pedra Lavrada,PB,6859,11759.67,61.335,75.054,58.968,49.984,71.475,54.379,90.678,83.684,70.101,46.801,53.917,65.054,41.829,37.868,86.678,33.56
4311007,Jaguarão,RS,26603,40112.98,62.47,80.94,59.558,46.911,74.064,93.838,94.033,61.825,59.903,69.38,48.086,60.865,19.158,59.828,75.099,33.559
3149705,Perdigão,MG,12268,18654.1,61.706,77.61,67.551,39.956,76.911,83.424,94.637,55.47,72.305,69.824,60.206,67.869,27.372,44.183,54.719,33.551
4202305,Biguaçu,SC,76773,35028.95,66.134,81.015,69.509,47.879,78.394,88.183,88.606,68.877,69.77,79.089,57.693,71.484,52.128,47.212,58.627,33.549
3119401,Coronel Fabriciano,MG,104736,19196.74,61.421,76.46,69.021,38.781,68.839,79.398,92.677,64.924,73.672,71.216,64.779,66.419,31.975,53.597,36.021,33.53
4108551,Godoy Moreira,PR,2977,24509.84,59.638,71.086,69.311,38.517,73.574,61.77,87.489,61.511,81.301,64.944,59.601,71.399,26.309,48.772,45.462,33.525
1100700,Campo Novo de Rondônia,RO,8844,42070.72,49.871,62.804,47.096,39.714,68.879,28.313,88.038,65.985,61.772,42.664,50.511,33.437,32.783,29.767,62.789,33.517
4212007,Palma Sola,SC,7605,44008.22,59.778,72.368,65.381,41.585,61.765,70.124,83.993,73.588,72.314,59.256,61.636,68.316,29.91,46.746,56.168,33.517
2210375,São Luis do Piauí,PI,2309,11051.07,53.68,73.092,48.122,39.826,66.393,62.735,82.666,80.574,61.797,32.273,30.205,68.214,21.159,12.67,91.96,33.515
1703867,Cariri do Tocantins,TO,4007,130145.82,50.635,63.217,55.614,33.074,78.467,53.232,87.29,33.879,69.275,53.087,47.92,52.174,22.646,44.634,31.512,33.506
3144102,Muzambinho,MG,21891,24637.97,61.347,79.199,69.406,35.436,64.721,79.785,92.824,79.467,75.258,67.618,61.706,73.04,28.866,55.966,23.412,33.501
3141207,Matutina,MG,3814,25669.51,62.162,82.939,65.977,37.57,72.871,83.786,98.797,76.303,72.97,69.099,57.822,64.017,13.448,41.399,61.932,33.499
3506359,Bertioga,SP,64188,32447.98,60.318,72.891,69.708,38.353,64.299,82.397,84.985,59.884,75.7,82.222,55.021,65.89,11.342,50.6,57.977,33.495
3132206,Itaguara,MG,13846,29279.36,61.431,79.83,66.231,38.233,71.942,87.781,93.746,65.853,73.786,65.556,58.08,67.502,37.627,46.347,35.482,33.476
3553401,Tanabi,SP,25265,52769.92,60.461,82.014,70.047,29.324,73.403,90.106,97.235,67.31,84.793,68.546,57.02,69.828,37.917,44.561,1.342,33.474
3105103,Bambuí,MG,23546,33369.03,61.49,78.359,64.797,41.313,69.146,86.311,94.369,63.608,71.7,65.503,57.813,64.172,36.654,44.967,50.157,33.473
4103958,Campina do Simão,PR,3936,38485.97,52.636,71.891,57.646,28.372,80.859,46.624,76.376,83.702,79.664,55.879,35.701,59.341,17.514,19.164,43.343,33.468
1200138,Bujari,AC,12917,23459.48,52.106,66.566,51.838,37.913,76.595,43.254,71.905,74.51,60.351,47.88,63.979,35.142,20.219,14.531,83.438,33.464
2414456,Triunfo Potiguar,RN,3376,13674.63,56.277,73.692,53.702,41.438,72.171,78.92,83.597,60.08,41.73,55.991,50.541,66.543,22.911,31.152,78.239,33.448
4125803,São Pedro do Ivaí,PR,8690,42904.72,59.852,75.678,69.326,34.552,64.218,81.299,97.554,59.639,82.016,62.907,59.06,73.321,37.251,19.833,47.675,33.448
4107504,Engenheiro Beltrão,PR,12454,45830.45,61.926,71.798,65.414,48.564,46.315,80.867,96.358,63.654,77.752,67.683,48.155,68.068,37.632,43.165,80.019,33.442
3200201,Alegre,ES,29177,19855.93,62.292,76.462,69.543,40.87,66.232,82.437,90.317,66.861,78.934,65.985,62.064,71.19,25.692,49.776,54.574,33.438
3140209,Maripá de Minas,MG,3387,22298.89,63.59,79.154,67.936,43.681,59.389,77.563,95.704,83.96,77.702,64.444,58.403,71.193,35.295,50.912,55.081,33.436
5104807,Jaciara,MT,28569,42235.13,58.618,72.462,65.994,37.397,72.424,75.963,89.493,51.965,70.444,73.003,59.795,60.735,32.89,45.327,37.937,33.433
2508604,Lucena,PB,12560,17889.68,55.707,66.198,59.118,41.805,67.038,69.536,84.684,43.535,51.783,69.419,45.666,69.605,20.312,31.249,82.227,33.431
2515609,Serra da Raiz,PB,3094,12057,61.294,78.35,62.383,43.149,74.017,62.047,92.513,84.824,66.056,62.917,58.015,62.543,23.376,39.197,76.595,33.428
4211652,Novo Horizonte,SC,2643,45672.27,52.022,45.734,64.777,45.555,66.992,41.033,71.452,3.458,74.628,57.151,64.694,62.636,39.309,47.321,62.163,33.427
3544301,Roseira,SP,10832,34852.47,63.235,80.694,74.312,34.699,70.405,90.142,96.299,65.932,78.109,90.849,58.374,69.914,19.733,40.744,44.899,33.42
2210631,Sebastião Leal,PI,4446,57867.64,54.614,69.878,50.202,43.762,67.201,61.883,66.47,83.96,74.868,48.692,47.498,29.75,22.998,26.344,92.29,33.416
2301000,Aquiraz,CE,80645,48142.43,55.133,54.557,66.5,44.342,73.197,36.86,81.493,26.677,74.692,72.714,55.824,62.769,19.683,44.239,80.033,33.415
3535705,Paraíso,SP,6099,45470.21,62.294,85.577,67.455,33.85,78.485,89.361,94.321,80.143,82.237,65.35,53.714,68.52,19.517,41.288,41.188,33.407
3130200,Igaratinga,MG,10830,53777.54,60.826,77.839,68.269,36.372,73.936,78.272,94.474,64.673,72.902,67.812,63.467,68.896,23.838,33.514,54.726,33.407
3140308,Marliéria,MG,4592,13260.3,53.091,55.004,61.202,43.067,63.789,65.667,88.83,1.729,71.528,60.049,52.635,60.596,52.798,42.216,43.847,33.406
2605707,Floresta,PE,30137,14880.81,56.282,69.972,62.418,36.455,69.432,70.86,78.811,60.786,69.354,57.592,59.091,63.635,25.895,42.937,43.584,33.405
2514651,São José do Brejo do Cruz,PB,1699,17247.42,59.911,77.999,57.91,43.823,80.845,59.933,88.402,82.816,64.003,55.988,50.437,61.212,22.787,24.821,94.289,33.394
3114600,Carrancas,MG,4049,44195.57,60.466,77.476,63.224,40.698,62.099,77.295,93.61,76.898,80.251,62.641,48.51,61.493,21.938,55.999,51.464,33.391
2510808,Patos,PB,103165,19465.31,61.158,72.059,67.162,44.253,69.26,89.84,96.86,32.278,72.624,72.228,57.488,66.309,44.956,54.529,44.138,33.388
4123808,Santa Izabel do Oeste,PR,14070,33434.77,59.134,70.007,64.991,42.403,77.294,65.786,91.028,45.921,77.465,64.2,55.821,62.479,30.226,42.708,63.307,33.371
3305307,São Sebastião do Alto,RJ,7750,31361.34,58.145,67.135,64.006,43.294,61.91,56.947,85.187,64.496,74.878,58.246,51.025,71.876,22.822,39.927,77.057,33.37
4315057,Porto Mauá,RS,2142,42017.39,61.722,85.795,61.851,37.519,74.44,94.673,88.377,85.689,67.582,56.284,54.048,69.49,25.465,45.031,46.212,33.368
3544905,Sales Oliveira,SP,11411,36831.38,65.574,83.427,70.936,42.358,74.711,89.244,94.779,74.975,79.852,76.242,56.602,71.051,18.924,58.781,58.363,33.364
2408409,Olho d'Água do Borges,RN,3905,12261.2,59.916,76.829,56.369,46.549,83.336,80.176,91.674,52.13,57.401,60.518,41.832,65.725,25.223,30.321,97.289,33.364
3117306,Conceição das Alagoas,MG,28381,46791.55,60.741,79.508,67.2,35.514,63.995,91.8,97.29,64.949,72.224,69.913,61.008,65.654,22.677,43.926,42.09,33.362
3305406,Sapucaia,RJ,17729,56849.18,62.189,76.527,65.156,44.885,76.53,69.345,88.834,71.398,74.667,66.931,49.326,69.701,19.192,50.448,76.553,33.348
5220603,Silvânia,GO,22245,59570.76,57.642,67.532,65.535,39.861,55.541,73.263,94.732,46.592,81.017,58.121,60.332,62.67,28.94,50.042,47.115,33.345
3202405,Guarapari,ES,124656,20504.39,61.464,75.293,68.189,40.909,68.203,80.029,89.197,63.743,71.868,74.791,58.653,67.444,40.499,44.243,45.552,33.344
3138708,Luminárias,MG,5586,26881.17,65.901,85.214,65.218,47.27,72.383,84.943,96.979,86.553,74.124,60.082,56.558,70.109,33.316,57.17,65.252,33.343
2302107,Baturité,CE,35218,12821.41,59.552,65.378,69.853,43.425,66.396,61.708,89.633,43.775,77.29,71.424,57.141,73.558,29.364,40.732,70.265,33.337
2411601,São Bento do Norte,RN,3304,167449.3,51.805,58.997,58.074,38.345,76.336,61.885,83.477,14.288,63.355,51.505,54.841,62.596,20.06,32.95,67.045,33.327
4317954,Santo Expedito do Sul,RS,2349,55297.3,63.234,78.478,66.411,44.814,80.628,67.617,84.907,80.761,78.811,57.912,65.982,62.94,25.9,35.024,85.011,33.319
3123601,Elói Mendes,MG,26336,27000.43,62.539,79.598,65.97,42.05,73.333,86.94,94.251,63.87,68.663,69.03,55.698,70.487,33.868,39.189,61.827,33.317
4319604,São Sepé,RS,21219,63199.71,57.748,73.446,61.454,38.345,70.753,79.087,87.061,56.882,63.121,67.395,56.482,58.818,27.855,51.35,40.859,33.315
3304151,Quissamã,RJ,22393,269757.98,56.304,67.842,66.956,34.113,65.944,66.733,94.852,43.839,69.878,66.998,58.187,72.759,30.28,45.613,27.254,33.305
4309654,Hulha Negra,RS,5976,53008.99,55.279,63.486,57.549,44.802,73.819,37.375,79.39,63.358,63.514,52.388,58.493,55.801,23.079,38.315,84.528,33.285
3106903,Bicas,MG,13978,20005.4,64.245,76.988,70.167,45.578,62.74,88.467,96.46,60.286,70.777,74.482,66.123,69.288,31.749,47.07,70.211,33.283
4121604,Renascença,PR,6845,62180.21,59.609,69.893,67.537,41.397,73.232,67.765,82.741,55.833,79.627,68.225,49.36,72.939,17.815,48.505,65.984,33.283
3155900,Rio Preto,MG,5141,13555.15,59.586,81.448,61.869,35.441,60.489,86.72,92.029,86.553,66.127,57.237,56.325,67.789,24.553,44.022,39.913,33.276
2112605,Urbano Santos,MA,32812,7599.29,55.278,58.113,61.229,46.493,66.344,29.138,59.759,77.21,64.159,47.327,70.347,63.084,37.949,31.58,83.171,33.273
4218954,Urupema,SC,2656,33545.44,64.383,77.354,65.838,49.958,58.887,73.307,92.747,84.474,66.696,68.253,64.344,64.06,29.634,44.153,92.775,33.269
2914703,Itaberaba,BA,65073,15430.86,57.028,72.247,62.065,36.774,73.314,84.946,92.847,37.88,60.548,66.325,56.259,65.127,16.549,40.313,56.972,33.261
4320800,Soledade,RS,29991,47195.79,57.575,65.67,65.016,42.04,68.986,83.917,84.09,25.688,66.295,69.903,51.245,72.62,37.353,56.818,40.733,33.259
3101201,Aiuruoca,MG,6233,20774.49,57.323,71.888,61.11,38.969,61.181,55.958,86.453,83.96,76.694,49.371,56.688,61.689,30.378,46.937,45.307,33.256
2601102,Araripina,PE,85088,15059.45,58.21,68.924,64.045,41.662,73.724,57.173,83.069,61.73,74.309,58.705,56.399,66.768,16.67,35.581,81.144,33.252
2204154,Francisco Macedo,PI,2929,11294.21,58.429,70.375,59.958,44.955,61.932,50.913,87.365,81.29,71.81,60.165,44.431,63.426,22.013,39.948,84.613,33.245
4312005,Mariano Moro,RS,1858,39515.11,63.604,68.955,71.285,50.571,75.164,79.782,84.809,36.065,84.496,58.707,75.403,66.534,32.266,57.713,79.063,33.241
3533007,Nova Granada,SP,19419,26601.4,61.955,76.382,68.292,41.192,65.364,92.535,97.3,50.33,79.945,71.797,52.268,69.16,43.624,42.971,44.932,33.239
2932101,Ubaíra,BA,18626,12399.05,57.187,65.839,55.305,50.418,64.698,51.203,82.48,64.973,58.427,40.371,56.078,66.343,53.272,36.142,79.026,33.233
4319802,São Vicente do Sul,RS,8097,90883.79,58.677,72.921,61.474,41.635,61.28,66.699,90.895,72.81,73.287,61.868,61.01,49.733,24.363,56.84,52.106,33.233
4306734,Doutor Maurício Cardoso,RS,4470,58769.53,61.29,70.364,65.123,48.383,82.682,61.836,78.892,58.046,77.506,60.253,55.646,67.086,35.83,46.828,77.644,33.229
4310330,Imbé,RS,26824,23538.24,59.691,73.315,67.305,38.454,68.212,78.746,84.427,61.874,63.065,88.766,51.87,65.519,34.787,51.087,34.714,33.228
3160405,Santo Antônio do Monte,MG,27295,31111.31,62.867,81.362,68.551,38.688,72.495,87.62,96.07,69.264,76.222,71.529,58.818,67.636,39.95,44.816,36.771,33.215
4308433,Forquetinha,RS,2393,24809.55,61.604,81.255,60.432,43.126,71.019,80.538,86.91,86.553,73.149,52.484,49.476,66.62,26.757,51.56,60.978,33.207
5103700,Feliz Natal,MT,10521,100040.47,52.208,72.696,48.484,35.443,83.658,65.479,83.105,58.543,58.759,59.304,58.706,17.167,33.625,28.291,46.669,33.185
4115705,Matinhos,PR,39259,22895.64,59.923,74.587,68.081,37.102,73.099,88.732,89.307,47.209,74.727,77.492,50.197,69.91,46.156,43.403,25.669,33.181
3169356,Três Marias,MG,28895,109868.14,60.507,76.228,69.866,35.426,70.121,81.541,90.964,62.287,76.85,75.367,62.076,65.17,29.932,42.311,36.295,33.166
4312625,Muliterno,RS,1721,53840.51,58.116,64.6,62.49,47.257,76.409,58.665,74.479,48.849,68.23,75.709,43.946,62.075,39.893,38.429,77.55,33.157
3137403,Lagoa Dourada,MG,12769,27248.77,58.74,78.526,66.024,31.671,72.253,74.155,92.247,75.448,79.68,55.185,60.806,68.423,29.4,41.232,22.899,33.154
4201802,Atalanta,SC,3227,39319.35,56.852,73.436,63.462,33.658,66.371,55.161,88.081,84.13,81.687,47.998,55.912,68.25,22.033,33.623,45.831,33.145
5002407,Caarapó,MS,30612,69038.32,53.928,66.96,60.424,34.401,73.694,64.014,75.8,54.334,67.117,60.7,52.451,61.427,23.218,52.005,29.237,33.145
4109203,Guaraci,PR,4748,47496.91,61.075,83.229,63.928,36.068,73.594,80.355,96.57,82.395,75.93,65.747,48.408,65.628,25.075,44.702,41.361,33.136
4127205,Terra Boa,PR,17568,32651.07,61.871,80.671,68.574,36.366,61.164,89.878,95.467,76.176,79.482,69.308,55.935,69.573,24.983,51.816,35.533,33.133
1100056,Cerejeiras,RO,15890,47102.65,58.709,65.54,63.712,46.874,68.542,44.693,97.223,51.703,75.413,66.556,58.269,54.61,39.733,36.342,78.301,33.119
4319356,São Pedro da Serra,RS,3548,32145.87,62.758,79.717,63.798,44.759,85.868,60.698,85.75,86.553,70.758,57.363,58.567,68.504,20.512,68.551,56.859,33.115
4304408,Canela,RS,48946,32830.07,60.63,77.492,67.589,36.808,74.464,90.723,78.303,66.477,69.737,78.41,50.517,71.693,21.332,60.419,32.366,33.114
2411007,Rodolfo Fernandes,RN,4242,14056.13,53.502,62.175,52.128,46.204,79.379,72.355,96.102,0.864,57.736,59.962,20.851,69.964,37.17,31.854,82.692,33.101
5005202,Ladário,MS,21522,17961.18,57.888,75.139,63.917,34.608,70.215,73.082,87.079,70.18,65.707,67.287,55.45,67.223,44.108,34.185,27.044,33.097
3551504,Serrana,SP,43909,30948.05,63.67,78.416,69.832,42.76,69.281,84.606,92.961,66.818,71.782,74.224,60.076,73.247,9.94,43.496,84.518,33.088
2707800,Roteiro,AL,6474,31759.67,49.397,58.75,56.408,33.033,69.592,74.948,85.174,5.287,63.82,60.252,33.702,67.859,23.64,28.571,46.849,33.074
1705508,Colinas do Tocantins,TO,34233,25368.29,60.866,77.562,65.44,39.597,63.505,92.047,95.573,59.123,72.607,67.259,53.385,68.508,33.349,41.889,50.089,33.06
4128401,Uraí,PR,10406,35609.59,66.192,82.998,68.572,47.006,66.355,86.84,94.611,84.186,77.881,74.733,53.503,68.172,34.574,44.549,75.841,33.06
3556800,Viradouro,SP,17414,25665.73,65.482,87.538,68.464,40.445,73.406,92.247,98.809,85.689,79.722,71.657,54.825,67.653,33.883,55.676,39.165,33.059
3162005,São Gonçalo do Sapucaí,MG,23959,41519.01,62.217,76.661,68.129,41.86,58.828,83.555,97.886,66.374,76.153,72.081,59.463,64.819,31.548,42.605,60.229,33.058
2205565,Lagoa do Barro do Piauí,PI,4995,107825.06,56.756,69.179,55.762,45.326,73.461,44.629,74.665,83.96,72.118,43.945,44.981,62.004,27.543,36.194,84.521,33.048
3147501,Passabém,MG,1600,14854.53,59.959,73.119,64.767,41.991,62.103,56.097,89.45,84.824,80.7,64.579,50.795,62.993,26.655,47.731,60.53,33.046
1707009,Dianópolis,TO,17739,36616.28,55.251,65.977,63.597,36.179,67.226,74.662,85.595,36.425,70.357,61.351,57.568,65.111,40.223,35.937,35.514,33.043
3136579,Josenópolis,MG,3630,16102.37,55.657,68.311,60.681,37.98,70.797,61.881,68.627,71.94,70.207,48.127,64.384,60.004,27.077,36.938,54.862,33.043
3514700,Echaporã,SP,6205,24745.33,64.376,81.428,66.741,44.96,65.828,91.89,94.708,73.288,80.255,68.317,53.263,65.128,18.468,56.944,71.385,33.042
4107405,Enéas Marques,PR,5999,52277.17,55.592,71.285,65.125,30.366,71.17,43.636,88.118,82.218,78.507,58.995,58.165,64.832,23.558,43.543,21.325,33.037
1200385,Plácido de Castro,AC,16560,36585.85,53.814,70.743,56.072,34.628,74.663,44.084,88.185,76.041,63.584,50.282,62.305,48.117,23.712,29.681,52.088,33.031
4316006,Rolante,RS,21253,34675,58.431,74.091,66.634,34.569,73.34,64.257,91.176,67.591,65.321,74.84,57.259,69.115,18.527,42.182,44.54,33.029
5004700,Ivinhema,MS,27821,62315.41,55.977,72.054,63.824,32.054,68.629,71.768,92.436,55.383,71.715,62.101,58.661,62.819,24.958,41.588,28.643,33.025
4318002,São Borja,RS,59676,43393.01,60.834,77.407,62.246,42.848,72.744,81.637,86.598,68.649,69.2,70.165,49.115,60.505,39.759,50.849,47.761,33.022
4300505,Alpestre,RS,7117,27794.66,53.206,61.23,61.791,36.598,58.685,42.786,73.837,69.612,79.786,54.093,50.652,62.634,18.039,49.239,46.093,33.021
5214002,Mozarlândia,GO,14750,70000.73,59.743,69.714,61.844,47.671,66.365,65.144,93.811,53.536,72.164,62.212,54.413,58.588,45.557,31.362,80.747,33.018
4127858,Três Barras do Paraná,PR,11135,39440.48,55.946,70.491,62.393,34.953,65.86,73.228,90.025,52.85,73.744,54.701,55.769,65.357,25.007,37.328,44.46,33.016
3515301,Estrela do Norte,SP,2703,23271.13,61.297,73.77,67.787,42.334,53.799,89.751,90.183,61.345,84.784,67.05,59.3,60.013,15.69,53.689,66.942,33.016
3541653,Quadra,SP,3405,42754.19,63.353,71.478,69.655,48.926,73.339,47.589,81.023,83.96,81.507,73.646,56.944,66.522,20.315,50.272,92.103,33.013
2203271,Curral Novo do Piauí,PI,5073,15565.99,53.861,55.323,59.19,47.071,53.626,24.939,80.698,62.028,68.905,45.913,61.622,60.32,45.409,12.808,97.06,33.007
3521002,Iperó,SP,36459,26790.99,62.261,80.872,67.973,37.939,77.789,79.112,97.46,69.125,75.386,70.99,53.155,72.361,25.111,42.848,50.807,32.99
3545308,Salto de Pirapora,SP,43748,51149.62,64.06,78.397,68.782,45.002,68.703,90.785,97.054,57.047,79.984,74.887,56.206,64.05,23.65,69.451,53.919,32.988
3538600,Piracaia,SP,26029,25607.07,62.599,74.26,69.902,43.633,71.72,73.594,83.688,68.039,81.189,74.402,55.9,68.118,24.744,45.414,71.393,32.982
4302808,Caçapava do Sul,RS,32515,34779.72,57.771,71.976,64.434,36.904,68.573,70.662,84.236,64.434,67.382,69.093,57.382,63.878,34.633,53.956,26.049,32.976
3515004,Embu das Artes,SP,250691,57518.03,62.537,80.388,69.882,37.342,72.393,89.792,86.713,72.652,76.747,72.166,58.968,71.646,29.554,48.1,38.747,32.966
4309001,Giruá,RS,16013,75671.17,63.062,74.964,65.538,48.685,65.721,79.957,86.101,68.076,70.688,67.492,54.766,69.206,25.409,52.01,84.361,32.96
2807006,São Miguel do Aleixo,SE,3434,14620.22,59.749,77.444,61.769,40.035,76.34,69.372,95.087,68.977,61.299,59.657,58.832,67.287,20.597,20.015,86.571,32.959
1712504,Marianópolis do Tocantins,TO,4615,55075.41,49.019,61.92,53.541,31.596,69.939,51.396,79.516,46.828,67.285,43.059,61.86,41.958,23.528,19.927,49.969,32.958
2515401,São Vicente do Seridó,PB,10291,8798.39,56.955,64.341,59.884,46.64,68.161,37.152,88.38,63.672,68.472,56.102,52.12,62.842,38.91,29.119,85.572,32.958
2202729,Cocal dos Alves,PI,6386,8984.62,62.766,80.784,61.215,46.298,70.656,86.259,81.758,84.464,73.905,49.968,57.2,63.788,48.349,35.986,67.902,32.955
4321303,Taquari,RS,25198,43736.28,63.323,77.824,66.09,46.057,77.115,86.099,92.103,55.979,72.651,76.123,50.488,65.097,20.389,53.096,77.788,32.953
4321709,Três Coroas,RS,24425,33204.61,58.99,76.517,65.727,34.726,73.183,68.312,89.053,75.52,68.795,72.992,51.705,69.416,13.629,46.453,45.871,32.95
5208004,Formosa,GO,115901,28226.68,62.083,76.414,67.83,42.004,71.789,82.234,90.863,60.771,76.738,66.036,62.353,66.192,34.434,49.261,51.373,32.949
4320701,Sobradinho,RS,14226,31058.84,59.181,69.8,67.919,39.825,61.77,70.763,90.771,55.893,68.049,71.688,57.954,73.985,22.025,58.721,45.607,32.946
3547205,Santana da Ponte Pensa,SP,1670,24074.47,62.197,71.568,72.021,43.002,67.787,92.307,98.234,27.943,90.387,69.265,63.556,64.878,22.807,52.766,63.496,32.939
4126801,Tapejara,PR,15869,31527.68,57.849,71.314,66.486,35.748,76.144,95.431,97.139,16.542,79.078,66.643,50.33,69.892,21.46,42.451,46.144,32.936
4123204,Santa Cecília do Pavão,PR,3365,45956.23,58.163,76.567,62.745,35.178,67.652,80.82,94.788,63.009,77.6,62.354,36.707,74.318,30.195,33.561,44.024,32.934
4119608,Pitanga,PR,33567,34235.3,58.295,74.157,65.315,35.413,59.677,81.664,86.912,68.376,79.685,59.86,50.843,70.872,25.086,44.826,38.807,32.933
4322327,Turuçu,RS,3419,48236.68,59.541,79.622,59.795,39.206,76.096,70.113,87.453,84.824,68.495,61.237,54.89,54.56,18.958,46.287,58.655,32.923
3537909,Pilar do Sul,SP,27619,46543.91,63.066,77.134,68.652,43.413,71.339,81.631,87.44,68.125,83.573,67.452,55.153,68.428,23.486,68.794,48.455,32.919
2502201,Bom Jesus,PB,2286,14122.91,59.614,75.531,59.129,44.183,63.648,63.503,91.839,83.133,61.796,63.056,48.101,63.563,43.635,41.908,58.272,32.916
5108808,Nova Guarita,MT,4590,36745.38,60.43,75.292,61.165,44.832,80.277,73.458,90.974,56.456,73.336,62.936,68.783,39.604,45.534,49.259,51.632,32.904
2706703,Penedo,AL,58650,16897.41,58.714,71.358,63.116,41.668,66.29,81.968,96.718,40.457,73.279,59.38,49.807,69.999,37.338,41.574,54.857,32.904
5201405,Aparecida de Goiânia,GO,527796,32406.34,61.68,73.102,70.007,41.929,68.078,67.752,95.013,61.566,72.249,75.785,57.846,74.149,52.029,46.641,36.147,32.9
4311643,Linha Nova,RS,1683,39249.99,68.646,87.996,68.233,49.708,84.303,84.403,95.86,87.418,80.918,61.629,65.03,65.356,18.7,60.531,86.712,32.889
4218608,Trombudo Central,SC,7274,60643.5,60.423,79.295,69.707,32.267,78.943,64.355,93.355,80.525,70.709,72.373,66.091,69.653,22.021,35.662,38.498,32.886
3205176,Vila Valério,ES,13728,31849.7,48.541,52.794,59.816,33.012,79.172,49.444,80.833,1.729,74.401,48.462,48.923,67.478,16.608,40.025,42.541,32.873
4303608,Cambará do Sul,RS,6361,38413.27,58.546,70.175,62.756,42.706,71.213,68.555,69.265,71.668,75.192,64.006,54.886,56.942,32.227,45.72,60.006,32.871
4215075,Riqueza,SC,4768,31192.71,59.317,73.339,68.031,36.582,63.123,57.54,88.642,84.049,80.589,70.602,58.144,62.789,26.188,46.549,40.723,32.869
1100924,Chupinguaia,RO,9324,50645.13,53.6,64.819,53.809,42.173,69.306,70.222,82.262,37.485,62.194,47.021,64.338,41.683,24.702,32.186,78.939,32.866
4318481,São José do Hortêncio,RS,4447,26697.87,61.201,87.383,70.079,26.139,67.716,97.78,97.484,86.553,75.579,75.039,63.044,66.655,15.763,41.558,14.375,32.861
4300406,Alegrete,RS,72409,42844.87,58.88,72.52,60.206,43.913,68.223,79.611,85.128,57.119,65.415,69.388,50.942,55.081,18.543,64.806,59.462,32.843
2609501,Nazaré da Mata,PE,30648,22627.7,61.536,66.381,67.653,50.573,74.354,79.851,91.547,19.771,77.277,66.159,56.072,71.105,43.215,45.503,80.734,32.843
4322855,Vespasiano Corrêa,RS,1818,66177.62,62.615,77.736,66.809,43.301,53.48,87.316,86.188,83.96,75.604,66.2,63.747,61.683,34.924,57.83,47.612,32.837
4207650,Iporã do Oeste,SC,9335,41141.43,64.542,78.213,68.138,47.274,68.246,66.606,92.285,85.716,83.296,66.76,56.3,66.198,28.05,52.451,75.758,32.837
3305208,São Pedro da Aldeia,RJ,104029,26566.53,64.331,75.747,69.32,47.925,73.17,86.269,84.489,59.06,70.087,76.133,64.084,66.979,31.227,52.561,75.082,32.83
1703602,Brasilândia do Tocantins,TO,1974,38594.8,61.133,77.282,59.446,46.671,75.627,68.131,89.331,76.038,73.875,56.156,55.704,52.047,33.349,30.651,89.857,32.826
2514107,São João do Tigre,PB,4263,9668.95,52.412,50.813,59.059,47.365,75.768,30.181,86.862,10.441,71.253,36.096,57.374,71.514,40.619,28.343,87.676,32.821
3538808,Piraju,SP,29436,31694.67,66.81,80.98,71.72,47.73,70.439,90.168,91.732,71.58,81.892,75.179,58.751,71.058,22.524,70.293,65.281,32.82
4313086,Nova Pádua,RS,2343,43082.6,60.197,75.666,66.529,38.394,66.633,81.811,68.533,85.689,80.848,54.311,61.88,69.076,16.857,49.181,54.721,32.819
3156700,Sabará,MG,129380,32712.96,64.729,75.682,71.149,47.357,70.945,77.057,80.192,74.533,70.952,74.035,65.423,74.185,29.593,54.236,72.79,32.808
4124707,São Jerônimo da Serra,PR,10830,30034.19,56.401,68.554,61.82,38.827,67.854,67.096,88.62,50.647,70.026,49.538,63.736,63.982,30.195,30.921,61.384,32.807
3541703,Quatá,SP,13163,62839.28,64.645,83.891,66.558,43.486,78.28,94.111,93.687,69.488,81.065,64.934,52.07,68.163,28.923,47.308,64.928,32.783
5216007,Panamá,GO,2455,44980.56,55.292,68.021,61.876,35.978,71.614,63.197,91.653,45.62,80.193,68.673,36.328,62.312,28.733,34.561,47.838,32.779
3139904,Maria da Fé,MG,14247,14362.24,55.951,73.027,66.434,28.391,58.409,63.519,92.326,77.853,78.157,62.778,54.846,69.957,21.501,43.16,16.129,32.773
1507474,São João de Pirabas,PA,20689,8869.34,53.181,61.803,54.153,43.588,64.923,63.406,64.408,54.476,48.565,57.103,51.472,59.472,42.873,21.345,77.36,32.773
2207009,Oeiras,PI,38161,15425.14,57.138,69.351,63.951,38.111,58.728,74.869,86.52,57.287,76.349,58.195,49.62,71.642,29.311,49.349,41.013,32.77
3301504,Cordeiro,RJ,20783,22109.71,63.242,77.625,71.085,41.017,66.302,91.055,92.768,60.376,78.216,68.749,60.182,77.194,33.796,43.318,54.182,32.77
3159100,Santana dos Montes,MG,3469,14479.68,61.673,80.182,65.393,39.444,68.054,77.079,89.043,86.553,79.511,63.91,50.139,68.013,25.931,47.815,51.259,32.769
5213087,Minaçu,GO,27075,48239.98,62.272,74.755,66.408,45.654,68.405,82.114,91.189,57.311,80.478,63.594,53.668,67.89,45.934,36.217,67.704,32.761
4110300,Inajá,PR,2536,23165.52,57.675,82.365,65.026,25.634,68.678,93.289,98.285,69.206,82.325,67.723,41.84,68.216,26.366,39.044,4.366,32.759
2702207,Coqueiro Seco,AL,5581,17333.28,54.456,61.297,61.643,40.429,69.007,64.915,90.48,20.787,65.177,62.006,52.014,67.373,48.769,31.856,48.336,32.755
3136306,João Pinheiro,MG,46801,46407.36,59.576,78.149,63.501,37.078,69.651,80.876,96.733,65.335,76.318,64.547,53.84,59.301,33.202,41.622,40.731,32.754
3107000,Biquinhas,MG,2383,27255.43,57.287,81.433,65.495,24.933,74.86,70.493,94.691,85.689,75.195,54.437,69.809,62.539,25.945,39.394,1.642,32.75
4107603,Faxinal,PR,16389,30740.63,60.586,75.902,65.473,40.383,72.197,80.293,95.549,55.569,79.797,63.606,50.22,68.269,22.433,36.841,69.507,32.749
2412401,São José do Seridó,RN,4558,18531.62,60.341,74.76,65.894,40.37,73.146,70.64,96.173,59.079,75.78,66.006,57.707,64.081,37.668,42.927,48.142,32.744
4315503,Restinga Sêca,RS,14939,45407.05,57.456,74.831,62.143,35.393,68.34,75.716,91.045,64.222,72.092,66.656,55.091,54.733,19.44,40.221,49.166,32.744
4309571,Herveiras,RS,2565,27938.14,54.363,69.243,58.01,35.834,56.027,58.424,80.792,81.729,69.043,50.129,49.611,63.258,19.651,34.004,56.941,32.741
1101203,Ministro Andreazza,RO,6466,46404.66,57.056,65.625,61.976,43.566,72.208,35.052,89.795,65.445,78.534,55.001,59.024,55.346,26.076,38.053,77.403,32.731
3532843,Nova Canaã Paulista,SP,2032,22954.25,63.466,81.379,68.887,40.132,58.876,87.787,94.028,84.824,86.988,60.897,62.764,64.902,22.807,38.579,66.415,32.727
2604304,Cedro,PE,10518,12009.55,58.31,73.698,61.86,39.371,73.612,60.676,94.559,65.945,73.678,61.794,49.995,61.975,35.674,35.968,53.119,32.723
5219209,Santa Cruz de Goiás,GO,3002,99067.38,55.379,60.857,55.677,49.605,56.735,47.794,90.378,48.522,74.067,43.433,54.973,50.233,33.336,49.87,82.495,32.718
4312054,Marques de Souza,RS,3969,31504.2,56.974,61.756,67.274,41.891,67.032,56.494,77.986,45.513,76.465,72.833,51.663,68.134,24.004,42.717,68.129,32.713
2516755,Tenório,PB,2966,11709.27,57.612,66.878,65.053,40.907,68.652,25.49,93.817,79.552,69.293,66.436,59.864,64.617,19.864,27.632,83.43,32.701
3118205,Conquista,MG,6694,73754.86,60.877,79.334,67.366,35.932,68.614,88.489,95.823,64.409,70.223,67.324,65.37,66.547,38.274,47.336,25.44,32.68
4305454,Cidreira,RS,17071,21363.84,57.506,64.518,64.143,43.857,67.24,70.464,87.284,33.085,58.805,80.881,55.767,61.119,19.093,50.663,72.993,32.678
4315131,Pouso Novo,RS,1739,35576.4,59.229,69.715,66.976,40.997,59.1,74.027,80.531,65.2,76.949,70.579,57.417,62.958,39.382,49.494,42.445,32.666
2601201,Arcoverde,PE,77742,15747.67,59.002,72.106,66.931,37.971,69.155,76.686,92.76,49.823,78.036,64.8,57.275,67.612,29.324,51.346,38.548,32.664
3169406,Três Pontas,MG,55255,34259.03,63.285,80.021,67.853,41.982,68.044,90.5,93.256,68.283,74.194,66.147,61.012,70.06,45.064,64.068,26.133,32.661
2507309,Jacaraú,PB,14477,11489.64,52.663,56.69,56.566,44.734,71.443,55.631,89.708,9.977,63.63,50.982,50.264,61.387,26.742,39.052,80.497,32.645
3131604,Iraí de Minas,MG,7180,42305.34,60.274,78.714,65.923,36.185,77.054,84.042,97.811,55.949,66.576,71.009,60.021,66.086,27.138,35.205,49.757,32.637
4201604,Arroio Trinta,SC,3556,35674.45,61.914,77.573,64.834,43.334,64.136,83.282,80.249,82.626,71.876,62.987,61.656,62.817,24.769,37.387,78.553,32.625
3532405,Nazaré Paulista,SP,18217,25732.46,55.647,67.216,63.768,35.959,72.348,47.771,89.207,59.537,81.659,62.57,42.305,68.536,22.272,38.53,50.408,32.624
3152131,Ponto Chique,MG,3747,13999.51,59.166,77.096,61.493,38.91,70.81,59.354,91.668,86.553,70.701,55.489,61.757,58.026,21.163,48.373,53.484,32.62
3171006,Vazante,MG,19975,58932.62,62.47,80.452,67.206,39.753,72.541,85.327,94.627,69.312,77.158,65.974,63.308,62.385,21.701,64.264,40.428,32.62
3501202,Álvares Florence,SP,3915,31994.58,60.065,78.515,64.097,37.584,73.351,71.121,84.765,84.824,84.021,64.524,45.962,61.881,20.755,48.495,48.475,32.61
4201000,Anita Garibaldi,SC,8285,28144.22,60.571,74.534,60.705,46.472,59.8,68.239,83.544,86.553,72.698,52.966,51.123,66.034,37.586,29.714,85.988,32.601
3525706,José Bonifácio,SP,36633,37994.1,65.066,84.425,73.267,37.506,77.735,88.441,95.056,76.47,80.017,73.187,63.605,76.26,18.918,46.066,52.443,32.598
5002209,Bonito,MS,23659,51274.55,60.702,78.676,59.609,43.822,75.97,82.694,89.804,66.236,64.859,64.116,53.463,55.996,27.716,34.716,80.265,32.591
4118907,Pérola,PR,11878,30504.87,60.387,75.525,64.61,41.026,61.393,79.569,98.456,62.683,75.162,62.58,52.339,68.359,32.171,56.829,42.512,32.59
3540853,Pracinha,SP,2578,16007.79,66.326,80.316,66.44,52.22,69.139,82.284,96.643,73.2,81.322,59.82,55.425,69.195,29.892,50.668,95.731,32.588
4309308,Guaíba,RS,92924,89807.62,60.861,78.396,64.869,39.317,73.346,85.795,86.962,67.483,68.932,74.467,56.871,59.204,18.717,54.51,51.466,32.575
2210052,São José do Divino,PI,4841,13265.52,55.993,60.67,63.496,43.813,61.974,53.224,84.947,42.536,71.893,54.379,59.702,68.009,24.786,32.398,85.492,32.574
4125753,São Pedro do Iguaçu,PR,5784,43045.36,59.018,71.895,63.811,41.348,72.259,69.929,90.608,54.785,78.273,65.954,47.275,63.742,21.25,42.914,68.659,32.57
5201306,Anicuns,GO,18503,27903.4,64.467,79.979,67.919,45.503,71.191,85.157,93.233,70.334,82.895,65.166,59.315,64.3,37.847,45.569,66.031,32.565
3202454,Ibatiba,ES,25380,17863.5,56.009,69.087,65.157,33.783,71.187,57.34,93.494,54.328,74.356,69.013,55.08,62.177,19.487,43.468,39.623,32.554
3533254,Novais,SP,4412,17958.8,63.765,85.938,68.635,36.722,69.623,91.641,96.799,85.689,81.642,67.324,55.854,69.72,18.019,42.15,54.172,32.548
4120655,Quarto Centenário,PR,4201,87043.57,61.186,73.643,63.913,46.003,74.608,72.947,92.209,54.808,71.764,67.583,48.431,67.874,25.91,46.691,78.868,32.544
3162302,São João da Mata,MG,2914,19040.53,64.981,82.148,68.296,44.499,70.82,85.479,88.333,83.96,79.665,64.15,61.222,68.146,25.291,47.426,72.745,32.533
4301206,Arroio do Tigre,RS,12058,35860.4,53.405,60.695,62.176,37.346,58.874,54.275,72.516,57.113,75.357,54.144,46.021,73.18,38.6,40.178,38.075,32.53
2803302,Japaratuba,SE,16209,32808.5,58.439,68.461,61.327,45.53,75.688,64.69,90.508,42.958,67.234,59.081,56.035,62.956,26.215,45.517,77.859,32.527
3552106,Socorro,SP,40122,28124.14,63.271,73.489,71.462,44.863,76.397,63.476,83.789,70.295,83.41,69.198,58.21,75.032,38.457,55.008,53.484,32.501
4314555,Pirapó,RS,2260,42195.17,62.926,80.587,62.199,45.993,74.772,95.6,92.657,59.317,75.48,51.22,51.656,70.439,23.11,55.671,72.693,32.498
2918001,Jequié,BA,158813,20147.18,58.193,64.155,62.438,47.987,65.199,86.102,95.182,10.136,55.331,68.128,54.63,71.662,52.444,53.045,53.984,32.476
2709202,Traipu,AL,23565,12693.31,54.541,61.483,57.914,44.224,71.977,26.344,78.002,69.611,70.202,39.769,58.712,62.974,45.753,35.176,63.494,32.474
3550100,São Manuel,SP,37289,36206.42,66.891,82.556,70.702,47.414,71.129,91.715,91.732,75.65,79.978,73.901,52.849,76.078,33.823,52.991,70.369,32.472
3156304,Rodeiro,MG,8664,63955.64,56.691,69.919,65.057,35.098,62.455,84.135,96.952,36.134,68.209,65.747,52.109,74.164,26.377,35.079,46.469,32.465
3300308,Barra do Piraí,RJ,92883,29431.89,57.461,72.803,68.677,30.904,66.624,70.857,87.091,66.64,70.907,75.492,60.856,67.453,20.586,43.088,27.478,32.465
2500536,Alcantil,PB,5578,9949.66,51.08,54.959,57.994,40.287,73.569,39.366,83.583,23.318,56.89,49.908,58.616,66.561,18.878,24.253,85.559,32.457
2703759,Jequiá da Praia,AL,9470,40631.21,58.867,78.046,61.787,36.768,78.507,71.887,88.38,73.409,76.683,43.303,58.404,68.757,36.668,30.777,47.17,32.457
1101807,Vale do Paraíso,RO,6479,28862.98,53.241,57.705,55.744,46.274,62.976,13.281,84.789,69.774,70.315,45.97,61.823,44.867,34.806,36.668,81.173,32.449
2100105,Afonso Cunha,MA,6144,13946.78,51.988,56.336,58.395,41.233,64.604,34.636,42.096,84.008,58.991,43.956,71.436,59.199,35.14,23.994,73.352,32.447
4313391,Novo Cabrais,RS,3568,37595.89,54.445,71.689,59.586,32.059,72.945,72.856,81.351,59.604,55.646,73.318,48.9,60.479,29.353,31.675,34.767,32.441
2704708,Marechal Deodoro,AL,60370,56888.72,55.775,69.884,63.907,33.534,67.28,71.12,92.594,48.543,63.331,71.157,53.999,67.141,19.237,38.827,43.635,32.436
3521903,Itajobi,SP,16989,55450.42,62.434,79.456,70.716,37.13,65.95,89.906,97.43,64.538,84.754,70.751,54.906,72.455,34.335,46.055,35.701,32.428
4204400,Coronel Freitas,SC,10388,36996.94,61.165,73.818,64.096,45.581,72.569,66.931,87.626,68.147,72.577,64.487,53.708,65.61,47.983,46.762,55.157,32.422
2411700,São Bento do Trairí,RN,3792,12119.48,63.805,80.916,64.94,45.56,80.917,66.415,90.977,85.356,64.212,58.125,69.868,67.555,31.011,38.909,79.906,32.412
2608800,Lajedo,PE,39582,14901.99,57.762,65.091,64.953,43.241,68.667,72.268,93.941,25.487,74.855,65.771,47.298,71.89,35.314,45.036,60.209,32.405
2607802,Itaquitinga,PE,16554,9788.04,53.545,61.281,58.654,40.7,64.324,51.765,90.737,38.297,69.309,60.156,38.741,66.409,24.024,26.968,79.406,32.404
4302402,Bom Retiro do Sul,RS,12294,33023.94,61.147,73.935,64.676,44.832,77.726,75.733,81.321,60.958,69.817,75.489,48.775,64.622,59.055,49.611,38.259,32.403
2706604,Paulo Jacinto,AL,6576,16829.69,57.261,77.535,55.524,38.724,75.224,73.265,95.142,66.511,68.679,43.795,42.298,67.324,19.333,28.5,74.661,32.402
3515129,Emilianópolis,SP,3014,26460.84,67.593,85.452,68.916,48.412,68.47,91.819,96.694,84.824,84.097,69.335,55.242,66.992,30.017,39.512,91.715,32.402
4314605,Piratini,RS,17504,50656.94,57.856,71.56,59.832,42.177,71.522,57.513,83.269,73.934,72.109,59.366,47.754,60.098,35.536,49.873,50.9,32.4
2311504,Quixeré,CE,20874,30739.93,54.319,62.773,65.681,34.503,74.869,76.88,93.372,5.97,80.445,61.572,55.572,65.136,21.156,40.924,43.536,32.397
3511409,Cerqueira César,SP,21469,44897.27,62.335,80.325,68.974,37.705,65.943,96.417,92.178,66.763,80.3,72.441,54.11,69.046,17.863,53.27,47.294,32.395
4120903,Quedas do Iguaçu,PR,30738,48060.48,56.928,66.975,64.272,39.538,74.408,68.842,91.92,32.729,79.744,61.208,45.119,71.02,39.339,54.391,32.036,32.385
4302600,Braga,RS,3268,40362.28,55.588,71.825,60.599,34.341,67.691,60.477,83.679,75.455,63.635,54.473,53.581,70.705,12.505,38.122,54.362,32.375
4206009,Governador Celso Ramos,SC,16915,26775.3,64.828,80.487,72.086,41.912,76.247,82.064,94.679,68.958,72.639,83.567,64.764,67.372,25.619,46.094,63.566,32.37
2702702,Feliz Deserto,AL,3963,41690.73,54.471,73.685,60.769,28.959,67.23,84.225,95.326,47.958,72.334,56.454,46.216,68.073,21.169,6.555,55.747,32.367
2200277,Alegrete do Piauí,PI,4634,10473.83,58.244,70.553,62.659,41.52,67.474,69.493,91.868,53.377,76.958,51.91,57.263,64.504,19.351,36.975,77.396,32.358
2904605,Brumado,BA,70510,25476.8,62.937,76.385,62.959,49.467,76.437,72.768,91.785,64.551,66.978,59.085,60.474,65.3,33.41,52.906,79.197,32.353
3302908,Miguel Pereira,RJ,26582,23968.37,59.99,71.38,70.784,37.805,63.426,67.454,84.842,69.799,76.611,78.294,57.05,71.18,31.044,46.856,40.968,32.35
2501351,Assunção,PB,4152,11765.9,53.497,62.724,53.463,44.305,67.748,46.945,95.93,40.273,58.793,54.581,34.269,66.208,23.349,33.622,87.898,32.35
3161403,São Francisco do Glória,MG,4800,15228.49,61.884,76.933,68.442,40.278,60.569,78.46,94.424,74.279,76.809,64.282,60.557,72.119,40.94,37.644,50.179,32.349
4207759,Iraceminha,SC,3986,33811.01,61.709,69.735,67.445,47.946,76.787,50.699,67.494,83.96,81.425,60.993,65.451,61.91,26.536,39.637,93.267,32.345
2708006,Santana do Ipanema,AL,46220,14084.81,56.626,67.598,60.606,41.673,71.084,69.741,90.172,39.397,64.666,54.674,52.394,70.691,39.362,39.083,55.902,32.345
4115507,Marumbi,PR,4699,22179.04,59.942,68.979,64.843,46.004,64.91,72.267,96.689,42.048,76.826,68.756,43.324,70.467,23.242,54.357,74.077,32.34
3518701,Guarujá,SP,287634,36751.08,61.119,71.287,69.685,42.384,68.747,74.589,75.844,65.969,75.952,80.616,54.664,67.507,30.185,51.472,55.547,32.334
3539202,Pirapozinho,SP,25348,36868.94,64.816,81.048,69.541,43.859,71.304,95.48,94.332,63.077,79.167,68.779,59.937,70.282,15.69,73.73,53.686,32.333
4306957,Entre Rios do Sul,RS,2685,77851.35,60.967,76.813,69.361,36.728,72.965,73.86,84.936,75.489,72.747,67.319,62.862,74.517,17.661,49.43,47.496,32.324
5001243,Aral Moreira,MS,10748,95748.04,50.027,63.798,55.255,31.03,69.413,53.056,85.727,46.995,64.938,46.568,46.366,63.147,37.775,19.678,34.347,32.32
3509254,Cajati,SP,28515,62003.83,58.63,74.997,67.926,32.967,72.299,77.307,83.582,66.799,79.749,72.03,58.44,61.484,29.519,38.564,31.472,32.315
4313706,Palmeira das Missões,RS,33216,67173.05,58.787,69.596,65.018,41.747,72.639,76.426,86.519,42.8,72.14,63.69,51.703,72.541,29.001,51.663,54.008,32.314
4124905,São João do Caiuá,PR,5586,27879.45,57.776,76.246,63.544,33.537,73.571,92.658,94.354,44.401,70.609,63.107,55.922,64.54,33.872,33.21,34.754,32.312
4117214,Nova Santa Bárbara,PR,4184,26664.32,58.973,74.973,64.572,37.376,66.285,70.05,96.226,67.329,74.107,65.52,47.909,70.751,30.195,39.742,47.263,32.303
4205209,Erval Velho,SC,4885,37761.48,61.156,74.667,65.717,43.083,68.713,69.462,84.536,75.957,75.768,71.446,51.377,64.277,30.057,42.084,67.894,32.297
3149606,Pequi,MG,4155,20729.29,58.812,76.458,63.704,36.272,69.045,78.241,95.513,63.033,72.739,63.453,49.638,68.988,23.838,46.548,42.406,32.297
4126652,Sulina,PR,3440,46421.6,59.03,73.325,66.1,37.666,68.391,60.413,80.215,84.28,77.467,52.897,66.302,67.734,25.961,42.361,50.048,32.295
1503077,Garrafão do Norte,PA,24703,11255.64,51.219,57.722,53.632,42.302,69.638,48.759,59.175,53.314,54.409,47.719,58.873,53.525,46.453,22.095,68.382,32.28
4202875,Brunópolis,SC,2489,55829.27,53.236,61.495,64.882,33.33,71.772,70.348,68.215,35.646,76.389,74.294,47.764,61.082,23.741,22.229,55.075,32.276
2702108,Colônia Leopoldina,AL,15816,25307.9,54.115,61.952,59.148,41.244,73.956,59.51,82.074,32.267,68.156,60.825,40.486,67.126,28.815,27.432,76.46,32.269
4310751,Ivorá,RS,1929,37550.51,54.895,65.7,66.261,32.723,59.034,48.526,86.14,69.101,68.476,57.173,76.143,63.253,16.88,39.334,42.409,32.269
4304358,Candiota,RS,10710,258080.04,55.919,73.153,55.766,38.839,76.801,62.924,86.133,66.755,68.563,65.401,50.029,39.07,31.68,39.019,52.401,32.257
4311791,Maratá,RS,2470,32957.88,61.399,78.499,66.622,39.074,68.034,95.253,96.934,53.777,75.457,71.74,60.907,58.386,36.382,45.241,42.419,32.253
4202099,Barra Bonita,SC,1668,31570.52,52.126,60.386,61.974,34.018,77.921,51.48,77.507,34.636,80.8,57.865,46.229,63,22.731,32.756,48.336,32.248
4313607,Paim Filho,RS,3629,46532.87,61.106,75.142,65.635,42.542,65.243,71.928,89.302,74.092,78.143,59.414,58.532,66.448,34.088,48.815,55.022,32.245
4122172,Rio Branco do Ivaí,PR,3808,30570.02,57.101,69.612,58.564,43.126,69.04,53.999,79.061,76.348,80.45,56.225,31.034,66.548,31.461,38.117,70.68,32.245
1300607,Benjamin Constant,AM,37648,10402.12,51.737,64.194,57.068,33.949,70.195,39.648,80.855,66.077,67.241,32.945,60.195,67.89,47.52,30.531,25.505,32.24
5101209,Araguainha,MT,1010,27964.04,58.984,71.538,59.314,46.101,75.409,71.098,95.623,44.021,63.457,67.922,55.592,50.285,26.934,28.279,96.965,32.225
2515708,Serra Grande,PB,2942,11361.4,62.043,79.376,63.194,43.559,76.599,82.421,85.335,73.15,71.919,64.073,50.421,66.364,32.841,23.374,85.798,32.223
3151404,Pitangui,MG,26685,27983.88,61.023,77.52,69.453,36.095,69.612,83.405,92.292,64.774,75.876,71.254,63.926,66.756,30.078,40.793,41.286,32.221
4128658,Virmond,PR,3811,50151.17,58.679,76.316,65.151,34.57,75.639,70.804,89.168,69.653,79.459,60.868,54.249,66.027,29.626,41.644,34.787,32.221
3302106,Itaocara,RJ,22919,27947.91,54.819,69.75,68.783,25.924,67.62,76.7,80.777,53.903,78.556,69.56,56.635,70.382,15.195,40.09,16.193,32.217
2201200,Barras,PI,47938,10455.83,56.885,65.322,62.227,43.106,70.11,52.991,71.908,66.279,67.909,48.401,63.374,69.224,25.484,33.565,81.162,32.212
2300101,Abaiara,CE,10038,11838.23,59.119,67.962,63.122,46.272,74.145,34.521,88.676,74.507,77.346,56.917,53.032,65.194,40.203,33.565,79.109,32.212
4126306,Sengés,PR,17270,38776.79,59.748,78.369,63.075,37.8,72.767,83.216,88.475,69.017,80.104,55.879,49.846,66.472,24.501,44.991,49.499,32.211
2111102,São João dos Patos,MA,25020,13729.07,61.337,72.524,63.062,48.427,60.854,77.264,82.269,69.707,71.612,60.609,54.395,65.633,41.201,43.033,77.262,32.211
4306007,Crissiumal,RS,12886,39786.71,60.31,71.41,61.768,47.753,65.146,69.221,89.104,62.168,73.623,56.977,45.951,70.52,18.773,55.067,84.965,32.207
3122801,Dom Viçoso,MG,3095,12709.88,62.063,81.626,69.171,35.393,62.725,84.31,92.914,86.553,82.104,68.143,55.031,71.404,21.07,45.875,42.42,32.206
3503802,Artur Nogueira,SP,51456,33704.63,67.313,83.258,72.882,45.8,81.663,88.12,93.498,69.75,80.577,76.855,61.66,72.436,28.647,54.23,68.123,32.2
2907004,Cardeal da Silva,BA,8365,14176.5,55.35,70.715,54.033,41.303,70.37,69.471,83.69,59.329,55.902,43.19,60.782,56.257,17.692,38.781,76.541,32.199
3521309,Ipuã,SP,14454,30852.83,63.655,82.957,69.424,38.583,64.715,92.943,97.452,76.717,79.178,73.103,56.599,68.817,32.88,35.105,54.15,32.197
1301506,Envira,AM,17186,12632.4,47.787,58.567,53.487,31.306,61.026,52.364,80.817,40.062,69.037,32.051,58.969,53.891,32.139,20.834,40.06,32.192
2404200,Goianinha,RN,26741,20588.83,58.301,72.252,60.286,42.366,69.068,68.689,96.063,55.188,47.897,73.809,52.953,66.487,31.303,38.86,67.113,32.188
3146909,Papagaios,MG,13920,27088.77,55.274,79.284,60.313,26.226,73.751,90.771,92.362,60.251,64.403,63.984,51.121,61.743,31.235,38.658,2.846,32.167
3169604,Tupaciguara,MG,25470,37434.98,63.824,85.024,66.693,39.755,77.267,91.232,97.801,73.797,67.165,72.159,60.494,66.953,44.434,51.542,30.881,32.164
3541000,Praia Grande,SP,349935,25123.36,66.708,80.917,71.394,47.813,73.375,90.066,90.276,69.949,77.918,82.35,53.162,72.146,21.243,57.694,80.153,32.16
3512308,Conchas,SP,15232,28634.05,61.004,78.177,70.469,34.365,71.872,79.545,90.59,70.702,77.028,75.459,56.612,72.778,29.979,50.04,25.292,32.151
4117453,Ouro Verde do Oeste,PR,6785,47305.09,62.139,75.883,68.923,41.612,81.449,77.525,94.336,50.224,78.697,67.04,63.16,66.795,43.331,36.747,54.224,32.145
3556404,Vargem Grande do Sul,SP,40133,32310.98,62.669,80.895,68.544,38.569,67.828,94.613,95.384,65.755,76.18,74.588,52.826,70.582,23.375,54.384,44.379,32.139
3301306,Casimiro de Abreu,RJ,46110,51384.49,57.621,71.287,67.629,33.947,66.501,85.346,91.554,41.747,72.445,72.796,59.801,65.473,28.247,49.268,26.136,32.135
3536901,Pedranópolis,SP,2787,28873.4,64.695,81.883,65.671,46.532,71.358,78.069,91.551,86.553,84.784,59.62,53.856,64.423,27.628,58.455,67.912,32.133
4112405,Japurá,PR,9144,35382.84,64.364,78.99,69.403,44.699,55.769,86.983,98.238,74.972,81.836,66.389,60.001,69.385,22.874,46.611,77.187,32.125
3133758,Itaú de Minas,MG,14406,50642.31,66.366,85.986,69.942,43.172,66.989,92.346,99.139,85.468,76.126,73.239,65.282,65.119,27.065,52.353,61.146,32.124
4203709,Canelinha,SC,12821,23223.92,60.849,74.341,67.004,41.2,72.22,77.929,84.29,62.925,77.374,64.68,58.68,67.282,32.946,47.982,51.751,32.122
4214607,Rio do Oeste,SC,7747,35900.42,58.15,73.531,64.937,35.982,58.088,59.349,90.135,86.553,78.498,60.988,54.176,66.088,22.796,41.482,47.538,32.114
4305934,Coronel Pilar,RS,1607,30751.17,59.801,68.785,66.209,44.409,67.623,43.797,79.762,83.96,81.97,48.945,62.542,71.379,18.153,49.847,77.521,32.113
3113206,Carandaí,MG,23812,31806.98,58.881,80.46,65.93,30.254,70.775,80.236,95.798,75.031,78.675,67.73,59.958,57.358,22.6,41.736,24.573,32.106
3167509,Simão Pereira,MG,2947,35572.35,58.093,70.049,60.68,43.551,70.026,89.944,88.249,31.975,53.776,67.642,53.799,67.502,34.95,43.316,63.84,32.098
3162922,São Joaquim de Bicas,MG,34348,31770.77,58.789,71.586,68.582,36.2,76.127,66.932,85.975,57.309,69.151,65.649,65.956,73.572,28.101,42.214,42.387,32.097
2929750,Saubara,BA,11438,12888.03,56.669,64.253,64.112,41.642,72.982,84.171,87.522,12.339,58.921,72.199,54.033,71.297,16.009,35.189,83.276,32.096
4318440,São Jorge,RS,2912,46120.99,63.36,79.217,69.152,41.711,72.106,70.843,86.502,87.418,80.609,68.373,59.888,67.739,19.775,42.535,72.443,32.091
2305100,Guaramiranga,CE,5654,14323.11,54.692,62.554,64.677,36.843,79.371,34.296,84.777,51.773,77.773,64.821,47.27,68.846,20.825,36.833,57.629,32.086
3556008,Urupês,SP,13744,35422.97,66.332,81.709,70.012,47.274,68.245,94.177,95.421,68.994,83.221,70.162,56.491,70.175,40.155,54.952,61.904,32.086
4217154,São Miguel da Boa Vista,SC,1781,28446.47,58.924,73.583,64.013,39.176,73.667,70.202,63.91,86.553,81.871,57.382,55.812,60.986,30.258,33.882,60.48,32.085
4119301,Pinhão,PR,29886,60494.52,55.603,65.755,61.064,39.99,59.602,67.808,77.484,58.126,74.118,53.858,51.285,64.995,34.951,37.767,55.159,32.083
2302057,Barroquinha,CE,14567,9220.04,55.764,66.496,63.88,36.917,67.969,53.423,82.254,62.336,79.955,56.018,49.779,69.767,23.617,30.494,61.482,32.076
2100477,Alto Alegre do Pindaré,MA,25710,9864.8,55.352,63.321,55.789,46.946,64.062,58.21,66.505,64.508,71.96,43.384,63.463,44.349,40.565,33.636,81.506,32.075
3555208,Turiúba,SP,1818,31263.42,68.076,81.774,70.78,51.675,56.035,90.717,96.383,83.96,86.801,63.99,70.075,62.256,20.009,66.719,87.901,32.071
2206670,Morro do Chapéu do Piauí,PI,6425,9790.8,56.939,74.83,58.834,37.153,69.852,83.861,74.155,71.452,67.723,48.282,52.038,67.294,33.557,25.345,57.642,32.067
5107743,Santa Cruz do Xingu,MT,2661,121350.69,54.937,71.503,44.174,49.133,81.161,73.585,78.3,52.965,52.683,31.197,72.196,20.621,40.178,38.757,85.538,32.06
2516201,Sousa,PB,67259,19746.86,63.529,77.099,65.441,48.046,72.502,85.222,85.198,65.472,72.845,63.258,58.836,66.824,28.74,45.254,86.143,32.049
2104057,Estreito,MA,33294,34453.87,55.861,59.726,63.839,44.017,57.476,81.821,78.228,21.379,68.43,60.222,57.151,69.553,29.239,32.173,82.607,32.048
4219853,Zortéa,SC,3930,26564.78,63.757,75.787,66.109,49.374,72.409,74.322,94.076,62.342,72.929,65.616,61.931,63.961,38.906,43.153,83.391,32.047
4100806,Alvorada do Sul,PR,10326,33009.71,61.622,71.793,66.433,46.64,75.001,78.501,97.091,36.578,71.572,61.761,60.976,71.424,33.11,49.142,72.263,32.045
4127403,Terra Roxa,PR,18119,49677.25,59.885,76.082,68.485,35.088,73.516,83.96,97.661,49.192,76.159,66.459,57.855,73.467,26.764,41.494,40.055,32.039
4114500,Manoel Ribas,PR,14240,37598.04,55.173,63.652,62.069,39.797,72.309,61.187,78.701,42.411,71.667,56.804,47.247,72.559,25.323,35.829,65.999,32.037
2413805,Taboleiro Grande,RN,2338,13990.61,51.479,59.143,58.952,36.342,79.018,62.219,93.604,1.729,59.89,67.463,41.265,67.191,28.489,14.45,70.393,32.034
3115201,Conceição da Barra de Minas,MG,3560,19447.96,62.962,79.459,68.872,40.555,76.848,74.443,91.67,74.873,79.689,63.144,64.721,67.933,22.638,50.948,56.6,32.034
2406700,Lajes,RN,9866,16941.14,60.858,74.154,63.995,44.426,62.615,75.059,91.633,67.307,68.439,61.887,57.533,68.121,21.028,38.031,86.615,32.029
5105606,Matupá,MT,20091,64320.3,52.702,60.893,57.176,40.036,73.915,63.098,83.743,22.816,64.793,64.567,59.395,39.948,32.796,48.406,46.921,32.022
5206305,Cristianópolis,GO,3504,34526.18,57.8,64.699,61.057,47.644,72.396,76.547,94.213,15.639,76.954,66.16,38.708,62.407,31.122,39.798,87.633,32.021
3114204,Carmo do Cajuru,MG,23479,26987.18,61.568,79.152,70.41,35.144,73.686,89.368,95.903,57.649,75.113,71.18,58.721,76.626,18.808,54.678,35.075,32.014
4305371,Charrua,RS,2768,54350.17,52.154,58.21,58.628,39.623,66.035,48.154,34.689,83.96,51.669,53.54,60.223,69.082,20.826,37.561,68.093,32.013
4205191,Ermo,SC,2269,78373.62,58.949,72.995,65.665,38.186,67.698,51.612,88.711,83.96,77.129,71.841,49.285,64.404,24.111,40.694,55.948,31.989
3508900,Caiabu,SP,3712,18942.78,64.995,82.33,68.46,44.195,66.939,91.227,96.1,75.053,80.299,71.95,49.997,71.594,11.655,47.912,85.236,31.976
4109302,Guaraniaçu,PR,13735,37552.45,56.503,70.062,65.07,34.376,61.168,72.053,88.331,58.698,81.392,58.055,57.581,63.255,28.319,39.583,37.633,31.97
2927804,Santa Cruz da Vitória,BA,4681,15317.37,56.235,72.217,57.335,39.154,67.274,85.85,93.145,42.601,63.247,52.534,46.61,66.949,29.783,17.044,77.826,31.964
3201902,Domingos Martins,ES,35416,27238.4,56.997,64.793,66.219,39.978,73.798,45.225,83.019,57.129,80.977,62.074,59.071,62.755,21.205,51.822,54.929,31.957
4121901,Ribeirão do Pinhal,PR,13060,26074.72,58.295,76.068,64.908,33.909,62.944,89.292,95.042,56.994,80.386,64.847,45.017,69.383,23.297,43.817,36.567,31.957
2100501,Alto Parnaíba,MA,11109,52499.56,53.185,62.315,51.241,46,71.502,53.312,62.81,61.638,72.874,35.218,61.253,35.618,48.283,28.305,75.459,31.953
4116901,Nova Esperança,PR,26585,35738.97,61.105,77.368,70.714,35.232,72.42,90.289,93.94,52.824,77.125,75.44,57.088,73.204,29.85,53.821,25.304,31.952
2105450,Jatobá,MA,7471,10207.29,50.637,59.581,56.16,36.172,56.783,48.779,61.139,71.622,67.211,42.427,55.243,59.758,16.099,20.939,75.698,31.951
2105948,Lago dos Rodrigues,MA,8758,9661.02,56.997,69.134,63.267,38.589,70.837,70.347,80.143,55.21,75.552,55.091,58.099,64.325,20.839,23.92,77.65,31.948
2209203,Santa Filomena,PI,6087,101935.88,50.378,57.792,49.704,43.639,65.975,45.808,60.697,58.688,67.97,48.128,46.571,36.148,38.074,25.746,78.79,31.947
3533304,Nova Luzitânia,SP,2837,21379.47,68.574,85.846,71.336,48.539,71.176,87.75,97.907,86.553,85.22,66.765,62.463,70.897,25.269,44.387,92.555,31.944
3114402,Carmo do Rio Claro,MG,20954,33391.61,60.346,78.854,67.044,35.14,61.431,80.457,96.62,76.909,76.287,64.711,58.892,68.285,25.408,56.618,26.595,31.937
3109907,Caetanópolis,MG,11435,27771.35,56.634,66.406,66.301,37.195,63.462,68.545,84.174,49.442,73.722,63.987,61.992,65.503,23.221,52.257,41.376,31.926
3143104,Monte Carmelo,MG,47692,32921.55,59.444,76.768,68.799,32.763,63.79,85.674,94.626,62.983,78.231,69.179,57.967,69.818,21.731,47.073,30.334,31.915
2700706,Batalha,AL,16448,14081.44,55.316,70.156,60.556,35.238,73.238,57.507,91.443,58.435,72.936,52.362,57.895,59.03,25.611,33.437,49.99,31.914
3142502,Monjolos,MG,2169,21739.38,55.36,75.159,63.147,27.775,76.479,63.679,84.817,75.661,77.198,56.98,63.597,54.814,31.052,45.168,2.977,31.902
3306156,Varre-Sai,RJ,10207,26068.61,58.847,71.749,64.408,40.385,66.108,44.888,93.57,82.428,71.618,61.799,57.404,66.809,27.398,34.589,67.658,31.897
2706307,Palmeira dos Índios,AL,71574,16627.59,57.884,70.246,63.017,40.389,69.094,59.856,89.275,62.758,73.829,62.687,54.354,61.197,41.541,39.145,48.98,31.892
3124005,Ervália,MG,20255,20363.67,58.056,69.688,64.9,39.582,68.888,61.566,90.814,57.483,73.208,56.352,60.137,69.903,39.334,42.971,44.129,31.891
3553005,Taguaí,SP,12669,27305.63,64.19,84.096,68.661,39.814,71.748,89.765,90.912,83.96,84.573,69.566,50.014,70.492,25.702,46.533,55.136,31.885
3130408,Ijaci,MG,7003,71183.01,62.754,80.833,67.052,40.376,67.434,96.166,97.828,61.905,73.424,71.719,59.079,63.985,22.148,53.053,54.418,31.884
1709807,Ipueiras,TO,1590,30264.61,53.44,71.75,55.658,32.912,73.564,71.295,84.319,57.821,73.271,48.086,58.047,43.229,29.175,29.876,40.723,31.874
2603207,Caetés,PE,28827,14806.27,57.087,65.354,61.993,43.914,72.006,37.786,86.645,64.98,71.44,45.38,61.404,69.747,24.243,38.591,80.953,31.868
5103304,Comodoro,MT,18238,69492.65,54.73,66.243,54.888,43.058,57.942,60.296,82.345,64.389,65.202,58.207,62.11,34.034,33.665,31.8,74.91,31.858
3305158,São José do Vale do Rio Preto,RJ,22080,33693.82,60.776,77.358,64.762,40.206,70.972,72.261,90.276,75.923,72.418,60.566,59.207,66.86,28.327,42.242,58.418,31.839
3545407,Salto Grande,SP,9050,30490.92,58.484,74.679,69.536,31.237,62.526,82.105,88.644,65.442,78.416,71.527,56.174,72.025,16.638,50.122,26.355,31.833
3200904,Barra de São Francisco,ES,42498,27613.31,57.097,70.143,65.729,35.418,69.636,66.147,89.798,54.991,76.455,55.979,61.2,69.283,23.782,36.695,49.363,31.832
4312674,Nicolau Vergueiro,RS,1932,76251.88,62.384,77.572,64.72,44.86,77.587,85.51,80.987,66.203,73.484,49.39,63.541,72.467,25.849,44.304,77.461,31.827
4205100,Dona Emma,SC,4221,39546.49,60.2,73.808,63.301,43.491,76.282,60.325,80.468,78.156,73.258,58.457,52.196,69.296,24.566,44.221,73.354,31.822
3165602,Senador Cortes,MG,2240,17103.86,56.718,75.101,63.215,31.838,63.879,85.028,93.475,58.021,68.366,61.687,52.928,69.88,18.766,34.559,42.205,31.82
4103503,Califórnia,PR,8710,29284.79,60.844,75.043,64.288,43.2,68.95,78.088,92.514,60.622,73.382,67.01,49.605,67.155,20.263,45.783,74.934,31.819
3128402,Guarani,MG,7714,22683.71,57.677,75.229,63.162,34.639,67.966,85.755,93.195,54.002,69.616,62.89,54.896,65.247,18.994,48.443,39.306,31.814
3158607,Santana do Deserto,MG,3747,12736.55,58.653,74.845,63.458,37.656,60.151,71.143,91.772,76.315,60.216,58.031,67.236,68.35,23.959,43.632,51.222,31.81
3109600,Cachoeira da Prata,MG,3693,14146.39,64.454,86.667,66.3,40.394,68.929,96.802,96.113,84.824,72.712,64.771,57.646,70.071,20.108,52.557,57.1,31.81
5104500,Indiavaí,MT,2213,47156.48,61.607,81.918,58.048,44.853,81.346,71.908,94.933,79.487,70.167,54.098,56.202,51.727,27.117,26.426,94.061,31.808
3304300,Rio Bonito,RJ,56276,32781.01,55.679,67.13,70.049,29.859,63.82,49.112,88.488,67.101,71.726,71.436,63.082,73.951,37.129,46.368,4.143,31.796
2902054,Araçás,BA,11557,26075.01,52.116,65.458,54.577,36.314,61.052,66.632,83.771,50.376,59.409,45.86,54.74,58.299,11.433,38.933,63.097,31.792
4214003,Presidente Getúlio,SC,20010,49585.19,60.941,79.06,69.286,34.477,76.35,80.973,84.425,74.494,74.827,69.662,58.993,73.662,24.566,50.511,31.041,31.792
4306759,Doutor Ricardo,RS,1888,42089.99,61.583,82,64.495,38.252,76.942,76.684,92.826,81.548,72.341,61.809,63.066,60.764,20.739,42.54,57.949,31.781
4105706,Clevelândia,PR,15070,56014.17,57.615,69.272,63.961,39.611,63.534,89.438,90.613,33.503,75.377,69.232,42.237,68.998,52.471,34.67,39.524,31.776
1707108,Divinópolis do Tocantins,TO,7024,35742.37,50.238,58.676,57.715,34.324,65.987,53.844,88.332,26.543,74.425,50.787,59.989,45.658,19.805,29.576,56.144,31.771
4323507,Vista Alegre,RS,2660,51903.59,58.806,69.052,62.142,45.225,68.917,49.099,73.367,84.824,72.134,61.616,49.952,64.864,19.868,44.258,85.004,31.769
3541208,Presidente Bernardes,SP,14490,23073.64,65.006,81.556,68.333,45.131,62.078,83.392,94.739,86.014,80.143,69.077,58.528,65.584,26.295,51.645,70.82,31.763
3515657,Fernão,SP,1656,49242.13,64.834,79.581,69.95,44.973,61.442,73.529,95.937,87.418,84.926,69.582,53.161,72.129,39.619,45.358,63.151,31.763
2501807,Bayeux,PB,82742,16639.92,60.631,69.624,63.372,48.896,67.91,74.489,90.721,45.377,55.354,68.532,52.798,76.805,49.57,32.834,81.418,31.762
5212600,Mairipotaba,GO,2561,34727.66,60.385,73.963,63.556,43.634,60.245,67.233,90.522,77.854,78.549,51.294,68.228,56.154,47.304,28.835,66.656,31.741
2901908,Aporá,BA,15922,9403.91,56.348,63.626,58.157,47.261,68.686,62.995,84.086,38.739,55.346,54.016,56.093,67.174,29.597,34.475,93.232,31.739
3143203,Monte Santo de Minas,MG,20890,23306.87,64.098,80.287,67.935,44.072,60.398,82.659,95.139,82.953,74.5,65.862,62.1,69.279,35.364,47.44,61.746,31.736
3300951,Comendador Levy Gasparian,RJ,8741,69601.19,62.07,76.588,68.911,40.713,72.321,88.018,90.934,55.079,73.131,76.529,58.22,67.763,21.925,51.982,57.221,31.724
3301157,Cardoso Moreira,RJ,12958,30743.09,60.136,71.749,65.526,43.133,76.233,64.578,87.711,58.473,74.483,59.12,57.117,71.382,23.408,28.816,88.585,31.724
3132602,Itamarati de Minas,MG,3690,18381.45,59.836,80.132,63.616,35.759,67.221,76.804,93.797,82.705,71.426,59.043,54.161,69.833,32.486,43.813,35.023,31.715
3300704,Cabo Frio,RJ,222161,56039.77,60.373,72.422,67.161,41.537,71.363,83.1,85.656,49.568,66.43,78.581,57.633,66,25.772,56.363,52.3,31.714
3512803,Cosmópolis,SP,59773,35551.84,67.164,81.504,71.391,48.597,76.121,89.557,92.044,68.295,79.642,71.405,63.02,71.498,41.668,47.829,73.18,31.712
4206405,Guaraciaba,SC,10796,42414.74,64.845,77.787,69.706,47.043,71.153,68.417,87.479,84.1,79.765,66.338,65.991,66.73,22.731,44.432,89.302,31.707
2207207,Padre Marcos,PI,6382,11665.39,53.74,61.405,56.659,43.157,64.01,51.382,87.359,42.87,74.488,53.428,36.228,62.492,22.013,31.839,87.074,31.702
2506301,Guarabira,PB,57484,31369.36,62.935,79.051,63.34,46.415,70.677,86.954,96.513,62.06,68.993,68.109,53.437,62.823,38.894,53.244,61.823,31.697
4124202,Santo Antônio do Caiuá,PR,2493,21845.84,59.423,78.641,58.375,41.252,63.42,94.576,95.186,61.384,68.039,62.415,38.503,64.545,28.817,51.918,52.59,31.682
4201273,Arabutã,SC,4378,65434.93,61.513,68.171,69.583,46.786,76.688,56.208,64.903,74.887,83.872,75.198,55.769,63.493,26.605,43.761,85.096,31.682
4300646,Ametista do Sul,RS,7650,23407.55,52.947,59.168,64.358,35.314,60.234,49.978,66.12,60.34,66.329,73.566,50.606,66.934,23.637,34.293,51.65,31.676
1504604,Mocajuba,PA,27198,16743.22,48.199,49.011,56.106,39.48,61.123,38.36,71.035,25.527,52.364,54.075,58.976,59.009,17.344,28.115,80.787,31.675
1100130,Machadinho D'Oeste,RO,30707,29205.7,49.284,57.815,48.973,41.064,68.81,29.394,86.022,47.033,62.679,47.292,51.618,34.305,30.387,34.533,67.669,31.667
3145505,Olímpio Noronha,MG,2555,17318.86,62.725,88.396,66.228,33.551,73.877,93.414,98.874,87.418,72.236,68.27,54.8,69.607,23.837,26.042,52.657,31.667
4116802,Nova Cantu,PR,6790,51641.7,56.988,68.734,59.85,42.38,60.346,72.363,91.644,50.582,76.25,49.17,50.609,63.372,30.547,32.396,74.911,31.664
3518008,Guarani d'Oeste,SP,1968,18958.53,64.575,85.893,67.697,40.135,75.519,91.09,89.544,87.418,86.673,70.518,49.486,64.111,25.458,55.892,47.534,31.658
3101706,Almenara,MG,40364,16842.4,60.19,74.156,63.138,43.277,56.875,83.074,88.309,68.364,68.605,60.935,61.106,61.905,36.319,36.879,68.258,31.651
1200328,Jordão,AC,9222,12449.25,46.879,61.624,47.451,31.561,84.119,32.801,53.717,75.858,65.537,16.722,67.618,39.929,17.988,17.637,58.97,31.649
4311239,Lagoa Bonita do Sul,RS,2251,30838.77,56.568,64.92,61.793,42.99,60.147,45.714,73.348,80.471,75.606,54.965,48.522,68.078,33.193,44.818,62.304,31.646
4109609,Guaratuba,PR,42062,23522.88,57.197,71.439,67.637,32.515,74.353,82.958,85.494,42.952,76.597,69.796,54.476,69.679,27.082,37.73,33.601,31.646
3534906,Pacaembu,SP,14877,14739.81,66.894,85.184,68.205,47.292,69.193,94.999,91.383,85.163,78.583,62.077,62.3,69.86,22.597,45.851,89.076,31.643
2311702,Reriutaba,CE,18606,10324.74,53.277,67.715,63.458,28.658,76.477,47.426,85.82,61.136,84.289,54.227,51.688,63.628,23.026,36.643,23.324,31.641
2111052,São João do Paraíso,MA,9904,15406.28,52.557,61.919,56.087,39.664,79.024,51.108,66.752,50.793,65.819,51.307,56.094,51.129,21.175,25.175,80.667,31.638
2905206,Caetité,BA,52012,21277.21,61.096,69.41,61.755,52.124,68.473,53.879,81.202,74.084,64.187,52.183,65.595,65.055,45.353,56.137,75.373,31.635
3536000,Parapuã,SP,10580,70623.92,66.719,79.339,68.023,52.794,63.59,94.242,98.239,61.286,81.08,69.032,51.573,70.406,46.299,49.916,83.334,31.626
2311405,Quixeramobim,CE,82177,17190.93,58.28,71.601,68.561,34.676,69.106,66.142,89.94,61.217,84.58,57.523,57.598,74.545,22.95,46.579,37.553,31.624
2403905,Francisco Dantas,RN,2700,12221.53,62.069,75.133,62.728,48.345,74.415,64.486,92.237,69.394,70.392,63.758,51.219,65.543,32.446,44.474,84.845,31.617
3139102,Madre de Deus de Minas,MG,5191,58599.98,63.586,81.733,66.574,42.45,72.931,80.006,91.543,82.454,76.799,68.087,59.467,61.945,20.19,39.991,78.004,31.615
4121307,Rancho Alegre,PR,3512,53251.52,58.218,81.915,67.498,25.241,75.889,76.671,92.502,82.598,77.036,79.035,45.477,68.445,28.637,38.232,2.486,31.61
2206605,Monte Alegre do Piauí,PI,10660,28167.45,55.675,72.322,50.662,44.04,71.15,65.9,69.013,83.226,50.622,30.385,63.255,58.388,35.376,29.765,79.416,31.604
2511004,Pedra Branca,PB,3739,10092.67,60.545,75.511,61.593,44.531,79.732,67.351,88.455,66.506,70.291,57.513,47.811,70.756,34.702,38.353,73.468,31.601
4215307,Salete,SC,7489,42790.95,59.33,80.294,65.483,32.212,74.957,67.612,93.099,85.509,75.679,59.203,55.397,71.652,28.596,33.849,34.805,31.597
3135001,Jaguaraçu,MG,3092,35784.89,57.984,78.118,65.899,29.936,73.464,83.22,92.621,63.164,70.952,64.948,63.296,64.4,22.391,39.436,26.322,31.595
5002159,Bodoquena,MS,8567,41383.84,57.404,75.796,58.106,38.309,68.793,71.511,90.771,72.109,70.809,60.005,52.963,48.646,27.09,54.113,40.444,31.591
4308458,Fortaleza dos Valos,RS,4477,127070.32,62.667,76.284,66.514,45.203,77.47,74.858,78.763,74.044,73.49,63.923,62.808,65.837,23.591,63.505,62.131,31.584
2502003,Belém do Brejo do Cruz,PB,6268,12624.52,57.851,64.489,61.102,47.962,63.241,55.736,87.393,51.586,62.673,62.081,53.407,66.248,35.816,36.397,88.058,31.579
2925303,Porto Seguro,BA,168326,22547.87,56.41,66.259,63.458,39.513,66.397,71.476,88.219,38.946,54.598,71.239,59.484,68.511,37.243,44.687,44.548,31.576
5208905,Goiás,GO,24071,31958.87,62.332,74.693,63.336,48.966,66.124,79.809,93.362,59.478,78.593,59.098,53.672,61.981,60.854,54.644,48.802,31.566
4314050,Parobé,RS,52058,26901.94,57.964,71.517,64.206,38.17,76.608,56.834,90.179,62.447,66.941,68.415,50.883,70.586,20.793,44.156,56.168,31.563
4301107,Arroio dos Ratos,RS,14601,24652.67,62.469,77.396,62.472,47.54,73.252,84.719,90.154,61.46,65.357,67.939,50.275,66.316,34.465,53.373,70.763,31.56
5004809,Japorã,MS,8148,20706.39,43.842,53.34,46.284,31.903,61.803,41.907,55.109,54.542,61.003,31.819,30.331,61.982,24.605,19.647,51.808,31.553
3166402,Seritinga,MG,1819,25047.93,62.6,80.427,68.649,38.722,57.098,87.288,93.364,83.96,80.088,59.494,66.107,68.909,28.517,52.102,42.72,31.548
3107109,Boa Esperança,MG,39848,26758.62,62.605,77.948,67.942,41.926,68.463,86.395,93.154,63.779,75.117,68.372,56.969,71.311,44.987,42.191,48.977,31.548
3541604,Promissão,SP,35131,60653.19,61.748,78.335,68.827,38.083,69.655,85.278,90.863,67.543,77.193,69.277,57.871,70.967,27.303,47.05,46.435,31.544
2210979,Tanque do Piauí,PI,2316,14431.44,58.106,77.309,58.673,38.337,57.667,80.912,86.697,83.96,72.092,40.384,53.987,68.231,24.691,20.889,76.228,31.54
2313351,Tejuçuoca,CE,17154,8044.07,56.956,65.652,61.453,43.763,82.959,45.876,85.763,48.009,75.524,46.231,58.72,65.337,43.65,35.393,64.473,31.538
2513406,Santa Luzia,PB,14959,25069.17,63.062,81.043,67.392,40.751,74.183,84.928,97.268,67.792,72.818,70.743,61.28,64.729,34.939,36.102,60.431,31.532
4318606,São José do Ouro,RS,6834,68246.56,57.204,66.593,67.758,37.26,62.538,70.965,84.758,48.111,79.633,66.182,59.512,65.706,24.039,44.033,49.437,31.531
4106456,Coronel Domingos Soares,PR,5649,57727.44,49.694,59.876,56.284,32.923,71.316,52.392,82.666,33.128,73.47,41.383,58.67,51.614,28.122,37.582,34.459,31.529
3552601,Tabapuã,SP,11323,25543.86,61.728,80.907,68.601,35.677,68.606,96.195,98.142,60.685,85.853,65.264,52.837,70.448,23.603,52.826,34.755,31.523
2901007,Amargosa,BA,36521,12794.48,60.259,74.458,63.944,42.376,68.557,71.832,92.39,65.053,63.486,63.782,60.397,68.114,23.966,54.515,59.505,31.517
4218103,Timbé do Sul,SC,5386,28962.59,62.056,75.767,64.943,45.459,63.014,82.669,93.217,64.167,77.101,62.127,53.337,67.207,25.796,37.695,86.829,31.514
4308078,Fazenda Vilanova,RS,4291,33057.56,59.884,78.126,61.16,40.367,75.699,76.864,90.555,69.384,67.17,66.549,45.278,65.645,22.423,45.605,61.926,31.513
3100807,Aguanil,MG,4357,21874.15,61.419,76.653,69.172,38.433,72.202,78.983,96.673,58.754,75.392,67.014,64.187,70.094,20.286,39.186,62.751,31.509
4107736,Fernandes Pinheiro,PR,6255,40880.76,59.314,71.953,62.169,43.82,65.972,61.311,76.091,84.439,79.11,59.153,48.569,61.845,26.015,41.98,75.785,31.501
4219408,Witmarsum,SC,4255,41472.83,62.312,80.446,63.942,42.547,78.172,67.657,91.131,84.824,72.49,59.848,59.578,63.851,40.26,54.299,44.132,31.495
4103008,Boa Esperança,PR,4558,63139.68,62.885,79.995,65.2,43.459,66.582,88.104,92.916,72.377,78.616,60.198,52.24,69.745,22.902,70.294,49.15,31.49
3160207,Santo Antônio do Itambé,MG,3915,11502.77,51.103,61.957,60.335,31.018,57.861,37.891,77.669,74.407,72.068,49.551,58.799,60.922,24.006,31.87,36.716,31.48
3549250,São João de Iracema,SP,1846,28089.81,67.883,86.744,67.646,49.258,83.224,84.658,94.269,84.824,85.114,62.078,59.416,63.974,43.544,52.791,69.219,31.48
2209856,São João da Canabrava,PI,4242,11711.7,53.477,70.299,55.879,34.252,66.502,63.845,86.83,64.017,76.443,33.424,47.669,65.982,24.882,28.513,52.133,31.48
4315172,Protásio Alves,RS,2025,46392.01,64.29,79.747,66.203,46.92,73.694,91.702,86.338,67.253,81.471,67.379,49.154,66.808,21.636,49.403,85.167,31.475
5215801,Palmelo,GO,2259,24858.33,64.771,80.534,65.06,48.718,57.733,91.633,94.869,77.902,78.331,62.64,54.417,64.855,30.318,46.764,86.318,31.472
2105104,Icatu,MA,24794,7271.09,51.685,53.64,57.779,43.634,67.411,35.539,48.637,62.973,67.417,37.169,66.069,60.463,31.936,27.902,83.237,31.463
4323309,Vila Flores,RS,3646,82206.29,62.164,75.864,71.861,38.765,76.748,62.211,92.115,72.384,78.841,74.467,70.367,63.771,23.692,51.552,48.355,31.462
2801504,Carmópolis,SE,13853,30728.79,62.209,75.367,66.219,45.043,69.053,87.416,93.168,51.829,66.233,68.73,59.297,70.614,21.08,45.756,81.876,31.459
3169703,Turmalina,MG,20000,22347.25,59.767,75.533,68.052,35.716,62.829,79.656,93.07,66.578,77.028,60.951,68.083,66.145,21.578,50.227,39.599,31.458
4112959,Juranda,PR,7771,57156.85,59.907,74.759,66.745,38.216,66.047,78.214,94.694,60.079,74.516,68.045,58.557,65.863,23.515,47.932,49.964,31.451
1400027,Amajari,RR,13927,17418.25,43.379,49.391,42.088,38.659,47.8,45.747,60.393,43.624,52.53,24.384,52.379,39.061,33.552,23.156,66.481,31.445
4128708,Vitorino,PR,9706,51719.34,61.227,77.843,68.333,37.504,76.167,90.723,93.386,51.094,77.451,65.336,57.976,72.569,17.073,46.457,55.045,31.44
3520103,Igarapava,SP,26212,49943.7,61.397,82.258,66.992,34.941,73.967,93.113,97.23,64.721,77.819,66.167,52.936,71.047,18.831,50.732,38.769,31.431
2509305,Mataraca,PB,8244,29389.48,58.555,73.368,55.973,46.323,71.314,75.578,80.256,66.324,51.16,57.871,48.664,66.198,35.431,30.627,87.81,31.422
3134905,Jacutinga,MG,25525,45144.6,66.876,81.554,69.94,49.135,66.995,95.742,93.742,69.738,78.662,67.821,61.998,71.278,35.985,62.661,66.478,31.416
2703908,Jundiá,AL,4092,13486.55,55.153,65.851,64.236,35.372,68.245,51.682,90.238,53.238,70.953,58.875,61.161,65.955,26.783,27.343,55.948,31.414
5222005,Vianópolis,GO,14956,57784.91,57.935,67.379,63.125,43.3,57.538,68.9,93.096,49.981,78.912,63.469,51.209,58.912,37.909,42.923,60.952,31.414
3500303,Aguaí,SP,32072,41292.55,59.643,80.328,67.14,31.462,72.201,81.791,95.788,71.533,77.414,69.756,50.734,70.656,20.87,60.805,12.781,31.392
4319901,Sapiranga,RS,75648,48143.74,61.336,78.025,64.487,41.497,66.57,81.741,95.45,68.338,68.735,70.263,49.021,69.928,18.072,54.655,61.879,31.381
2310951,Pires Ferreira,CE,10606,7999.71,58.441,66.575,67.528,41.22,76.433,41.948,83.668,64.253,87.352,53.429,66.922,62.411,23.634,35.461,74.406,31.381
4300109,Agudo,RS,16041,41939.31,58.253,71.604,63.054,40.102,70.226,58.928,89.292,67.968,75.945,56.325,51.66,68.289,37.303,49.379,42.361,31.366
2111078,São João do Soter,MA,16889,9328.25,54.764,69.241,52.909,42.143,59.984,92.838,63.15,60.99,60.111,35.166,53.676,62.68,29.013,27.584,80.609,31.364
2705408,Monteirópolis,AL,7184,11354.7,54.374,69.555,60.676,32.891,69.558,53.079,88.065,67.518,59.744,56.927,57.037,68.995,17.074,28.415,54.712,31.364
5106190,Nova Santa Helena,MT,4239,79191.03,52.606,69.198,49.572,39.047,69.773,62.724,91.108,53.186,65.534,60.456,56.694,15.606,21.341,40.768,62.725,31.354
3552502,Suzano,SP,307429,48530.35,61.023,78.898,70.353,33.817,75.75,89.212,81.778,68.853,79.369,70.954,60.7,70.387,12.638,53.037,38.24,31.353
2924009,Paulo Afonso,BA,112870,35388.26,60.08,71.671,62.166,46.403,66.385,81.263,90.811,48.224,60.599,67.135,53.256,67.672,33.537,51.965,68.759,31.351
3539103,Pirapora do Bom Jesus,SP,18370,45329.71,58.052,73.702,66.141,34.313,72.841,83.76,88.966,49.241,74.341,68.743,54.592,66.888,18.827,45.875,41.201,31.35
3541505,Presidente Venceslau,SP,35201,23554.41,64.188,81.943,69.363,41.257,76.176,94.044,90.958,66.593,79.826,69.652,54.327,73.648,30.294,57.858,45.528,31.346
5220454,Senador Canedo,GO,155635,30840.58,59.753,71.38,68.124,39.755,65.376,70.984,92.273,56.887,70.708,71.798,58.644,71.344,31.238,44.497,51.941,31.344
2306900,Jaguaribe,CE,33726,16760.71,58.362,69.208,65.081,40.798,78.232,77.805,93.236,27.558,78.323,57.226,58.218,66.556,24.759,50.686,56.406,31.342
4203402,Campo Belo do Sul,SC,7257,46222.12,58.099,68.614,60.823,44.859,58.31,75.14,86.841,54.165,75.578,59.64,49.994,58.082,41.767,37.164,69.165,31.34
4206306,Guabiruba,SC,24543,51822.82,64.003,77.793,69.115,45.1,76.133,67.047,90.227,77.764,71.217,71.39,63.827,70.026,33.067,48.081,67.918,31.334
3528304,Magda,SP,3165,33140.01,62.579,82.187,65.011,40.54,58.266,89.732,95.06,85.689,81.143,63.459,51.184,64.258,27.131,54.569,49.129,31.331
4311601,Liberato Salzano,RS,4781,36331.48,59.364,72.555,64.044,41.494,76.57,70.082,87.631,55.935,73.71,56.396,56.619,69.451,36.524,37.812,60.312,31.327
5200100,Abadiânia,GO,17232,26031.5,58.404,69.627,66.136,39.449,73.467,77.659,89.869,37.512,77.597,64.939,55.421,66.588,38.134,36.256,52.079,31.326
3161601,São Geraldo da Piedade,MG,3305,13660.57,56.397,68.99,62.048,38.153,62.855,61.558,93.128,58.421,80.411,52.031,48.545,67.206,40.091,38.034,43.163,31.325
2412609,São Paulo do Potengi,RN,16786,13895.23,59.077,73.031,63.249,40.951,66.933,80.138,95.981,49.071,67.948,66.566,53.632,64.849,32.903,45.291,54.286,31.324
2504850,Coxixola,PB,1824,13263.34,55.965,60.899,59.923,47.072,71.632,64.056,91.05,16.857,79.046,45.462,49.133,66.053,32.838,29.348,94.779,31.322
4104105,Campo do Tenente,PR,7508,35054.93,59.057,75.888,63.791,37.491,69.809,83.186,88.062,62.497,74.595,62.454,47.346,70.768,21.401,40.395,56.848,31.321
3159407,Santa Rita de Ibitipoca,MG,3301,18846.37,57.022,78.401,61.426,31.239,75.004,65.199,86.849,86.553,73.01,61.677,47.888,63.129,20.027,38.051,35.561,31.315
4316303,Roque Gonzales,RS,6576,66942.71,62.723,78.072,62.766,47.331,65.65,81.561,86.198,78.879,74.602,59.429,48.04,68.995,28.541,43.662,85.81,31.311
3100203,Abaeté,MG,22675,24043.66,61.471,77.774,67.277,39.361,62.358,86.975,96.53,65.233,70.793,67.653,62.39,68.272,34.542,44.721,46.876,31.306
3500907,Altair,SP,3451,32771.25,61.18,78.803,65.403,39.334,65.225,86.874,96.219,66.894,82.89,65.499,53.074,60.148,20.388,55.321,50.324,31.302
3512209,Conchal,SP,28101,30801.28,64.618,82.633,69.308,41.912,69.996,96.449,95.075,69.014,78.232,73.174,55.821,70.004,22.664,50.615,63.077,31.291
3202553,Ibitirama,ES,9520,18197.32,57.906,68.072,65.388,40.258,64.022,59.13,81.543,67.595,76.357,62.879,53.484,68.832,16.482,34.293,78.976,31.283
2300507,Alcântaras,CE,11369,8700.75,56.302,61.213,66.051,41.642,73.834,34.809,78.103,58.106,77.142,62.349,57.19,67.521,32.601,41.136,61.577,31.255
5003306,Coxim,MS,32151,35016.58,56.598,73.863,61.263,34.668,73.657,74.495,92.972,54.328,69.427,69.671,50.286,55.67,33.982,41.384,32.052,31.254
4322301,Tuparendi,RS,8363,46195.48,64.305,77.457,67.654,47.806,73.422,76.404,85.339,74.662,77.657,69.941,52.314,70.703,26.17,42.804,91.011,31.238
4219150,Vargem,SC,2627,44532.86,56.774,69.535,55.941,44.845,61.687,54.838,77.657,83.96,72.036,57.888,32.981,60.861,32.342,30.683,85.122,31.233
3160702,Santos Dumont,MG,42406,26199.8,62.207,74.24,69.406,42.976,66.281,79.113,91.922,59.643,76.308,73.958,60.376,66.981,32.356,46.286,62.045,31.217
5200605,Alto Paraíso de Goiás,GO,10306,29029.61,57.937,72.905,63.702,37.204,70.732,64.278,88.388,68.221,72.902,60.812,65.005,56.09,28.002,46.881,42.717,31.216
3535002,Palestina,SP,11476,36902.15,62.394,82.645,68.056,36.48,75.591,89.896,97.938,67.154,82.171,64.862,61.189,64.003,21.105,57.163,36.435,31.215
2410009,Pilões,RN,2965,14210.57,63.358,82.447,58.776,48.852,74.148,79.688,97.308,78.642,55.904,65.121,47.603,66.477,35.183,36.503,92.513,31.21
2805208,Pinhão,SE,5677,16248.46,56.199,70.353,56.196,42.047,77.376,54.968,88.296,60.77,56.065,62.099,47.997,58.622,33.898,34.38,68.709,31.203
4306205,Cruzeiro do Sul,RS,11600,46283.87,57.984,72.238,63.519,38.197,77.836,72.169,78.178,60.767,72.937,65.98,46.976,68.181,20.282,59.809,41.502,31.195
2101509,Barão de Grajaú,MA,18984,14250.19,56.46,60.252,60.375,48.754,63.609,48.042,69.007,60.349,70.788,46.93,57.195,66.585,52.488,32.027,79.307,31.192
4102307,Balsa Nova,PR,13395,69651.62,58.468,73.872,64.045,37.486,69.398,84.585,88.717,52.789,76.248,73.74,52.149,54.045,30.663,39.772,48.336,31.173
2112100,Timbiras,MA,26484,7469.36,52.518,60.123,60.98,36.452,58.749,55.378,59.524,66.841,66.289,48.942,62.553,66.136,28.452,21.202,64.983,31.171
3165305,São Vicente de Minas,MG,6804,30513.61,61.856,82.025,68.08,35.463,63.006,87.192,92.498,85.404,80.163,64.645,58.972,68.54,25.774,45.421,39.486,31.17
5101704,Barra do Bugres,MT,29403,53748.19,56.13,66.112,58.866,43.413,75.621,79.539,88.909,20.377,61.509,62.693,57.792,53.472,39.146,33.17,70.169,31.167
2614006,Serrita,PE,18207,8915.77,58.724,75.492,61.437,39.244,73.976,59.25,84.337,84.406,78.811,45.395,58.091,63.45,31.775,38.703,55.345,31.155
2209757,São Gonçalo do Gurguéia,PI,2947,18664.96,53.575,66.71,51.319,42.696,57.703,75.108,60.873,73.155,59.126,38.477,66.194,41.478,26.598,22.644,90.389,31.154
2919926,Madre de Deus,BA,18504,28062.97,62.468,77.825,66.483,43.096,75.421,88.416,94.91,52.554,64.645,68.705,56.375,76.205,30.105,43.41,67.746,31.124
3200102,Afonso Cláudio,ES,30684,18704.55,56.899,69.629,68.12,32.948,69.072,56.173,85.416,67.857,80.099,59.872,61.415,71.093,13.729,42.53,44.415,31.119
4209904,Lontras,SC,12873,36476.19,62.991,78.557,64.705,45.711,79.926,71.214,89.452,73.636,69.722,64.106,55.985,69.008,35.822,41.828,74.077,31.118
3544400,Rubiácea,SP,2700,29454.2,67.497,86.212,65.578,50.701,79.742,92.781,96.819,75.506,83.046,60.072,54.816,64.379,22.999,56.05,92.639,31.115
5213806,Morrinhos,GO,51351,36435.44,62.746,77.59,66.573,44.075,65.624,86.052,93.607,65.076,75.949,63.786,58.812,67.744,42.975,53.59,48.622,31.114
2208403,Piripiri,PI,65538,14090.5,56.648,60.398,63.966,45.58,69.539,62.411,86.205,23.437,73.437,62.521,53.02,66.885,32.087,55.999,63.123,31.113
4307401,Esmeralda,RS,3195,123858.18,54.842,72.965,58.522,33.039,68.5,66.544,82.59,74.225,69.473,62.25,50.161,52.205,20.508,44.155,36.385,31.109
4306072,Cristal do Sul,RS,2692,35450.08,62.827,80.786,60.399,47.296,68.157,81.374,87.923,85.689,74.08,53.269,48.326,65.92,21.776,47.001,89.302,31.106
4301552,Áurea,RS,3396,48477.94,60.929,66.539,69.41,46.839,78.828,55.654,83.68,47.992,79.707,54.692,75.166,68.077,18.924,53.972,83.353,31.105
3120805,Cruzília,MG,15362,20835.02,60.032,79.474,66.557,34.064,60.952,91.818,96.402,68.725,75.275,65.292,55.703,69.959,18.746,43.126,43.285,31.099
3164902,São Sebastião do Rio Verde,MG,2300,15631.54,59.16,75.428,64.028,38.023,53.366,85.565,94.756,68.026,84.114,47.527,55.52,68.949,21.233,43.891,55.882,31.087
5204300,Caçu,GO,13774,66153.3,57.488,78.016,63.631,30.817,70.749,84.288,95.726,61.299,78.103,60.669,55.004,60.748,21.929,38.355,31.901,31.085
3301702,Duque de Caxias,RJ,808161,66230.08,56.678,64.668,64.84,40.527,60.76,75.607,81.282,41.024,61.703,72.733,53.993,70.931,46.056,53.098,31.877,31.075
4309506,Guarani das Missões,RS,7415,49260.98,57.03,62.198,65.288,43.603,59.777,68.806,80.041,40.169,80.592,57.5,49.893,73.168,29.948,45.302,68.094,31.07
3203353,Marilândia,ES,12387,25443.62,60.136,75.79,67.594,37.026,76.575,70.281,89.519,66.784,78.461,64.43,57.088,70.396,23.115,42.26,51.658,31.068
5217104,Piracanjuba,GO,24883,50156.84,61.926,74.545,64.208,47.025,65.361,81.442,92.553,58.826,74.102,66.192,55.177,61.362,62.918,40.415,53.715,31.052
4302907,Cacequi,RS,11157,56254.68,58.756,76.836,59.622,39.81,58.08,86.908,94.592,67.766,71.114,66.463,51.831,49.081,28.935,40.624,58.632,31.048
3542008,Quintana,SP,7038,39542.61,65.708,85.909,67.233,43.982,70.191,95.381,93.238,84.824,78.151,69.966,53.294,67.52,25.096,50.393,69.403,31.037
4108007,Florestópolis,PR,11446,35229.19,58.811,77.521,67.225,31.689,69.576,81.456,94.612,64.438,74.407,69.221,56.668,68.603,19.545,35.48,40.696,31.036
3554300,Teodoro Sampaio,SP,22173,28485.33,63.097,78.888,68.187,42.215,66.259,89.423,93.931,65.94,82.076,64.829,50.526,75.316,42.702,40.944,54.186,31.03
4111308,Itaúna do Sul,PR,3572,24748.22,52.967,71.702,59.129,28.071,56.598,78.301,95.196,56.712,69.228,62.188,37.154,67.948,16.782,30.237,34.237,31.026
4320008,Sapucaia do Sul,RS,132107,32055.45,63.149,76.432,66.327,46.69,72.502,84.768,84.291,64.167,63.459,76.751,55.045,70.051,25.81,66.739,63.214,30.996
3539806,Poá,SP,103765,36590.98,65.63,84.382,73.102,39.405,75.084,95.868,92.869,73.705,81.299,77.101,59.494,74.514,22.807,59.535,44.301,30.979
1100502,Novo Horizonte do Oeste,RO,7667,30415.02,52.478,53.865,56.286,47.283,61.908,31.893,86.068,35.59,78.775,39.021,59.183,48.165,34.237,38.339,85.584,30.973
1715150,Novo Alegre,TO,1846,19382.61,55.404,65.286,58.982,41.944,58.839,68.307,87.52,46.478,76.71,53.282,45.036,60.9,23.766,52.588,60.449,30.971
2109056,Porto Rico do Maranhão,MA,5954,7759.8,53.221,59.601,59.635,40.427,73.082,60.127,70.947,34.248,68.924,46.11,61.78,61.726,22.615,26.437,81.689,30.969
2205359,João Costa,PI,2970,23499.94,57.163,75.165,50.234,46.088,71.162,68.202,77.337,83.96,46.851,43.043,58.167,52.877,33.126,35.169,85.09,30.967
2308203,Meruoca,CE,15157,8592.52,59.296,68.476,66.89,42.521,75.994,38.016,84.935,74.958,82.873,62.102,56.691,65.895,29.054,40.364,69.7,30.965
2405801,João Câmara,RN,33290,38423.28,56.67,69.382,59.974,40.654,73.816,64.231,87.642,51.84,58.36,63.344,53.48,64.711,38.161,41.084,52.408,30.961
2803906,Malhador,SE,11533,15128.98,58.368,70.439,59.921,44.743,72.502,66.162,91.008,52.084,62.99,59.92,49.275,67.501,25.872,29.501,92.642,30.959
3148806,Pedra do Anta,MG,3311,17562.19,56.699,69.258,64.479,36.359,70.495,71.457,92.942,42.138,67.786,62.032,59.208,68.888,22.395,42.426,49.663,30.954
2505238,Cuité de Mamanguape,PB,6251,11942.25,54.024,64.348,54.646,43.077,70.153,39.248,83.995,63.995,51.431,57.789,48.097,61.268,32.061,25.598,83.702,30.948
2309003,Mucambo,CE,13666,9677.33,55.964,62.476,66.102,39.314,71.149,56.344,94.334,28.076,84.028,59.083,54.185,67.111,47.999,44.973,33.339,30.947
3170651,Vargem Grande do Rio Pardo,MG,4633,14812.72,60.543,75.22,67.743,38.667,70.283,58.502,85.541,86.553,80.577,53.413,71.721,65.26,18.65,50.759,54.314,30.944
4310553,Itacurubi,RS,2995,82832.35,58.21,74.321,56.545,43.763,72.738,73.575,74.843,76.128,62.365,48.939,62.15,52.726,33.078,53.378,57.656,30.94
2900702,Alagoinhas,BA,151055,30226.29,59.169,65.375,64.244,47.889,65.846,80.203,88.385,27.067,58.833,69.748,58.403,69.991,33.768,54.938,71.912,30.937
3109105,Bueno Brandão,MG,10911,22224.85,61.088,79.064,67.895,36.305,76.457,65.052,88.91,85.837,75.703,60.345,66.926,68.606,33.81,42.22,38.259,30.932
3511706,Charqueada,SP,15535,33400.93,63.385,83.062,67.563,39.53,75.944,91.438,92.723,72.143,77.755,70.68,51.323,70.495,18.419,52.234,56.54,30.928
4107520,Esperança Nova,PR,1849,35544.78,61.593,77.273,65.739,41.767,71.09,91.971,95.749,50.282,80.042,67.426,50.07,65.417,30.486,44.965,60.688,30.927
4320552,Sertão Santana,RS,5863,54078.76,54.918,67.789,64.125,32.839,75.956,27.166,85.013,83.022,73.984,67.325,50.564,64.625,13.403,43.688,43.347,30.92
2509339,Matinhas,PB,4571,11907.56,53.967,58.808,62.833,40.262,66.768,26.612,81.036,60.814,68.965,52.008,67.231,63.127,18.59,37.557,73.981,30.92
2504033,Capim,PB,6970,10931.16,55.706,66.523,55.936,44.66,70.285,41.49,93.953,60.366,59.791,56.548,42.332,65.071,28.691,34.067,84.96,30.92
2505501,Vista Serrana,PB,3641,10897.43,59.212,75.625,63.462,38.548,74.691,57.159,87.971,82.677,64.965,54.158,67.888,66.838,23.502,32.085,67.687,30.918
2210706,Simões,PI,14350,30495.85,55.277,63.395,58.277,44.158,51.048,51.097,85.613,65.821,72.929,38.102,57.494,64.584,41.158,26.185,78.374,30.915
3537602,Peruíbe,SP,68352,28976.48,60.583,79.85,69.02,32.879,70.378,91.278,94.617,63.128,78.812,76.117,52.281,68.87,10.468,40.89,49.248,30.912
3519709,Ibiúna,SP,75605,31583.77,59.051,65.452,69.969,41.732,69.878,48.429,81.833,61.668,78.985,76.853,56.293,67.744,21.824,47.137,67.055,30.912
3535903,Paranapuã,SP,4031,33251.4,64.156,87.05,67.456,37.963,74.224,95.669,97.362,80.945,82.65,67.101,52.196,67.878,29.286,43.289,48.366,30.911
2103554,Conceição do Lago-Açu,MA,14915,9943.47,49.54,58.316,56.99,33.316,54.744,48.659,56.701,73.159,63.106,39.723,69.891,55.239,15.783,20.71,65.868,30.902
4211454,Nova Itaberaba,SC,4536,42064.99,54.076,60.789,63.787,37.653,79.658,42.724,83.287,37.486,75.133,53.907,60.733,65.373,33.37,42.124,44.22,30.896
4209607,Lauro Müller,SC,14381,29330.28,61.953,74.14,64.537,47.183,71.155,76.582,96.58,52.244,71.814,69.746,49.226,67.36,38.939,49.123,69.777,30.894
2300804,Antonina do Norte,CE,7245,10977.14,58.901,75.214,64.863,36.626,75.802,67.07,84.979,73.005,78.767,55.689,60.986,64.009,23.362,37.881,54.377,30.887
1300102,Anori,AM,17194,14554.41,54.041,67.232,58.6,36.29,79.099,59.01,83.618,47.202,68.906,43.5,58.408,63.587,25.352,22.684,66.242,30.881
4322152,Tunas,RS,3681,33068.78,56.118,71.252,59.664,37.437,78.103,65.937,77.175,63.793,79.085,48.02,42.064,69.487,23.297,28.333,67.236,30.881
4117602,Palmas,PR,48247,33751.47,57.478,68.445,64.235,39.756,64.35,89.432,80.325,39.672,69.312,63.397,52.083,72.147,41.955,45.328,40.873,30.867
3500204,Adolfo,SP,4351,26737.09,62.157,81.191,70.225,35.057,65.9,95.104,96.904,66.854,80.85,73.751,56.532,69.768,18.918,42.924,47.522,30.863
4120606,Prudentópolis,PR,49393,32054.75,56.29,68.848,63.444,36.577,67.033,63.277,83.784,61.299,79.89,57.309,49.523,67.054,36.172,52.055,27.222,30.859
2516151,Sossêgo,PB,3345,11659.69,54.371,67.575,60.569,34.968,81.076,37.252,89.289,62.684,69.673,52.535,53.556,66.515,24.953,28.923,55.141,30.854
5200308,Alexânia,GO,27008,42072.3,59.927,71.224,68.545,40.014,64.062,67.46,96.082,57.29,77.366,68.594,58.787,69.431,30.74,37.77,60.698,30.846
3506805,Bocaina,SP,11259,25226.25,68.78,86.535,68.676,51.129,76.849,91.711,94.143,83.436,74.632,75.297,51.888,72.89,34.687,65.703,73.283,30.844
2410108,Poço Branco,RN,12390,10720.31,56.347,69.44,58.209,41.39,71.912,60.523,87.953,57.373,64.914,52.841,52.55,62.532,23.976,25.711,85.034,30.841
4310405,Independência,RS,6427,77450.04,60.415,78.965,62.161,40.121,71.1,70.925,94.228,79.606,71.107,57.873,52.383,67.279,30.826,42.517,56.312,30.828
2101004,Arari,MA,29472,10708.13,58.644,66.346,64.441,45.144,66.528,49.673,76.952,72.231,76.768,51.591,66.856,62.548,41.862,33.372,74.517,30.826
3136900,Juruaia,MG,11084,24910.68,59.619,77.991,65.367,35.5,74.426,63.665,87.318,86.553,66.81,64.55,62.034,68.073,27.004,54.482,29.686,30.826
1712801,Maurilândia do Tocantins,TO,3095,18196.82,51.589,60.896,56.717,37.153,70.919,56.068,67.131,49.466,72.895,59.81,50.691,43.473,25.393,37.176,55.217,30.825
4119004,Pérola d'Oeste,PR,6221,38531.29,61.726,76.011,67.59,41.576,68.694,74.838,87.217,73.294,77.779,60.162,60.548,71.872,35.84,48.622,51.02,30.822
3302809,Mendes,RJ,17502,20586.51,60.473,76.712,64.336,40.371,61.666,86.976,89.615,68.589,71.444,63.177,52.701,70.02,24.979,50.207,55.475,30.821
3147204,Paraguaçu,MG,21723,30175.6,57.943,76.151,65.823,31.856,69.8,84.058,92.01,58.739,67.593,68.604,57.973,69.122,19.779,62.259,14.576,30.808
4313490,Novo Barreiro,RS,4272,31878.73,58.18,72.695,59.2,42.646,77.57,83.129,54.409,75.673,74.415,42.104,45.643,74.637,27.394,33.452,78.93,30.807
3101904,Alpinópolis,MG,18300,28854.91,64.546,76.609,67.832,49.195,67.224,81.023,97.052,61.137,75.557,65.709,56.503,73.56,36.468,50.337,79.18,30.796
3113701,Carlos Chagas,MG,18615,25692.08,54.07,64.641,60.243,37.327,56.802,75.877,90.528,35.356,67.313,53.805,57.271,62.584,29.063,36.878,52.57,30.795
4214409,Rio das Antas,SC,6253,46404.59,55.019,70.479,60.773,33.805,69.86,57.933,71.8,82.324,67.112,58.086,54.045,63.849,21.989,30.207,52.232,30.792
3519303,Ibaté,SP,32178,36289.25,64.837,83.032,69.81,41.669,75.186,98.111,88.506,70.326,82.648,71.454,54.101,71.036,14.115,47.946,73.824,30.791
1711506,Jaú do Tocantins,TO,3334,29567.91,49.883,65.848,53.495,30.306,72.251,39.67,79.235,72.234,73.157,42.702,53.159,44.962,26.781,45.375,18.278,30.79
5106281,Novo São Joaquim,MT,6919,125645.06,55.326,75.487,47.39,43.1,56.054,73.047,90.017,82.83,67.082,23.197,58.376,40.906,32.966,29.466,79.177,30.789
4201653,Arvoredo,SC,2510,81813.23,60.772,74.134,63.542,44.64,75.222,63.244,85.377,72.693,77.418,65.891,47.066,63.79,32.716,43.515,71.542,30.785
3557006,Votorantim,SP,127923,30861.12,67.718,81.128,74.499,47.529,74.278,92.392,88.101,69.742,81.207,74.971,62.887,78.929,29.191,55.928,74.211,30.785
3110400,Camacho,MG,2838,25155.53,61.921,75.946,66.566,43.251,65.018,60.991,91.222,86.553,81.835,59.368,57.784,67.276,36.801,42.487,62.935,30.782
4207601,Ipira,SC,4578,23569.68,61.615,73.538,67.217,44.09,70.717,60.502,93.073,69.862,79.094,68.207,57.755,63.812,26.614,53.338,65.624,30.782
5211701,Jandaia,GO,6272,68547.47,57.63,70.345,65.917,36.628,65.775,69.434,88.076,58.094,79.972,64.355,61.947,57.394,31.434,27.426,56.87,30.781
2512788,Riacho de Santo Antônio,PB,1955,15746.86,57.067,68.499,59.334,43.368,86.754,40.536,90.031,56.675,55.806,58.534,54.372,68.624,18.878,38.452,85.364,30.779
4322103,Tucunduva,RS,5542,47135.17,57.998,75.794,63.712,34.489,67.071,78.304,87.635,70.165,69.551,62.869,52.434,69.994,28.887,41.977,36.313,30.779
5219308,Santa Helena de Goiás,GO,38492,42418.42,61.249,75.946,69.459,38.343,65.451,90.335,96.091,51.907,82.031,71.238,53.085,71.48,26.55,36.586,59.46,30.775
3170479,Uruana de Minas,MG,3282,29800.67,59.804,77.937,66.192,35.281,68.827,68.094,90.003,84.824,77.482,61.013,65.409,60.863,23.561,48.031,38.762,30.771
1302900,Maués,AM,61204,9806.17,47.707,56.253,53.3,33.568,67.96,41.224,71.606,44.222,54.745,34.368,67.324,56.761,42.064,28.094,33.341,30.771
2210003,São João do Piauí,PI,21421,20076.92,58.914,71.326,62.506,42.909,64.596,68.135,85.818,66.755,68.427,56.243,66.079,59.276,25.681,40.77,74.414,30.769
2208858,Riacho Frio,PI,4165,11192.52,51.43,63.958,48.992,41.34,67.954,58.102,43.222,86.553,51.934,48.468,59.772,35.795,31.894,22.504,80.197,30.765
2307007,Jaguaruana,CE,31701,18015.2,56.536,65.243,65.799,38.564,73.984,49.003,89.534,48.453,82.11,60.111,55.31,65.665,19.426,40.312,63.758,30.76
4114906,Marilândia do Sul,PR,8677,54149.72,63.226,74.524,68.365,46.787,71.514,77.96,91.622,57.002,78.558,63.921,59.776,71.205,37.642,48.803,69.954,30.75
3122603,Dom Joaquim,MG,4899,13945.32,57.898,69.857,64.359,39.477,58.358,67.021,81.385,72.663,68.996,64.538,64.891,59.012,24.909,46.357,55.901,30.74
3105905,Barroso,MG,20080,30546.12,63.529,80.52,66.924,43.142,62.587,87.416,97.57,74.508,70.342,71.874,56.232,69.249,48.831,53.427,39.572,30.737
3515608,Fernando Prestes,SP,5942,34852.72,65.561,85.175,69.536,41.971,77.594,94.011,97.601,71.495,83.784,65.802,58.181,70.376,29.926,47.507,59.718,30.735
3555604,Uchoa,SP,10394,38943.09,57.79,80.246,67.872,25.251,57.918,94.709,95.445,72.911,72.675,69.096,59.719,69.998,15.16,50.189,4.93,30.725
3514502,Duartina,SP,12328,20641.64,63.117,79.397,70.621,39.334,62.283,91.365,92.744,71.195,81.263,76.404,54.141,70.674,33.088,60.057,33.483,30.71
2403509,Espírito Santo,RN,10620,9255.97,61.111,78.184,59.048,46.101,73.697,71.978,95.293,71.77,56.861,54.913,61.97,62.449,46.193,30.128,77.373,30.71
2700102,Água Branca,AL,19008,10739.39,54.165,64.527,61.715,36.254,64.276,46.049,80.626,67.156,68.786,51.35,58.483,68.239,32.701,31.746,49.867,30.701
4311759,Manoel Viana,RS,6801,81012.04,58.884,84.185,53.739,38.727,83.086,76.415,90.686,86.553,58.398,64.403,40.971,51.183,35.619,47.12,41.469,30.698
2706000,Olivença,AL,10812,10140.36,54.67,63.893,57.282,42.836,69.844,42.769,86.053,56.906,62.431,49.741,48.935,68.02,28.724,32.173,79.752,30.694
3203346,Marechal Floriano,ES,17641,29515.3,57.872,70.379,68.971,34.267,74.115,59.872,89.066,58.462,78.068,70.331,61.762,65.724,25.086,42.245,39.046,30.692
2203107,Cristino Castro,PI,10503,11657.37,56.781,69.321,55.355,45.666,62.991,75.821,71.237,67.235,58.725,46.522,53.483,62.689,34.829,41.159,75.988,30.688
5215652,Palestina de Goiás,GO,3132,55701.25,60.679,79.974,61.34,40.723,78.853,64.38,94.334,82.328,80.826,53.615,58.226,52.694,21.877,32.505,77.821,30.688
4127601,Tijucas do Sul,PR,17621,32950.73,56.276,72.082,64.434,32.311,75.821,62.553,87.558,62.395,71.977,70.886,47.748,67.126,24.775,37.798,35.984,30.686
3548609,São Bento do Sapucaí,SP,11674,35087.85,63.107,81.136,68.286,39.898,75.017,75.066,89.247,85.215,79.858,65.21,57.438,70.637,27.198,57.563,44.143,30.686
2901155,América Dourada,BA,15137,11176.06,56.129,69.33,64.576,34.483,67.239,68.922,92.802,48.356,68.947,66.488,59.25,63.618,22.442,36.868,47.935,30.685
3512902,Cosmorama,SP,8719,58551.29,63.375,86.943,66.936,36.246,77.041,95.64,93.856,81.237,82.566,66.007,54.075,65.095,20.362,49.912,44.042,30.669
4207403,Imbuia,SC,5982,43893.32,59.572,75.404,66.746,36.567,82.592,50.006,88.557,80.461,77.886,71.797,50.976,66.323,30.458,41.067,44.076,30.667
3142809,Monte Alegre de Minas,MG,20170,37849.51,63.634,78.572,66.155,46.176,71.262,85.008,93.218,64.8,68.155,67.413,65.488,63.563,36.407,44.797,72.845,30.655
2302701,Campos Sales,CE,25135,11716.38,59.105,66.351,64.572,46.392,63.621,51.534,87.21,63.037,78.703,58.674,54.227,66.685,23.37,43.789,87.755,30.654
3148905,Pedra do Indaiá,MG,4112,28453.78,62.678,78.658,65.628,43.746,76.073,70.569,94.084,73.907,79.721,62.865,57.857,62.07,22.862,50.334,71.142,30.647
3516606,Gália,SP,6380,27269.57,61.693,77.789,67.205,40.084,65.028,77.116,84.551,84.463,78.353,72.331,49.652,68.484,19.398,55.411,54.882,30.643
2925006,Planalto,BA,23334,13377.35,57.071,66.753,56.995,47.465,71.788,64.109,89.234,41.88,56.827,51.052,51.019,69.08,39.701,41.335,78.183,30.639
3133006,Itamonte,MG,14786,80536.11,62.832,77.07,68.598,42.828,62.846,78.009,98.798,68.626,77.301,67.969,59.387,69.735,29.976,50.187,60.514,30.636
3545605,Santa Adélia,SP,14018,27488.84,61.901,81.04,66.048,38.615,69.549,94.691,98.57,61.349,81.107,68.531,53.642,60.912,21.753,51.836,50.246,30.625
3152600,Pouso Alto,MG,6566,42566.79,60.149,73.29,69.185,37.971,53.935,72.137,95.344,71.745,74.51,68.174,65.262,68.795,29.658,41.242,50.369,30.614
4313953,Pantano Grande,RS,10212,52642.28,60.452,79.588,58.634,43.133,69.828,82.29,81.311,84.923,65.994,66.443,46.951,55.148,33.536,46.449,61.935,30.613
2932200,Ubaitaba,BA,17596,14023.49,52.44,57.544,56.626,43.148,48.172,83.745,88.724,9.537,55.116,61.368,43.898,66.125,21.535,34.978,85.468,30.612
5106505,Poconé,MT,31217,22895.08,55.885,67.464,57.338,42.853,64.473,62.591,86.835,55.956,64.742,62.518,51.298,50.792,41.175,34.012,65.617,30.606
3114006,Carmo da Mata,MG,11019,24291.66,61.52,82.379,67.685,34.495,73.344,92.936,96.38,66.857,79.884,68.088,54.611,68.156,21.67,48.772,36.935,30.604
1101492,São Francisco do Guaporé,RO,16286,30185.79,50.231,58.435,55.164,37.093,72.881,17.064,91.06,52.737,73.341,52.507,54.772,40.036,56.819,29.184,31.775,30.594
4202156,Belmonte,SC,2658,21845.68,57.37,68.636,62.614,40.858,66.076,60.41,75.541,72.518,78.878,66.363,45.853,59.363,22.296,33.336,77.207,30.593
4312708,Nonoai,RS,13719,38584.46,54.479,68.255,62.358,32.823,61.347,76.939,92.998,41.738,67.553,66.06,51.808,64.013,21.819,42.601,36.291,30.58
2610004,Palmares,PE,54584,17054.31,55.529,58.656,63.507,44.425,62.581,71.214,88.238,12.591,76.368,62.831,45.913,68.917,52.541,46.009,48.582,30.569
2110039,Santa Luzia do Paruá,MA,24307,10499.67,54.209,65.037,58.871,38.718,63.146,55.039,79.951,62.014,66.247,48.681,60.163,60.394,15.828,25.023,83.456,30.565
3546801,Santa Isabel,SP,53174,31422.16,59.375,71.122,70.72,36.284,69.39,65.964,83.635,65.498,81.849,75.875,55.955,69.2,28.56,53.227,32.793,30.554
3546256,Santa Cruz da Esperança,SP,2116,30208.05,63.339,81.575,62.597,45.844,69.659,81.729,90.09,84.824,80.246,73.124,29.743,67.274,15.439,42.782,94.601,30.554
4211892,Painel,SC,2215,38625.29,56.06,70.425,56.463,41.292,81.979,46.455,86.955,66.31,75.463,52.954,49.525,47.911,51.412,41.258,41.955,30.544
4312203,Maximiliano de Almeida,RS,4191,38725.41,58.917,77.681,66.309,32.762,69.133,70.315,90.183,81.093,75.685,67.514,57.878,64.158,21.177,32.621,46.706,30.543
5217401,Pires do Rio,GO,32373,43719.55,59.76,74.544,69.118,35.619,67.608,81.212,98.679,50.676,76.75,72.574,57.968,69.181,31.498,39.513,40.932,30.532
1101401,Monte Negro,RO,11548,34009.11,48.265,56.453,53.741,34.602,73.182,28.749,86.828,37.055,69.247,51.087,56.195,38.435,34.133,32.424,41.32,30.532
3144706,Nova Era,MG,17438,25005.8,62.211,81.015,68.27,37.349,70.757,85.496,91.645,76.16,76.038,67.471,62.437,67.133,17.455,54.148,47.262,30.532
4211058,Monte Carlo,SC,9117,25786.75,60.343,80.337,67.511,33.182,79.989,82.38,85.731,73.249,67.848,78.697,54.526,68.973,25.841,27.818,48.555,30.514
3301876,Iguaba Grande,RJ,27920,22780.02,58.151,75.388,69.521,29.544,70.553,78.102,90.257,62.638,72.097,80.695,53.944,71.347,24.417,39.246,24.002,30.512
2915205,Itagibá,BA,15310,72575.87,55.315,67.383,57.253,41.31,66.098,74.3,91.885,37.247,61.181,51.971,54.357,61.504,26.04,34.555,74.132,30.512
1100064,Colorado do Oeste,RO,15663,27319.68,59.604,66.728,64.109,47.974,64.315,60.85,84.332,57.417,79.26,62.163,62.297,52.717,32.658,48.405,80.327,30.505
4112207,Janiópolis,PR,5870,41519.29,54.49,69.583,64.325,29.563,72.516,73.552,93.682,38.581,75.15,62.359,48.836,70.956,21.401,37.72,28.626,30.504
4303673,Campestre da Serra,RS,3242,63601.58,58.41,71.639,65.453,38.139,83.038,44.079,80.303,79.136,78.122,68.29,52.298,63.101,15.999,44.705,61.359,30.494
4215208,Romelândia,SC,4823,23249.56,59.217,72.622,63.963,41.065,76.359,47.117,81.322,85.689,75.014,51.57,68.023,61.245,22.465,27.923,83.38,30.493
5006002,Nova Alvorada do Sul,MS,21822,90640.47,59.115,76.186,60.434,40.726,70.714,76.361,93.487,64.183,67.598,63.832,53.81,56.497,23.878,43.1,65.441,30.484
1200351,Marechal Thaumaturgo,AC,17093,15137.2,46.688,56.768,48.673,34.624,75.26,21.082,72.59,58.141,52.391,17.161,74.479,50.661,27.143,25.707,55.167,30.48
4305132,Cerro Branco,RS,3802,23886.42,58.278,78.335,64.666,31.835,64.906,78.502,84.243,85.689,74.034,53.036,63.047,68.545,23.804,39.944,33.111,30.48
2305803,Ipu,CE,41081,12746.52,60.188,72.361,66.361,41.843,71.955,64.06,84.785,68.642,79.394,56.383,63.054,66.612,20.44,39.394,77.064,30.475
5204201,Cachoeira de Goiás,GO,1405,27866.72,58.272,77.078,59.203,38.535,76.827,84.514,90.444,56.526,80.237,45.854,56.407,54.316,15.983,47.05,60.634,30.472
4116109,Moreira Sales,PR,11175,27598.04,53.879,63.82,63.658,34.159,69.75,77.869,95.061,12.6,75.892,61.877,49.668,67.195,25.91,45.593,34.66,30.471
3549607,São José do Barreiro,SP,3853,16560.97,60.929,77.309,67.186,38.292,67.917,85.776,81.2,74.343,73.072,61.869,64.882,68.921,18.935,47.814,55.948,30.471
3132008,Itacambira,MG,4252,14621.72,56.019,63.624,62.598,41.835,66.345,29.123,73.34,85.689,83.34,36.06,67.902,63.089,20.291,40.104,76.477,30.466
2709400,Viçosa,AL,24092,24840.53,54.1,65.214,65.994,31.091,68.327,63.151,81.186,48.193,74.755,58.581,59.035,71.605,26.016,38.536,29.347,30.464
3108305,Borda da Mata,MG,17404,21696.25,64.05,81.642,70.381,40.127,77.946,78.769,95.943,73.909,75.68,70.341,63.932,71.571,23.44,47.606,58.997,30.464
4315107,Porto Xavier,RS,9938,21379.03,59.891,66.421,66.113,47.141,61.575,60.305,91.466,52.336,76.091,64.145,54.873,69.342,35.928,51.787,70.385,30.463
4309555,Harmonia,RS,5378,45981.43,65.018,84.204,67.98,42.869,76.112,89.902,95.309,75.494,77.266,65.59,60.84,68.223,22.698,52.87,65.445,30.463
4312104,Mata,RS,4698,36236.43,56.284,68.006,55.974,44.873,69.806,47.841,87.706,66.67,64.264,54.606,42.054,62.97,24.363,66.836,57.837,30.458
3502002,Analândia,SP,4589,45725.58,66.479,82.052,68.031,49.353,82.66,81.228,88.017,76.305,76.459,70.1,61.61,63.957,33.558,57.346,76.054,30.452
4105805,Colombo,PR,232212,24700.57,63.196,80.304,71.17,38.115,72.746,89.499,90.029,68.943,70.861,79.53,59.16,75.128,19.858,51.776,50.38,30.447
3550407,São Pedro,SP,38256,23337.68,61.59,79.737,70.276,34.756,75.593,87.782,92.981,62.594,77.944,71.168,58.453,73.538,10.481,71.796,26.302,30.446
2206704,Nazaré do Piauí,PI,6665,10132.85,54.772,63.411,56.441,44.464,58.485,50.939,69.892,74.326,67.968,52.053,43.284,62.462,28.447,33.131,85.832,30.444
4127809,Tomazina,PR,8426,38753.91,55.505,68.126,59.517,38.871,61.949,60.877,91.909,57.769,75.31,52.582,49.47,60.705,24.722,45.134,55.187,30.442
5001102,Aquidauana,MS,46803,25933.67,53.709,71.336,57.947,31.845,65.806,69.908,88.608,61.021,65.742,60.647,53.226,52.175,26.567,47.758,22.619,30.435
3542404,Regente Feijó,SP,20145,49188.69,66.167,81.264,69.516,47.722,70.669,94.26,94.363,65.763,78.945,75.973,50.973,72.172,20.433,60.966,79.055,30.435
2503902,Camalaú,PB,6085,11859.49,58.52,71.726,61.324,42.51,76.279,58.696,89.834,62.096,73.158,51.573,54.035,66.529,26.258,27.383,85.97,30.431
5105234,Lambari D'Oeste,MT,4790,51517.4,60.376,76.735,56.028,48.364,69.778,63.482,91.354,82.328,68.492,53.267,59.909,42.444,35.553,31.961,95.515,30.425
5103809,Figueirópolis D'Oeste,MT,3187,26431.27,59.617,80.79,55.318,42.744,71.874,74.86,94.056,82.371,77.975,39.148,64.141,40.008,28.438,25.863,86.265,30.412
2802106,Estância,SE,65078,32915.68,59.727,68.349,62.237,48.596,64.317,72.893,91.05,45.134,59.779,67.028,58.009,64.134,52.538,48.022,63.422,30.404
2905008,Caculé,BA,22462,16336.27,61.405,73.173,62.54,48.503,69.095,70.694,90.419,62.482,67.267,61.261,55.543,66.089,33.394,50.126,80.096,30.397
2312106,Santana do Cariri,CE,16954,9463.24,59.013,70.87,63.441,42.727,74.368,55.4,87.055,66.658,69.631,54.425,62.346,67.361,34.839,37.664,68.009,30.395
2403103,Currais Novos,RN,41313,19608.89,60.966,74.022,66.027,42.851,75.876,72.388,95.841,51.981,72.206,68.224,55.677,68,33.222,53.118,54.669,30.394
5212105,Joviânia,GO,7159,48138.78,58.876,75.608,66.16,34.86,68.226,86.465,92.688,55.053,76.858,71.323,51.376,65.081,22.791,41.792,44.466,30.392
3155702,Rio Piracicaba,MG,14631,92206.81,59.579,73.735,70.71,34.292,59.93,79.735,89.35,65.926,79.852,67.324,66.256,69.41,20.512,36.183,50.081,30.391
2114007,Zé Doca,MA,40801,14002.26,50.641,57.644,58.958,35.32,66.658,46.596,80.502,36.822,65.288,58.457,55.78,56.308,40.613,22.276,48.004,30.389
3536570,Paulistânia,SP,2090,23441.17,65.552,78.796,66.089,51.771,73.138,82.585,91.777,67.684,81.618,67.292,47.54,67.904,20.873,64.853,90.969,30.388
2112852,Vila Nova dos Martírios,MA,10362,15256.19,53.297,72.037,53.389,34.465,62.656,87.863,81.243,56.385,68.921,42.029,53.097,49.511,18.811,25.086,63.576,30.387
3201001,Boa Esperança,ES,13608,20063.39,58.793,72.751,68.502,35.127,75.773,70.099,90.648,54.483,78.903,62.955,59.149,73.003,11.193,33.945,65,30.371
5107248,Santa Carmem,MT,5374,193498.69,56.721,74.44,52.46,43.264,70.407,80.139,91.201,56.011,60.036,71.446,57.39,20.968,25.249,29.23,88.21,30.366
3165107,São Tomás de Aquino,MG,6740,29183.75,59.345,84.933,62.867,30.236,75.403,86.624,98.68,79.024,69.225,65.86,48.919,67.464,22.638,33.305,34.637,30.365
2501302,Aroeiras,PB,18705,9046.31,52.933,62.142,57.45,39.207,70.25,27.796,87.612,62.909,66.071,45.189,53.636,64.903,22.332,25.945,78.19,30.362
2207355,Pajeú do Piauí,PI,3000,17654.95,58.124,72.556,59.543,42.273,70.521,51.008,82.142,86.553,79.915,38.667,63.763,55.827,31.198,32.693,74.841,30.362
4215653,Santa Rosa do Sul,SC,9792,20477.45,61.708,76.974,68.323,39.826,66.228,73.241,94.882,73.545,75.758,69.333,59.844,68.359,19.429,40.751,68.767,30.359
3133600,Itapeva,MG,12692,67351.96,61.582,75.838,69.904,39.004,78.682,67.751,92.829,64.089,73.084,74.987,64.145,67.4,16.729,42.686,66.245,30.355
3522109,Itanhaém,SP,112476,21218.49,62.387,78.083,70.566,38.511,72.331,87.401,90.111,62.49,77.663,79.987,52.172,72.441,12.981,56.621,54.095,30.347
3514205,Dolcinópolis,SP,2207,26904.08,66.197,87.452,66.493,44.647,70.295,94.672,98.288,86.553,80.287,67.324,47.653,70.708,34.301,62.076,51.864,30.347
3144409,Natércia,MG,4691,24770,61.119,81.191,65.411,36.756,68.762,73.083,96.365,86.553,77.516,60.252,56.164,67.71,28.62,54.941,33.12,30.344
2311207,Potengi,CE,8833,12609.21,57.793,68.211,61.093,44.075,72.277,47.381,87.361,65.824,69.236,59.285,54.635,61.216,32.732,34.067,79.163,30.339
4107124,Diamante do Sul,PR,3171,23743.82,54.178,58.95,64.928,38.655,53.905,63.652,84.465,33.776,74.63,67.092,56.405,61.587,19.406,29.092,75.789,30.333
4307609,Estância Velha,RS,47924,39420.31,60.623,74.14,71.206,36.524,68.307,72.333,87.098,68.822,73.422,74.223,62.652,74.526,28.71,48.962,38.099,30.325
4302303,Bom Jesus,RS,11202,55177.78,60.416,73.966,60.96,46.321,72.912,83.807,90.138,49.006,69.104,58.814,58.673,57.248,41.522,54.52,58.918,30.324
5103601,Dom Aquino,MT,7872,86159.08,61.5,72.938,62.593,48.969,60.852,85.961,95.322,49.619,78.252,63.761,53.189,55.169,22.379,60.358,82.817,30.321
3110004,Caeté,MG,38776,27924.1,63.683,75.74,69.418,45.891,68.155,86.261,89.627,58.917,71.193,74.192,61.612,70.674,24.324,50.429,78.495,30.316
3203056,Jaguaré,ES,28931,33551.19,52.183,63.103,63.513,29.932,70.77,73.338,84.795,23.509,75.586,65.343,48.624,64.5,14.282,39.295,35.833,30.316
5107206,Rio Branco,MT,4535,23814.04,59.032,72.784,61.457,42.855,57.772,78.571,95.757,59.036,71.719,61.607,51.339,61.164,25.87,38.525,76.718,30.306
3125507,São Gonçalo do Rio Preto,MG,3032,16197.2,62.365,78.551,67.112,41.432,74.429,69.95,83.273,86.553,76.55,56.646,64.098,71.154,29.543,69.545,36.337,30.304
4127007,Teixeira Soares,PR,9547,65038.96,59.646,76.627,62.31,40.001,74.061,57.959,91.301,83.186,75.417,56.077,50.562,67.184,29.738,42.112,57.862,30.291
1100809,Candeias do Jamari,RO,22310,29600.71,49.821,60.962,48.391,40.112,67.851,52.263,79.651,44.082,60.196,60.247,54.433,18.687,26.101,27.241,76.824,30.281
2508505,Livramento,PB,6877,10259.46,51.633,56.184,56.048,42.667,66.626,49.556,83.586,24.968,60.21,51.326,42.418,70.238,21.488,34.583,84.315,30.281
4310603,Itaqui,RS,35768,61588.17,59.189,72.452,58.919,46.196,63.756,79.254,78.519,68.278,72.237,64.519,44.504,54.417,30.5,46.673,77.34,30.271
2801207,Canindé de São Francisco,SE,26834,108681.42,54.653,68.587,56.409,38.964,75.516,50.81,85.493,62.528,58.06,56.163,46.539,64.873,35.743,38.827,51.02,30.267
3125309,Faria Lemos,MG,3188,20341.27,59.292,68.134,63.86,45.883,71.195,69.564,92.164,39.612,68.378,64.288,60.081,62.693,29.164,45.325,78.781,30.263
1704600,Chapada de Areia,TO,1501,26725.33,55.675,71.807,56.555,38.662,70.183,49.37,83.716,83.96,70.877,47.698,56.595,51.052,15.172,31.588,77.625,30.263
2705903,Olho d'Água Grande,AL,4330,16187.99,52.183,52.896,54.706,48.948,70.702,43.041,82.554,15.285,61.829,57.054,38.193,61.748,30.45,41.202,93.88,30.259
4209854,Lindóia do Sul,SC,4549,33637.04,63.267,80.463,64.925,44.412,79.141,67.021,90.002,85.689,82.829,55.044,54.842,66.986,35.207,42.316,69.868,30.257
4106001,Congonhinhas,PR,8320,34581.87,57.008,73.306,61.637,36.081,73.818,53.582,91.262,74.562,70.835,55.115,50.259,70.34,26.27,40.085,47.713,30.256
2615201,Terra Nova,PE,8920,10757.56,58.055,72.561,65.251,36.352,68.386,81.255,77.224,63.381,79.541,48.791,63.839,68.831,41.369,23.295,50.492,30.251
5214606,Niquelândia,GO,34964,37212.83,59.734,70.027,62.512,46.661,72.389,69.209,83.252,55.259,77.985,59.54,57.129,55.396,31.932,43.696,80.772,30.245
2309201,Nova Olinda,CE,15399,10687.3,60.947,72.02,64.897,45.926,73.441,64.859,91.203,58.576,83.079,57.399,51.205,67.904,29.255,42.47,81.733,30.245
2914653,Itabela,BA,28165,18398.59,52.104,57.252,54.086,44.974,60.667,65.632,87.142,15.568,48.806,58.63,41.96,66.948,42.382,25.998,81.279,30.239
4113759,Lunardelli,PR,4872,29405.01,57.645,71.434,64.381,37.122,59.7,73.908,90.767,61.361,76.6,57.627,54.74,68.555,28.171,30.626,59.455,30.235
4322905,Viadutos,RS,4769,43211.25,57.844,72.493,64.26,36.778,65.703,63.717,74.865,85.689,81.56,60.026,49.237,66.217,18.924,49.423,48.53,30.234
3300506,Bom Jardim,RJ,28102,31804.9,62.284,72.666,67.723,46.465,66.319,64.234,93.014,67.096,71.494,64.791,58.908,75.698,34.642,51.01,69.974,30.233
4122008,Rio Azul,PR,14025,52400.79,56.732,65.304,61.403,43.489,60.544,55.872,83.034,61.765,77.367,50.929,45.434,71.884,61.398,33.068,49.258,30.232
3507753,Brejo Alegre,SP,2565,29718.3,65.82,82.492,65.076,49.891,66.223,90.434,94.585,78.728,80.054,69.198,43.545,67.508,18.723,58.318,92.291,30.229
4113809,Lupionópolis,PR,4813,27523.8,57.991,77.162,66.18,30.63,70.359,81.754,97.003,59.534,72.521,65.109,57.895,69.196,24.219,33.336,34.745,30.221
4200309,Agronômica,SC,6055,38739.88,59.384,78.811,62.106,37.234,87.061,53.786,90.436,83.96,74.206,49.786,56.892,67.542,27.044,50.053,41.621,30.22
3513207,Cristais Paulista,SP,9272,37650.55,65.749,80.217,67.632,49.398,76.403,78.015,91.463,74.986,76.185,69.014,50.777,74.553,23.299,56.671,87.404,30.218
3154705,Ribeirão Vermelho,MG,4080,26009.08,66.565,85.327,69.409,44.958,67.57,90.515,98.399,84.824,70.74,74.887,65.507,66.503,22.846,44.387,82.38,30.217
2209104,Santa Cruz do Piauí,PI,5831,10539.6,55.121,68.162,53.589,43.611,59.603,68.453,85.816,58.774,67.279,28.257,53.958,64.864,21.159,37.117,85.952,30.214
2101103,Axixá,MA,11790,8325.22,53.792,53.773,65.272,42.33,67.958,26.859,66.606,53.67,77.852,57.276,65.216,60.742,31.936,34.628,72.549,30.209
4110805,Iretama,PR,10684,33393.54,54.762,71.882,62.833,29.57,71.405,70.7,91.292,54.133,76.289,56.313,51.571,67.157,32.563,38.132,17.38,30.208
3203700,Muniz Freire,ES,18153,21271.22,54.194,68.558,65.428,28.595,69.214,55.333,84.452,65.233,80.295,55.895,58.618,66.905,19.309,38.447,26.435,30.189
4311502,Lavras do Sul,RS,7157,70037.54,56.004,73.908,57.894,36.21,69.897,67.573,87.768,70.393,60.713,64.745,50.447,55.673,38.619,49.925,26.107,30.189
2406502,Lagoa Nova,RN,15573,17401.91,59.576,74.569,57.426,46.731,79.522,65.839,92.153,60.763,60.051,54.627,54.397,60.631,39.257,42.353,75.128,30.186
4202206,Benedito Novo,SC,10520,45009.27,59.516,77.421,64.288,36.839,74.639,54.261,94.231,86.553,74.09,61.004,49.835,72.224,27.44,46.313,43.42,30.185
4303202,Cacique Doble,RS,4603,37034.63,54.842,64.223,65.149,35.153,78.917,47.618,70.341,60.014,79.082,59.527,52.998,68.99,20.316,38.988,51.126,30.181
4208450,Itapoá,SC,30750,55315.74,62.423,78.104,69.213,39.952,76.577,91.512,88.93,55.397,71.768,82.959,60.966,61.159,27.945,46.425,55.259,30.18
2104552,Governador Edison Lobão,MA,18411,20518.59,54.618,61.841,59.554,42.46,57.35,79.457,81.258,29.301,65.387,60.032,52.855,59.941,31.099,28.409,80.154,30.177
2600104,Afogados da Ingazeira,PE,40241,13562.57,60.917,75.86,67.983,38.907,64.996,81.1,96.118,61.224,76.546,64.866,60.906,69.613,34.442,49.516,41.496,30.176
1507151,São Domingos do Araguaia,PA,21092,17145.93,51.654,62.402,52.984,39.577,70.037,57.765,87.937,33.868,52.072,55.728,53.887,50.247,18.631,25.733,83.768,30.175
1717206,Piraquê,TO,2282,39700.51,49.794,60.138,54.568,34.677,66.95,46.351,76.69,50.561,69.093,46.783,62.481,39.915,15.323,29.932,63.282,30.173
3105509,Barão de Monte Alto,MG,4964,12807.36,56.872,78.914,60.427,31.275,64.109,80.069,96.939,74.541,71.631,57.381,48.673,64.025,19.186,38.757,36.999,30.161
5220504,Serranópolis,GO,8027,81891.22,58.33,74.329,61.832,38.83,72.088,71.983,89.724,63.521,79.27,62.846,51.767,53.444,22.366,31.651,71.143,30.16
2405108,Jandaíra,RN,6562,15570.17,53.624,73.322,61.338,26.212,78.578,63.827,92.701,58.18,62.285,62.178,55.028,65.862,30.893,24.876,18.92,30.159
3521606,Irapuru,SP,7085,15581.52,65.832,84.153,66.865,46.478,73.002,80.893,96.162,86.553,76.044,68.08,54.159,69.179,24.458,58.44,72.858,30.155
2301851,Banabuiú,CE,17195,15232.87,56.368,69.123,62.562,37.418,74.646,65.134,83.941,52.77,71.897,53.508,54.955,69.887,37.407,35.345,46.767,30.154
3204658,São Domingos do Norte,ES,8589,38858.75,57.276,64.508,68.008,39.312,77.94,52.45,87.991,39.65,75.869,65.071,61.103,69.988,24.858,37.291,64.954,30.144
2916807,Itarantim,BA,17052,19563.02,55.589,71.205,56.821,38.742,66.175,82.933,92.668,43.044,48.246,55.209,61.102,62.727,34.752,25.217,64.855,30.142
3548401,Santópolis do Aguapeí,SP,3899,20836.56,68.216,90.142,70.887,43.62,83.233,93.6,98.046,85.689,85.308,68.186,63.156,66.896,18.723,52.722,72.895,30.14
4120507,Primeiro de Maio,PR,10082,37095.66,62.26,80.888,65.15,40.742,80.286,79.917,93.567,69.782,68.334,60.045,61.353,70.869,21.334,41.776,69.727,30.133
5101902,Brasnorte,MT,17004,123642.4,53.616,66.929,51.495,42.425,70.412,67.353,86.798,43.151,65.354,47.22,62.309,31.096,36.333,36.018,67.219,30.132
4213708,Pouso Redondo,SC,17123,42295.95,55.679,70.24,64.974,31.825,64.48,59.76,90.327,66.393,71.205,63.75,56.88,68.06,29.466,43.953,23.749,30.13
5219704,Santa Terezinha de Goiás,GO,10645,18058.06,57.14,64.544,63.981,42.894,65.051,59.893,82.753,50.478,78.678,55.635,65.024,56.587,14.332,40.666,86.45,30.127
3165578,Senador Amaral,MG,6206,14518.36,58.775,76.422,61.945,37.96,67.131,63.872,88.996,85.689,64.897,69.355,47.634,65.891,29.493,42.898,49.323,30.126
1100379,Alto Alegre dos Parecis,RO,11479,42442.97,51.085,60.335,51.756,41.165,63.327,31.049,90.502,56.462,65.269,43.115,56.027,42.613,30.028,29.323,75.182,30.125
2903508,Belo Campo,BA,18412,9278.68,54.014,62.624,59.826,39.593,69.675,45.321,88.309,47.191,64.283,53.231,59.663,62.126,38.245,33.582,56.424,30.119
3169059,Tocos do Moji,MG,3826,18618.73,65.615,78.915,70.388,47.542,73.28,59.306,95.656,87.418,85.465,62.385,65.184,68.518,30.885,50.812,78.369,30.102
3107604,Bom Jesus da Penha,MG,4474,44150.09,64.63,83.939,69.547,40.403,78.174,80.89,94.5,82.194,81.442,62.164,65.79,68.791,28.95,46.45,56.119,30.09
4301800,Barracão,RS,4831,66114.2,53.397,67.16,62.352,30.679,73.624,57.773,77.561,59.683,73.7,60.678,50.348,64.681,10.956,40.348,41.326,30.088
2512721,Pedro Régis,PB,5766,9990.19,54.311,64.358,62.75,35.826,74.016,59.939,88.697,34.781,66.206,57.336,60.263,67.194,19.826,24.95,68.438,30.088
4309753,Ibarama,RS,3732,30290.8,55.371,73.861,61.264,30.988,74.85,70.899,82.266,67.428,73.759,55.719,49.561,66.018,22.025,35.322,36.518,30.087
3521804,Itaí,SP,25180,36999.55,62.309,76.643,68.71,41.575,69.545,77.787,91.941,67.3,80.028,67.96,55.21,71.641,18.647,69.965,47.603,30.085
3127602,Gouveia,MG,11331,17683.8,59.942,74.587,67.722,37.515,60.87,74.999,93.573,68.908,78.286,63.295,62.826,66.481,25.997,47.748,46.235,30.081
4207908,Irineópolis,SC,10285,44948.69,54.881,66.041,62.264,36.337,66.514,44.159,92.418,61.074,77.974,52.59,49.968,68.523,34.523,39.109,41.638,30.076
4202131,Bela Vista do Toldo,SC,5872,33766.16,55.417,65.704,58.713,41.834,71.616,26.511,85.656,79.031,74.536,42.307,58.404,59.605,20.61,31.766,84.89,30.072
2305001,Guaraciaba do Norte,CE,42053,16029.63,59.709,69.887,67.599,41.641,71.642,53.738,90.983,63.186,83.136,61.785,58.352,67.123,29.268,39.776,67.45,30.072
3500402,Águas da Prata,SP,7369,28569.65,68.634,87.98,75.893,42.031,84.451,89.889,93.618,83.96,78.354,76.897,74.262,74.057,14.881,52.715,70.462,30.067
2411106,Ruy Barbosa,RN,3206,39831.08,64.053,81.381,64.283,46.493,88.287,63.957,85.863,87.418,65.558,55.834,68.825,66.917,27.949,40.057,87.904,30.063
3504206,Auriflama,SP,13692,26377.55,61.421,80.038,67.777,36.448,65.019,94.194,92.524,68.414,84.6,64.716,53.029,68.763,12.462,55.034,48.233,30.063
5103106,Cocalinho,MT,6220,48208.7,50.956,62.875,44.834,45.16,75.14,60.221,85.572,30.567,53.67,58.575,46.016,21.076,39.913,27.682,82.983,30.061
4118709,Paulo Frontin,PR,6343,63004.76,55.649,64.993,69.301,32.653,67.303,49.893,87.448,55.329,82.002,65.171,55.031,75.001,32.798,32.068,35.687,30.06
5106232,Nova Olímpia,MT,16352,45099.53,58.352,73.243,60.103,41.711,64.068,81.493,90.647,56.763,64.048,70.814,51.746,53.803,25.296,33.447,78.047,30.056
3101300,Alagoa,MG,2749,17484.66,58.548,69.35,62.851,43.442,61.266,60.906,91.048,64.18,75.423,55.554,53.188,67.241,31.837,42.566,69.311,30.055
2105427,Itinga do Maranhão,MA,22513,21891.43,54.334,67.507,54.856,40.639,63.378,84.069,84.734,37.849,59.805,59.237,56.731,43.649,20.916,29.291,82.305,30.046
3529401,Mauá,SP,418261,50035.45,61.614,76.99,71.437,36.413,75.586,79.581,84.048,68.746,79.276,73.295,62.13,71.048,33.797,51.777,30.05,30.028
4204558,Correia Pinto,SC,15727,37869.6,60.825,72.245,63.232,46.998,62.109,81.026,96.347,49.501,71.172,69.671,52.741,59.343,44.493,35.009,78.462,30.026
4321600,Tramandaí,RS,54387,22864.95,60.65,66.176,65.953,49.821,70.591,79.443,78.395,36.277,65.308,83.844,53.176,61.485,36.472,65.436,67.354,30.022
2504207,Catingueira,PB,4491,11864.88,55.286,67.66,55.002,43.197,68.053,60.557,88.855,53.175,69.114,45.07,41.552,64.273,30.202,32.711,79.866,30.01
3520426,Ilha Comprida,SP,13419,102355.99,62.428,76.766,69.646,40.871,60.25,82.963,88.365,75.488,81.515,83.626,43.46,69.984,48.691,57.939,26.848,30.008
3161304,São Francisco de Sales,MG,5732,34107.44,58.384,77.551,64.55,33.052,61.276,82.898,95.314,70.717,77.185,65.587,57.146,58.281,17.179,42.067,42.966,29.995
4202602,Bom Retiro,SC,8418,50534.8,57.81,70.282,61.293,41.854,65.856,80.292,95.187,39.791,65.006,66.56,53.713,59.895,24.719,32.809,79.894,29.995
4321626,Travesseiro,RS,2152,36550.67,62.147,79.734,65.519,41.186,82.576,62.872,86.934,86.553,82.855,64.572,46.412,68.239,19.613,37.71,77.433,29.989
4210704,Matos Costa,SC,2761,22832.62,59.079,77.561,57.224,42.451,77.376,66.051,82.859,83.96,63.833,54.001,54.944,56.118,26.098,30.222,83.496,29.988
3110103,Caiana,MG,5304,16836.95,54.787,76.629,63.608,24.124,69.255,60.722,89.986,86.553,62.631,57.024,70.208,64.569,26.135,34.473,5.905,29.983
3116704,Coimbra,MG,7117,19792.87,53.838,62.649,65.63,33.234,62.046,71.725,95.484,21.341,78.008,64.399,54.688,65.427,20.743,45.955,36.257,29.981
2612000,Sairé,PE,10887,16304.9,59.671,73.34,66.855,38.819,73.317,67.283,85.945,66.814,74.586,61.559,58.129,73.146,17,27.983,80.316,29.979
2616308,Vicência,PE,26359,19849.68,56.618,64.211,61.905,43.739,74.644,56.462,91.398,34.338,75.698,56.901,47.98,67.039,33.137,33.411,78.431,29.975
1101559,Teixeirópolis,RO,4256,28709.23,51.607,52.715,58.08,44.026,68.998,13.922,91.02,36.919,71.295,55.523,55.309,50.192,44.112,37.78,64.248,29.962
2507705,Juazeirinho,PB,17007,12457.48,57.78,67.786,59.496,46.059,73.6,56.243,91.809,49.49,67.435,52.726,52.366,65.457,32.188,33.183,88.907,29.96
4319505,São Sebastião do Caí,RS,24428,37089.53,61.105,73.174,64.577,45.564,78.035,68.463,83.795,62.403,64.728,72.193,52.458,68.928,23.208,53.698,75.395,29.955
5106703,Ponte Branca,MT,2008,15668.83,62.222,73.84,62.38,50.445,68.303,80.741,94.672,51.645,70.136,62.791,66.338,50.256,32.925,47.645,91.258,29.952
4126108,São Tomé,PR,5232,31474.27,63.601,82.794,68.223,39.787,71.75,92.571,97.024,69.83,77.734,61.712,58.983,74.461,29.438,51.35,48.416,29.944
5002605,Camapuã,MS,13583,47242.61,60.502,77.588,61.343,42.575,69.187,76.357,92.45,72.356,65.653,63.942,64.657,51.12,23.523,32.833,84.005,29.939
3162948,São José da Barra,MG,7793,115229.54,60.066,81.017,67.216,31.964,75.039,69.192,93.285,86.553,74.544,69.136,56.301,68.881,18.56,53.749,25.613,29.933
2307601,Limoeiro do Norte,CE,59560,24072.47,55.992,63.508,68.295,36.172,69.52,81.995,92.788,9.729,82.113,70.666,53.651,66.751,26.739,49.574,38.445,29.929
2109106,Presidente Dutra,MA,45155,16859.38,51.03,59.439,64.952,28.698,66.816,52.752,81.142,37.045,70.415,59.894,59.901,69.597,22.836,31.2,30.829,29.928
4107546,Espigão Alto do Iguaçu,PR,4797,34191.08,54.647,62.987,60.008,40.945,71.754,66.101,81.79,32.302,76.202,57.114,47.474,59.243,25.682,30.93,77.246,29.923
4116406,Nossa Senhora das Graças,PR,3669,27324.76,58.118,77.825,66.282,30.246,74.277,77.529,98.602,60.891,74.756,72.453,54.436,63.481,18.551,36.123,36.398,29.914
2109239,Presidente Médici,MA,4696,13019.18,54.793,70.146,59.095,35.137,69.739,69.198,72.434,69.212,69.533,58.102,61.763,46.983,15.828,22.964,71.845,29.913
3158706,Santana do Garambéu,MG,2137,18457.11,64.884,83.654,66.643,44.354,74.805,78.453,93.941,87.418,80.182,65.531,53.273,67.585,21.889,74.273,51.341,29.912
2803609,Laranjeiras,SE,23975,48821.26,61.723,67.358,61.053,56.756,73.845,51.395,92.03,52.163,54.256,68.641,52.192,69.123,74.897,40.758,81.461,29.908
4309159,Gramado Xavier,RS,3304,33377.79,55.264,70.603,59.968,35.222,66.904,55.597,77.452,82.458,66.495,45.25,59.607,68.522,20.53,31.603,58.852,29.904
1303601,Santa Isabel do Rio Negro,AM,14164,13214.73,48.116,61.828,50.138,32.38,69.435,55.902,60.599,61.378,62.662,19.203,49.831,68.856,35.881,24.016,39.722,29.902
2912806,Ibirapuã,BA,8896,51033.85,54.145,70.273,57.249,34.913,57.739,72.614,88.114,62.624,58.566,50.835,58.049,61.548,28.257,33.232,48.276,29.887
2932507,Una,BA,18131,18717.58,47.716,51.385,55.047,36.716,63.326,59.818,80.236,2.162,58.14,51.02,41.14,69.889,17.223,34.351,65.417,29.871
4316105,Ronda Alta,RS,9777,48582.83,56.448,71.027,65.186,33.13,65.657,66.617,88.691,63.143,72.047,59.141,61.4,68.156,21.738,34.373,46.542,29.868
3132503,Itamarandiba,MG,32948,19795.92,58.552,73.039,64.071,38.546,66.572,71.855,89.583,64.144,77.099,58.748,61.238,59.198,39,39.614,45.7,29.868
4321667,Três Cachoeiras,RS,10962,28354.36,57.059,68.075,65.112,37.991,77.278,32.738,94.579,67.703,70.528,63.811,51.83,74.28,24.283,46.121,51.693,29.866
2406007,José da Penha,RN,5803,11702.07,60.31,76.589,57.148,47.195,75.763,69.095,90.697,70.8,59.381,59.737,45.772,63.701,25.873,39.718,93.322,29.865
3120003,Córrego Novo,MG,2875,13498.17,52.282,69.732,57.778,29.334,50.146,76.287,92.933,59.563,70.749,52.863,46.375,61.126,20.336,24.244,42.897,29.86
3522208,Itapecerica da Serra,SP,158522,31195.27,61.654,77.848,69.075,38.039,66.881,86.447,84.955,73.109,80.922,71.774,54.739,68.864,21.104,50.067,51.142,29.843
4121109,Quinta do Sol,PR,5001,51862.15,60.476,76.154,64.421,40.852,76.748,73.745,92.556,61.568,72.94,59.095,55.911,69.738,22.742,38.614,72.219,29.832
2103802,Dom Pedro,MA,23053,11473.69,54.438,58.506,64.455,40.354,59.508,65.985,70.4,38.13,76.504,58.236,59.627,63.454,35.265,29.698,66.633,29.82
2100055,Açailândia,MA,106550,36196.43,60.797,73.642,62.109,46.64,70.025,84.824,91.04,48.678,71.599,71.107,54.005,51.724,37.334,37.322,82.084,29.818
5105150,Juína,MT,45869,29272.24,53.729,67.152,56.114,37.92,71.085,63.434,88.895,45.195,63.85,60.52,59.239,40.849,36.684,59.86,25.319,29.816
3514957,Embaúba,SP,2323,24803.08,62.269,79.995,64.419,42.392,83.055,86.484,97.573,52.867,84.233,65.21,37.402,70.83,23.758,52.563,63.437,29.811
5106752,Pontes e Lacerda,MT,52018,47176.1,58.472,72.103,56.991,46.321,70.005,71.685,95.33,51.39,68.196,65.928,51.202,42.64,33.369,41.543,80.565,29.807
3517208,Guaiçara,SP,11239,20814.7,66.346,86.192,68.381,44.467,65.015,97.943,97.343,84.466,77.838,67.917,57.022,70.747,15.774,47.448,84.848,29.796
3519907,Iepê,SP,7619,57425.75,64.126,79.568,68.201,44.61,67.839,91.861,95.181,63.39,82.117,66.21,54.315,70.162,43.498,58.148,47.01,29.786
3503158,Arapeí,SP,2330,19699.85,58.694,68.822,63.089,44.171,72.732,86.393,93.259,22.903,71.798,61.078,52.826,66.653,18.935,32.504,95.465,29.779
3132909,Itamogi,MG,10770,22106.82,62.065,80.575,65.691,39.929,71.446,83.674,93.275,73.907,77.758,63.907,49.461,71.636,27.399,66.082,36.458,29.778
5206503,Cromínia,GO,3883,25826.62,61.82,78.117,64.515,42.829,66.659,68.425,95.436,81.946,76.798,64.201,54.564,62.497,39.683,26.335,75.521,29.777
2505808,Duas Estradas,PB,3327,13632.01,58.055,71.382,58.258,44.524,56.445,82.953,92.096,54.036,67.693,59.059,41.548,64.731,44.654,27.628,76.04,29.775
2402204,Canguaretama,RN,29668,20564.23,57.926,73.629,57.109,43.04,70.362,76.422,93.207,54.526,55.307,64.324,40.899,67.905,27.389,33.047,81.952,29.773
2513968,São Domingos,PB,2595,14038.93,60.259,73.415,60.38,46.981,82.303,56.452,85.124,69.782,71.121,56.031,49.455,64.913,21.135,40.784,96.24,29.767
2708501,São Luís do Quitunde,AL,30873,30788.87,51.029,57.345,56.187,39.556,62.31,35.546,84.636,46.889,65.796,55.971,42.694,60.286,30.276,23.684,74.498,29.766
3111804,Canápolis,MG,10608,64381.74,60.559,79.455,65.115,37.107,76.681,86.022,81.392,73.724,69.597,67.895,59.274,63.694,20.333,43.501,54.83,29.765
3107505,Bom Jardim de Minas,MG,6783,18974.9,58.474,75.157,66.869,33.396,58.665,84.762,94.686,62.517,77.11,68.089,52.543,69.732,23.913,44.105,35.802,29.764
4201505,Armazém,SC,8834,31019.57,61.761,76.035,66.791,42.458,61.844,62.4,96.844,83.054,72.863,67.164,59.67,67.467,24.467,46.048,69.56,29.756
3119104,Corinto,MG,23532,26209.62,59.124,75.704,65.808,35.86,69.509,83.805,93.961,55.54,72.965,65.098,59.977,65.189,31.299,49.517,32.868,29.754
3131208,Ipanema,MG,19522,17779.55,64.776,78.845,67.82,47.663,67.539,82.27,97.169,68.403,79.633,64.794,59.249,67.606,26.248,60.829,73.829,29.747
4217758,Sul Brasil,SC,2832,29659.15,62.844,81.129,63.962,43.441,80.047,80.988,76.926,86.553,80.271,55.622,60.114,59.84,29.976,30.659,83.387,29.742
2917102,Itororó,BA,16617,15219.16,57.829,77.731,56.717,39.038,62.13,94.333,94.486,59.974,43.998,62.01,48.66,72.199,24.598,36.528,65.291,29.737
1100296,Santa Luzia D'Oeste,RO,7419,28995.14,51.315,59.657,59.047,35.24,62.939,39.469,79.947,56.275,80.71,51.663,57.758,46.056,28.167,30.434,52.626,29.735
5205208,Caturaí,GO,5184,19580.17,61.715,75.398,63.324,46.424,63.584,74.605,93.407,69.996,78.996,57.982,53.553,62.764,22.476,45.618,87.874,29.73
3130655,Indaiabira,MG,6346,13859.03,50.963,67.892,61.663,23.334,59.33,53.412,74.369,84.457,79.57,45.697,63.958,57.428,18.352,42.313,2.945,29.726
5005681,Mundo Novo,MS,19193,40863.38,63.736,74.96,65.624,50.625,67.869,73.138,96.576,62.257,68.778,67.716,53.811,72.19,22.743,65.404,84.626,29.726
3150604,Piracema,MG,6700,45584.08,61.058,72.768,67.042,43.363,62.977,63.009,92.521,72.566,75.779,59.837,63.338,69.214,22.561,49.049,72.117,29.724
3537008,Pedregulho,SP,15525,112335.13,63.725,76.204,67.147,47.823,68.449,85.941,93.055,57.372,76.618,65.217,55.175,71.58,17.005,51.199,93.366,29.721
2106201,Luís Domingues,MA,7161,8067.26,51.468,66.026,58.081,30.297,65.443,56.504,79.913,62.244,68.332,56.418,59.001,48.575,7.244,26.837,57.39,29.716
4107157,Diamante D'Oeste,PR,4557,28303.87,54.693,75.223,63.496,25.36,74.443,62.509,91.549,72.39,72.634,75.791,46.53,59.03,11.727,28.622,31.38,29.713
5211206,Itapuranga,GO,26113,21353.19,62.972,73.742,64.785,50.391,64.297,84.851,95.482,50.337,78.71,62.93,52.877,64.623,35.805,54.131,81.919,29.707
2202075,Cajazeiras do Piauí,PI,3108,11078.36,57.541,74.712,58.97,38.942,64.975,70.696,81.731,81.444,71.287,39.038,57.721,67.836,19.025,18.686,88.349,29.705
5106455,Planalto da Serra,MT,3166,73780.11,52.349,72.032,45.851,39.162,72.642,71.228,86.79,57.47,59.003,25.122,54.765,44.514,34.581,38.524,53.84,29.703
4206702,Herval d'Oeste,SC,21724,28930.15,60.327,80.018,66.456,34.507,74.812,88.489,87.3,69.47,66.038,64.589,63.36,71.835,38.306,38.69,31.331,29.702
4312476,Morro Reuter,RS,6029,45806.5,63.432,81.481,71.055,37.76,75.031,74.08,92.422,84.392,78.99,79.172,58.961,67.096,15.334,50.846,55.159,29.702
2305357,Icapuí,CE,21433,19317.01,58.306,72.426,62.098,40.394,77.481,72.412,88.442,51.369,73.307,61.57,52.301,61.214,26.985,44.35,60.547,29.696
5100250,Alta Floresta,MT,58613,36293.97,59.077,71.983,62.06,43.188,73.916,73.397,90.767,49.852,71.601,71.465,58.223,46.952,38.121,64.923,40.014,29.695
2707107,Piranhas,AL,22609,15327.05,58.44,71.101,62.723,41.496,72.245,60.269,88.401,63.489,71.811,56.243,53.396,69.441,27.152,36.173,72.972,29.689
2405702,Jardim do Seridó,RN,11655,17976.09,64.328,83.356,64.627,45.002,78.546,83.67,97.025,74.183,70.811,65.011,55.309,67.379,35.173,51.5,63.648,29.686
4107306,Doutor Camargo,PR,6327,31901.81,58.699,78.309,64.898,32.889,74.455,81.737,95.566,61.477,82.24,69.529,38.871,68.953,25.225,37.105,39.549,29.678
4322541,Vale Real,RS,6058,32971.37,62.896,82.405,67.043,39.241,67.216,92.328,95.118,74.956,70.8,55.245,72.104,70.022,19.514,53.735,54.043,29.674
4106852,Cruzmaltina,PR,2892,52655.11,58.782,75.542,57.521,43.281,69.949,62.763,88.21,81.247,79.029,33.271,52.856,64.931,26.156,45.751,71.554,29.663
3138104,Lassance,MG,7124,27224.39,55.486,76.337,56.663,33.459,68.818,87.066,88.346,61.118,67.357,55.111,55.802,48.381,39.127,28.865,36.187,29.656
2904902,Cachoeira,BA,29250,16505.22,56.176,62.981,54.399,51.148,69.07,71.239,85.167,26.449,57.104,48.256,51.955,60.281,47.7,46.389,80.855,29.648
3171071,Veredinha,MG,5181,25868.23,55.795,80.349,64.57,22.467,67.767,78.951,88.989,85.689,79.771,61.554,51.062,65.891,24.948,32.237,3.038,29.645
4305009,Catuípe,RS,8674,74102.74,61.321,75.06,62.623,46.281,78.392,74.272,84.379,63.197,75.926,57.412,49.918,67.235,27.355,49.343,78.782,29.644
3143500,Morada Nova de Minas,MG,9067,60121.49,58.519,75.614,62.644,37.298,68.166,78.641,92.258,63.392,68.343,70.406,50.92,60.906,31.529,50.853,37.166,29.644
2201770,Boa Hora,PI,6902,9122.47,57.323,68.284,62.963,40.722,71.489,73.04,64.897,63.709,74.107,50.953,59.208,67.584,29.207,29.963,74.075,29.643
5108105,Tesouro,MT,3025,104154.49,58.105,70.865,51.841,51.609,67.329,69.688,89.673,56.772,70.716,42.48,54.042,40.126,39.722,40.08,96.997,29.637
4205001,Dionísio Cerqueira,SC,15008,42702.73,58.176,74.542,65.2,34.785,72.276,76.604,92.091,57.199,71.029,66.465,55.05,68.257,32.8,39.144,37.561,29.637
3543709,Rincão,SP,9098,25026.72,56.925,78.941,63.728,28.106,77.544,88.267,82.985,66.967,69.807,69.241,47.356,68.508,11.62,33.134,38.038,29.632
3132107,Itacarambi,MG,17208,13250.55,57.61,71.464,59.052,42.312,64.622,72.438,88.343,60.453,64.95,55.653,54.364,61.242,37.41,33.923,68.294,29.622
4301404,Arvorezinha,RS,10322,32813.47,56.618,72.923,62.318,34.614,66.082,70.124,84.659,70.826,73.841,57.929,52.936,64.566,27.223,46.834,34.776,29.621
4320859,Tabaí,RS,4461,32082.99,55.469,72.715,60.56,33.133,81.048,56.666,82.598,70.55,69.826,61.502,50.988,59.924,18.528,34.326,50.06,29.616
2414753,Venha-Ver,RN,3014,14438.75,58.489,70.202,58.268,46.997,70.162,47.244,91.547,71.853,53.454,58.998,58.687,61.932,22.506,38.279,97.586,29.616
4107108,Diamante do Norte,PR,5142,58420.85,63.448,81.575,68.141,40.628,72.255,85.638,93.91,74.496,79.878,67.896,60.536,64.256,33.374,42.984,56.538,29.614
3111150,Campo Azul,MG,3714,11028.23,52.4,61.833,58.42,36.948,70.474,43.902,81.384,51.571,79.276,45.22,42.717,66.466,18.773,37.002,62.403,29.614
4306320,Derrubadas,RS,2751,54340.37,53.814,64.574,63.883,32.984,68.422,63.999,88.734,37.142,76.153,63.02,47.93,68.429,10.956,48.962,42.406,29.612
3540101,Pongaí,SP,3395,28008.28,65.054,87.232,66.641,41.289,74.728,95.194,96.485,82.521,81.878,65.627,53.868,65.189,19.397,55.365,60.782,29.612
3555406,Ubatuba,SP,92981,29314.53,57.076,70.947,70.365,29.916,73.875,73.329,86.078,50.504,78.17,81.926,58.105,63.259,15.939,49.936,24.181,29.609
4119707,Planaltina do Paraná,PR,4070,25721.29,55.284,68.843,61.761,35.248,59.507,68.877,92.457,54.532,70.699,60.661,49.998,65.686,25.488,44.507,41.39,29.606
2409704,Pedro Avelino,RN,6242,12909.32,52.699,69.559,53.395,35.143,82.479,65.419,86.067,44.272,38.69,49.118,61.802,63.969,35.037,29.783,46.158,29.594
5105622,Mirassol d'Oeste,MT,26785,31427.42,56.573,67.715,60.074,41.929,71.45,64.822,92.821,41.768,65.434,64.912,55.183,54.768,36.007,31.638,70.484,29.586
3146008,Ouro Fino,MG,32094,29320.39,65.757,79.534,70.012,47.725,69.965,88.188,93.498,66.486,77.744,63.602,63.482,75.218,28.61,58.983,73.723,29.583
2210359,São Lourenço do Piauí,PI,4410,10350.52,57.604,66.498,60.143,46.169,62.243,36.218,82.749,84.78,65.299,42.839,68.114,64.321,38.961,34.768,81.371,29.579
4105003,Catanduvas,PR,10446,34325.92,60.702,79.133,62.733,40.239,74.152,78.669,92.794,70.916,76.341,55.103,55.049,64.44,21.285,40.259,69.838,29.573
2304004,Coreaú,CE,20953,10821.04,55.581,61.87,61.215,43.658,72.552,56.425,87.498,31.003,75.824,53.771,54.551,60.714,35.698,34.319,75.052,29.564
2601706,Belo Jardim,PE,79507,35031.14,60.304,75.029,63.625,42.258,70.425,82.783,93.837,53.071,65.369,65.56,52.3,71.272,43.495,51.663,44.31,29.563
3552908,Taciba,SP,6260,29995.66,65.42,82.49,65.337,48.434,67.997,93.454,98.514,69.995,78.88,67.373,52.613,62.479,19.1,51.039,94.043,29.555
3504800,Bálsamo,SP,9596,29249.28,63.373,84.844,73.976,31.298,71.348,92.505,94.775,80.75,82.806,85.008,55.431,72.659,18.008,39.913,37.732,29.542
2303204,Caririaçu,CE,26320,9687.49,60.253,73.063,65.149,42.547,73.071,61.447,91.164,66.57,76.734,58.366,54.354,71.141,42.358,42.142,56.148,29.538
4101705,Araruna,PR,14485,38065.65,62.995,81.096,66.126,41.763,67.646,92.416,96.618,67.706,76.458,66.106,53.543,68.398,28.297,46.317,62.905,29.532
3202207,Fundão,ES,18014,26196.23,57.636,67.734,69.074,36.1,68.522,74.21,89.139,39.065,75.112,70.329,59.367,71.488,28.804,43.823,42.243,29.531
4300851,Arambaré,RS,4112,69836.85,61.014,76.833,58.668,47.54,73.825,67.439,88.702,77.364,61.825,74.891,43.998,53.959,25.54,67.413,67.676,29.53
5005004,Jardim,MS,23981,34715.2,59.078,75.866,64.391,36.976,69.899,81.063,91.42,61.084,71.356,67.43,55.186,63.592,38.182,44.467,35.724,29.53
4317707,Santo Antônio das Missões,RS,10300,65909.11,57.249,67.997,57.725,46.025,71.67,62.426,77.126,60.766,66.622,62.282,48.258,53.739,31.958,36.336,86.278,29.528
2205151,Jacobina do Piauí,PI,5613,12394.11,58.565,71.415,54.281,49.998,68.66,49.722,84.376,82.903,71.043,44.293,52.052,49.738,37.678,37.536,95.258,29.518
3156452,Rosário da Limeira,MG,4734,14413.5,61.936,77.117,64.095,44.596,72.251,65.095,96.103,75.021,74.742,57.85,58.518,65.269,27.466,36.034,85.367,29.516
3504404,Avanhandava,SP,11263,17832.24,62.673,81.903,67.841,38.275,79.901,86.788,95.547,65.375,80.212,64.696,56.416,70.039,22.278,55.147,46.16,29.516
3301900,Itaboraí,RJ,224267,25335.49,52.995,57.196,67.177,34.613,68.721,30.246,80.289,49.528,67.807,69.83,55.037,76.034,29.839,49.767,29.335,29.509
3547403,Santa Rita d'Oeste,SP,2733,25112.47,64.531,83.089,70.794,39.709,70.657,84.964,92.776,83.96,83.081,59.186,75.339,65.572,26.529,53.063,49.741,29.504
4300877,Araricá,RS,8525,27936.18,56.661,67.086,64.95,37.946,74.507,50.351,96.672,46.814,62.094,73.164,55.969,68.574,16.211,42.271,63.805,29.499
4113601,Lobato,PR,4601,47196.85,59.348,80.329,69.328,28.388,70.423,96.151,97.4,57.34,83.265,67.731,60.232,66.086,20.412,58.848,4.794,29.499
5220058,São João da Paraúna,GO,1774,79275.19,60.441,84.036,60.686,36.599,73.202,87.81,95.58,79.552,79.327,68.867,42.089,52.461,18.695,46.218,51.988,29.496
2203206,Curimatá,PI,11270,12637.28,55.431,66.359,58.397,41.536,63.888,75.761,73.075,52.711,70.625,46.468,57.913,58.584,37.361,20.698,78.594,29.491
3104502,Arinos,MG,17272,18581.86,59.98,69.82,64.703,45.417,73.751,64.422,86.889,54.219,78.655,57.113,64.976,58.069,32.515,41.35,78.332,29.472
2413359,Serra do Mel,RN,13091,66075.37,52.327,60.193,53.799,42.989,73.659,32.726,80.936,53.45,57.015,44.609,58.041,55.53,30.729,37.117,74.641,29.469
3137502,Lagoa Formosa,MG,18904,30137.1,59.656,80.679,67.798,30.489,69.896,92.701,96.214,63.907,78.516,69.088,55.089,68.501,30.159,48.766,13.567,29.464
3165404,Sapucaí-Mirim,MG,6311,17600.54,60.669,80.23,66.838,34.938,76.265,73.089,88.354,83.211,66.826,62.942,68.182,69.404,26.411,40.603,43.278,29.461
3551108,Sarapuí,SP,10369,19809,64.054,80.236,67.881,44.045,76.203,82.682,91.483,70.577,79.396,64.842,57.003,70.283,17.928,41.36,87.431,29.46
2705606,Novo Lino,AL,10020,18821.63,57.003,66.866,61.697,42.446,69.315,48.296,84.021,65.832,62.548,60.644,52.551,71.044,34.398,26.508,79.429,29.448
4308656,Garruchos,RS,2688,75309.92,56.097,77.706,54.9,35.686,74.737,74.921,79.25,81.916,72.342,43.224,52.477,51.557,18.924,42.538,51.837,29.445
5215900,Palminópolis,GO,3851,57557.09,59.984,74.683,63.671,41.597,73.718,70.402,95.066,59.544,80.422,60.249,58.495,55.516,8.37,42.844,85.731,29.444
4202081,Bandeirante,SC,3144,32744.94,55.763,72.999,58.21,36.081,68.72,48.334,88.39,86.553,66.632,60.253,42.189,63.764,22.731,32.682,59.474,29.436
4314787,Ponte Preta,RS,1575,61428.03,60.081,83.153,55.264,41.825,80,84.843,80.352,87.418,68.96,50.392,36.453,65.25,19.238,59.777,58.852,29.434
3505005,Barão de Antonina,SP,3531,21382.95,61.806,82.472,69.62,33.325,74.171,73.939,95.224,86.553,84.033,68.523,54.917,71.01,13.883,40.786,49.201,29.428
2910206,Dom Macedo Costa,BA,4407,9876.89,59.281,70.522,62.973,44.349,59.751,70.146,86.398,65.791,72.84,62.732,50.541,65.78,25.114,32.923,89.935,29.425
2509909,Natuba,PB,8945,10750.35,53.58,65.275,56.601,38.864,72.325,41.003,85.245,62.529,71.641,36.599,52.872,65.291,30.305,35.23,60.497,29.422
5218300,Posse,GO,34914,20298.65,59.895,68.361,65.24,46.085,63.09,76.844,88.005,45.506,79.903,59.83,62.849,58.378,37.67,37.737,79.512,29.418
3543238,Ribeirão dos Índios,SP,2025,23379.81,66.224,81.628,65.84,51.205,54.006,92.266,96.28,83.96,78.787,66.136,52.683,65.754,27.151,51.465,96.787,29.417
3519006,Herculândia,SP,9125,39293.53,64.076,84.25,69.142,38.837,62.178,95.571,96.132,83.118,78.048,72.765,56.293,69.461,19.319,37.44,69.176,29.414
2922508,Nazaré,BA,27060,12312.18,60.486,69.632,62.194,49.634,65.104,76.153,85.712,51.56,61.849,65.246,57.087,64.594,40.34,46.648,82.133,29.414
3538105,Pindorama,SP,14542,34551.11,63.183,83.69,68.743,37.117,78.967,92.255,98.523,65.015,77.906,67.192,58.549,71.325,23.441,44.599,51.02,29.41
3165701,Senador Firmino,MG,7716,13939.41,59.704,77.404,67.583,34.123,61.094,79.745,93.221,75.556,79.5,59.609,61.428,69.797,26.132,43.865,37.088,29.409
3170503,Urucânia,MG,10600,22806.51,61.221,79.458,63.891,40.316,68.28,82.603,91.498,75.451,66.964,69.21,57.284,62.105,41.647,38.761,51.447,29.407
2803500,Lagarto,SE,101579,17832.89,58.985,68.511,65.934,42.509,67.817,65.256,93.83,47.141,67.874,63.238,58.844,73.782,44.639,45.177,50.819,29.399
2701506,Campo Grande,AL,8143,13126.44,56.444,68.861,58.842,41.63,74.246,60.219,87.679,53.301,64.569,56.511,51.374,62.913,13.965,34.416,88.741,29.398
5103361,Conquista D'Oeste,MT,3760,38364.47,57.769,78.275,53.637,41.397,75.403,66.186,87.55,83.96,67.789,52.023,59.361,35.374,23.801,27.27,85.125,29.392
3157302,Santa Bárbara do Tugúrio,MG,4208,16898.61,59.129,72.984,66.014,38.389,68.172,57.843,82.954,82.966,71.34,59.907,68.422,64.386,20.027,46.229,57.908,29.39
5108907,Nova Maringá,MT,5846,207586.68,51.413,72.584,39.382,42.274,79.96,66.283,86.621,57.475,58.523,27.26,53.791,17.953,19.727,40.049,79.936,29.385
2101350,Bacurituba,MA,5252,7595.03,57.439,71.092,61.706,39.518,68.778,85.606,55.666,74.32,71.286,46.379,63.128,66.031,33.029,13.98,81.689,29.374
4125357,São Jorge do Patrocínio,PR,6504,22516.66,60.009,71.9,67.625,40.503,66.801,79.364,96.694,44.741,84.854,67.106,53.537,65.004,11.776,51.251,69.614,29.373
5210307,Israelândia,GO,2560,28118.23,62.208,77.765,61.744,47.115,68.553,70.581,87.965,83.96,79.294,58.337,51.691,57.652,26.07,48.082,84.943,29.366
2308302,Milagres,CE,25900,11170.65,58.536,67.788,64.93,42.889,69.71,48.284,89.338,63.82,76.656,56.062,60.305,66.697,47.296,36.721,58.172,29.365
3141900,Minduri,MG,3741,44100.95,59.397,72.825,65.482,39.882,59.68,87.043,92.619,51.959,72.553,64.216,55.765,69.395,18.746,37.209,74.209,29.363
4201109,Anitápolis,SC,3593,23705.33,55.087,70.785,60.401,34.076,65.709,55.559,85.333,76.537,71.37,50.632,60.276,59.326,18.06,44.702,44.184,29.359
4301305,Arroio Grande,RS,17558,64914.46,60.045,79.797,59.476,40.862,70.531,89.976,90.973,67.707,63.918,68.285,49.222,56.48,31.648,48.959,53.484,29.359
5219100,Santa Bárbara de Goiás,GO,6149,25245.08,60.72,70.672,66.773,44.715,71.41,74.64,94.188,42.449,81.407,66.066,52.112,67.508,26.977,57.826,64.703,29.356
1501758,Brejo Grande do Araguaia,PA,6783,17090.98,48.228,61.091,46.211,37.381,61.553,73.316,72.181,37.314,52.022,42.713,44.6,45.508,21.055,26.426,72.692,29.351
3121506,Desterro do Melo,MG,2994,17032.25,58.485,71.343,66.177,37.934,61.245,53.055,87.995,83.077,76.201,66.651,55.939,65.919,20.027,50.074,52.287,29.348
3528908,Mariápolis,SP,3513,21930.07,63.447,79.591,71.651,39.099,78.364,91.65,97.379,50.969,81.949,73.757,64.122,66.776,21.936,44.914,60.201,29.347
3157807,Santa Luzia,MG,219132,24319.64,62.877,74.435,70.86,43.335,66.057,79.14,83.056,69.486,72.367,75.26,66.531,69.281,39.52,48.095,56.381,29.346
4214102,Presidente Nereu,SC,2301,27464.14,56.973,68.426,63.641,38.851,63.923,40.798,86.693,82.291,74.849,57.123,56.866,65.725,35.998,27.828,62.238,29.341
3157005,Salinas,MG,40178,16732.57,62.409,75.476,69.174,42.576,60.468,83.369,92.308,65.757,78.842,67.393,63.179,67.283,19.555,52.277,69.131,29.341
3124203,Espera Feliz,MG,24102,17177.85,56.535,73.776,65.252,30.576,63.003,73.319,94.324,64.46,69.462,68.999,56.529,66.018,22.941,40.696,29.332,29.336
4321436,Terra de Areia,RS,10334,28397.98,53.067,58.52,63.151,37.53,68.783,54.748,75.485,35.063,56.575,73.211,51.942,70.877,16.238,46.063,58.488,29.333
2909307,Correntina,BA,32457,101796.95,55.894,70.562,57.086,40.034,72.947,65.559,85.857,57.883,55.123,52.164,67.991,53.067,36.767,41.311,52.726,29.33
4318804,São Lourenço do Sul,RS,41989,40807.85,59.456,74.986,61.19,42.192,73.787,73.188,87.128,65.842,68.593,65.533,53.915,56.719,23.259,47.216,68.964,29.329
3537701,Piacatu,SP,5519,21723.84,68.564,86.058,72.818,46.816,70.344,93.601,98.85,81.439,84.945,68.153,67.94,70.233,19.503,51.963,86.469,29.328
4308300,Fontoura Xavier,RS,9550,23992.51,59.956,70.208,60.746,48.914,78.369,50.569,78.452,73.443,71.865,52.973,49.756,68.391,38.846,42.783,84.699,29.327
3541307,Presidente Epitácio,SP,39505,33798.21,64.172,80.424,72.457,39.636,67.34,94.086,96.524,63.745,82.118,73.73,56.552,77.428,22.121,57.985,49.112,29.325
2409100,Passa e Fica,RN,10896,14081.86,59.285,74.222,60.186,43.449,80.129,76.936,94.623,45.2,58.213,59.559,51.854,71.116,17.909,42.368,84.2,29.319
3122702,Dom Silvério,MG,5228,20795.7,62.84,82.075,71.692,34.754,74.46,82.59,96.024,75.224,77.885,68.272,71.811,68.799,28.609,44.514,36.585,29.307
4126207,Sapopema,PR,6695,23154.66,58.362,76.837,62.491,35.758,74.426,73.225,88.561,71.137,75.013,52.02,56.13,66.8,26.37,42.193,45.184,29.286
2407252,Major Sales,RN,3924,12322.74,52.079,58.713,61.044,36.48,76.228,66.542,91.218,0.864,61.849,69.882,45.84,66.606,22.151,34.187,60.297,29.283
1507979,Terra Santa,PA,18782,27863.57,55.14,73.015,59.102,33.303,72.168,78.905,84.112,56.873,64.327,57.989,57.424,56.668,23.431,35.196,45.305,29.281
4202537,Bom Jesus,SC,2777,58107.83,60.054,68.677,67.059,44.427,72.694,62.811,72.323,66.881,75.565,62.861,58.532,71.276,40.747,34.572,73.127,29.263
5211602,Ivolândia,GO,2693,52224,54.386,67.744,56.949,38.465,57.901,64.45,94.927,53.699,85.381,42.139,54.407,45.871,23.089,43.353,58.165,29.256
3503505,Areias,SP,3577,16364.89,59.576,78.567,61.225,38.936,60.881,78.345,91.541,83.503,74.52,63.466,44.48,62.435,16.603,53.184,56.709,29.249
1713601,Monte do Carmo,TO,5694,52414.98,49.207,63.838,51.669,32.113,70.999,57.696,68.412,58.244,68.617,40.462,68.499,29.099,21.73,29.876,47.599,29.248
4122503,Roncador,PR,11251,53549.31,56.612,70.102,63.178,36.558,54.012,73.553,89.206,63.638,75.687,51.714,57.596,67.714,23.961,36.273,56.758,29.238
4313003,Nova Bréscia,RS,3044,46706.09,58.993,75.225,62.273,39.482,72.608,50.513,95.522,82.256,82.099,53.325,51.446,62.223,19.613,51.467,57.611,29.237
4307203,Erval Grande,RS,4930,30828.28,54.891,59.536,66.113,39.025,75.535,56.786,76.444,29.381,72.839,59.467,64.158,67.987,16.895,42.072,67.904,29.228
2202117,Campo Alegre do Fidalgo,PI,4616,11210.14,54.772,68.639,51.796,43.881,68.635,47.569,72.663,85.689,53.336,37.93,49.326,66.59,34.987,47.491,63.818,29.226
2705804,Olho d'Água do Casado,AL,8349,11212.29,55.658,71.121,58.313,37.541,82.644,50.37,84.164,67.307,66.547,50.856,52.072,63.775,15.18,36.842,68.918,29.224
1506138,Redenção,PA,85597,30037.41,50.712,54.282,60.521,37.332,59.898,39.915,87.217,30.099,61.008,71.173,52.901,57.004,21.822,37.132,61.153,29.222
4302378,Bom Progresso,RS,2096,41464.14,56.534,71.667,61.591,36.343,66.013,64.13,83.755,72.769,71.785,65.483,39.82,69.279,18.823,43.844,53.484,29.218
4112702,Jataizinho,PR,11813,24106.73,56.96,77.907,64.734,28.239,65.942,84.778,96.255,64.651,71.914,66.498,54.481,66.043,22.004,39.843,21.9,29.209
4216107,São Domingos,SC,9226,49127.22,62.346,76.423,64.56,46.056,80.319,66.282,91.209,67.88,72.605,59.7,56.774,69.161,20.502,46.781,87.734,29.208
4210407,Maracajá,SC,7815,35192.6,61.745,77.102,63.832,44.302,76.402,67.488,87.117,77.401,74.808,63.828,50.239,66.453,52.391,43.945,51.678,29.196
2913804,Ipecaetá,BA,13709,7726.36,56.772,67.078,55.552,47.687,72.363,55.684,78.414,61.85,47.234,47.93,61.67,65.375,38.01,39.457,84.096,29.186
2211407,Várzea Grande,PI,4417,9348.94,58.63,74.74,59.25,41.901,61.772,67.662,82.971,86.553,70.254,48.24,48.311,70.195,32.136,39.641,66.641,29.186
3127354,Glaucilândia,MG,2928,14149.33,61.613,72.035,66.6,46.204,67.543,44.043,90,86.553,78.241,57.234,63.29,67.636,40.059,57.565,58.009,29.181
3161056,São Félix de Minas,MG,3200,13817.32,56.66,76.359,63.48,30.139,65.326,71.956,93.926,74.229,68.033,59.323,59.316,67.248,34.308,40.659,16.412,29.179
2304301,Farias Brito,CE,18217,11183.2,56.149,64.195,66.914,37.337,64.731,49.149,87.641,55.26,80.154,57.977,60.765,68.759,23.95,42.254,53.966,29.178
4100608,Alto Paraná,PR,13909,31596.37,62.851,73.082,69.362,46.11,57.834,87.732,92.075,54.686,75.779,67.028,62.869,71.771,34.224,40.449,80.598,29.17
3545001,Salesópolis,SP,15202,16681.34,57.571,72.317,65.647,34.751,73.123,64.962,76.216,74.965,76.723,70.668,47.426,67.77,24.621,40.612,44.612,29.158
1304104,Tapauá,AM,19599,12332.04,45.778,61.814,50.099,25.422,67.539,61.356,76.936,41.426,62.552,31.916,55.709,50.22,13.761,17.637,41.142,29.147
2514305,São José de Caiana,PB,5034,11128.32,56.966,67.014,58.924,44.959,74.781,49.234,87.67,56.372,59.424,53.298,57.513,65.46,43.656,22.327,84.708,29.146
4110607,Iporã,PR,15746,38197.18,59.327,72.268,66.276,39.436,67.894,84.386,94.73,42.062,75.498,66.042,57.302,66.264,23.099,40.127,65.371,29.146
3303856,Paty do Alferes,RJ,29619,23291.22,59.059,63.913,69.396,43.868,61.78,54.762,80.251,58.858,71.497,70.191,61.892,74.004,31.667,42.776,71.886,29.145
3124500,Estiva,MG,11502,52711.51,62.08,71.858,67.42,46.961,73.587,64.948,88.16,60.739,79.918,62.011,59.284,68.468,37.876,60.489,60.344,29.137
2414159,Tenente Laurentino Cruz,RN,5891,18344.8,57.345,71.208,63.789,37.038,75.484,73.138,93.497,42.713,64.758,76.934,47.654,65.812,22.241,32.749,64.03,29.13
2304509,Frecheirinha,CE,15657,17751.5,55.206,62.198,66.815,36.603,65.336,63.311,88.818,31.328,84.31,62.058,52.37,68.523,21.802,37.006,58.482,29.123
2304277,Ereré,CE,6474,12554.69,58.597,71.983,60.351,43.456,74.235,67.67,92.073,53.955,76.818,42.184,58.785,63.616,29.731,38.201,76.771,29.121
2407500,Maxaranguape,RN,10255,13250,55.848,66.301,57.134,44.11,75.689,64.772,88.063,36.678,48.712,59.981,53.048,66.793,22.449,33.597,91.274,29.12
4204459,Coronel Martins,SC,2065,27986.35,61.012,74.615,66.307,42.114,72.315,53.616,85.113,87.418,80.692,52.6,66.31,65.629,29.104,23.995,86.241,29.116
2201176,Barra D'Alcântara,PI,3995,9824.14,60.177,71.876,60.916,47.739,61.789,69.009,88.102,68.603,63.808,51.533,60.036,68.286,30.098,44.241,87.507,29.108
4219606,Xavantina,SC,3653,58421.75,58.535,63.157,62.147,50.301,66.834,48.553,87.573,49.667,80.832,47.814,57.275,62.665,32.539,52.682,86.875,29.107
2405504,Jardim de Angicos,RN,2437,26615.54,55.949,70.571,56.22,41.058,78.312,51.782,82.542,69.647,51.675,48.345,57.405,67.456,22.291,27.44,85.392,29.107
3501301,Álvares Machado,SP,27255,26235.85,63.931,80.394,67.077,44.324,69.716,94.412,94.047,63.4,77.853,65.992,51.946,72.517,33.062,44.84,70.293,29.1
3554706,Torrinha,SP,9335,30709.11,65.993,87.837,69.948,40.195,82.302,88.628,98.053,82.365,76.616,74.509,60.941,67.726,28.569,43.829,59.284,29.097
2605152,Dormentes,PE,17188,14418.14,54.987,63.161,63.424,38.375,71.405,34.218,84.303,62.717,81.241,51.394,56.017,65.045,28.965,37.147,58.294,29.096
2933257,Vereda,BA,6003,15557.52,49.559,61.781,49.085,37.811,60.359,65.41,84.043,37.313,60.774,14.576,60.268,60.722,36.42,28.121,57.607,29.095
2705309,Minador do Negrão,AL,4845,15488.93,57.453,68.638,61.574,42.147,76.362,41.235,88.234,68.719,73.05,54.087,52.14,67.019,30.297,24.342,84.856,29.095
3154101,Recreio,MG,11007,11285.75,60.584,78.561,66.819,36.371,53.37,92.009,94.724,74.139,75.611,60.685,61.905,69.076,24.375,44.514,47.5,29.094
2110278,Santo Amaro do Maranhão,MA,13949,6929.28,50.868,53.513,58.765,40.326,64.568,25.217,55.8,68.467,62.505,40.625,65.051,66.88,23.455,23.643,85.113,29.092
1502103,Cametá,PA,134184,10462.23,54.681,65.191,55.253,43.6,69.054,65.354,62.953,63.403,53.32,44.23,61.915,61.546,29.312,36.37,79.63,29.09
2100956,Arame,MA,25517,11462.23,45.212,52.813,46.706,36.116,64.042,43.557,52.133,51.518,48.785,44.052,53.776,40.212,19.557,21.329,74.495,29.083
2111763,Senador La Rocque,MA,14700,12825.46,49.314,57.875,51.886,38.181,67.452,64.422,79.405,20.219,56.074,47.833,55.285,48.352,17.29,21.406,84.944,29.083
3136520,José Gonçalves de Minas,MG,3969,13132.46,57.846,72.216,64.364,36.96,70,52.214,81.827,84.824,75.495,55.392,62.155,64.412,21.225,42.203,55.334,29.077
3204401,Rio Novo do Sul,ES,11069,20919.79,54.831,64.845,64.949,34.699,73.711,63.301,86.826,35.543,71.262,65,52.454,71.08,23.12,45.881,40.721,29.077
2909604,Crisópolis,BA,19729,10524.04,54.505,65.078,59.057,39.381,70.094,48.434,90.554,51.228,62.095,51.187,56.681,66.264,16.229,42.057,70.182,29.056
3204351,Rio Bananal,ES,19274,27473.25,55.907,63.341,66.543,37.837,77.116,50.163,81.297,44.788,77.643,59.96,60.86,67.708,39.295,34.443,48.555,29.055
5203807,Britânia,GO,5695,35039.01,56.57,71.791,61.311,36.609,58.331,75.935,89.512,63.385,75.29,64.593,50.372,54.988,32.989,28.59,55.811,29.048
3101102,Aimorés,MG,25269,25433.04,58.714,74.127,65.867,36.149,62.133,92.029,93.625,48.722,73.207,62.157,55.187,72.916,28.579,40.958,46.013,29.047
4107900,Floresta,PR,10458,26116.12,61.487,84.385,68.743,31.335,70.71,95.904,97.126,73.799,75.825,67.362,58.479,73.305,14.058,44.231,38.007,29.045
2103406,Coelho Neto,MA,41658,11189.72,52.709,59.676,60.228,38.222,62.35,51.99,71.414,52.95,63.421,55.219,52.202,70.071,28.753,30.481,64.614,29.041
4312450,Morro Redondo,RS,6046,22065.8,58.835,69.764,63.445,43.296,76.887,51.747,88.325,62.095,70.917,65.723,50.785,66.356,24.013,54.124,66.008,29.04
5103957,Glória D'Oeste,MT,2905,30941.62,56.193,63.314,54.657,50.609,67.616,67.25,93.935,24.456,69.154,62.054,43.095,44.324,21.56,59.102,92.737,29.039
2205300,Jerumenha,PI,4497,14229.88,53.074,65.713,54.264,39.247,69.022,61.637,71.491,60.701,64.401,45.657,62.068,44.928,11.613,39.799,76.541,29.033
5221304,Três Ranchos,GO,2921,22022.32,61.479,72.939,65.622,45.876,59.627,75.18,94.647,62.303,78.908,64.388,56.697,62.496,26.751,50.731,76.997,29.025
2905404,Cairu,BA,17761,85385.53,56.324,67.448,60.357,41.168,68.051,64.692,88.503,48.546,51.232,67.697,58.807,63.693,23.303,32.724,79.621,29.025
5204904,Campos Belos,GO,18108,17539.02,60.158,76.604,67.484,36.387,66.427,86.047,90.557,63.386,77.554,66.17,59.751,66.462,28.264,34.194,54.069,29.02
2503803,Caldas Brandão,PB,5753,13080.37,57.369,69.605,60.664,41.837,71.342,72.261,89.723,45.096,67.679,64.047,47.901,63.029,25.939,19.256,93.138,29.015
3130903,Inhapim,MG,22692,17968.93,55.546,70.08,65.902,30.655,67.246,58.706,90.977,63.394,75.537,56.773,66.687,64.612,29.429,48.079,16.1,29.012
5213855,Morro Agudo de Goiás,GO,2456,22484.61,61.262,78.951,59.939,44.896,66.175,79.539,96.601,73.489,81.08,43.115,56.014,59.547,32.259,30.145,88.17,29.012
2104404,Gonçalves Dias,MA,17206,8786.68,53.821,63.901,59.643,37.919,64.061,60.447,67.194,63.904,73.292,42.367,58.79,64.122,23.47,29.693,69.502,29.009
3552700,Tabatinga,SP,14769,23218.1,65.302,78.378,68.228,49.301,69.654,89.437,92.931,61.491,80.427,72.79,52.497,67.196,38.211,39.789,90.196,29.008
5203906,Buriti Alegre,GO,10495,44891.03,58.608,70.961,63.798,41.066,59.81,79.435,94.224,50.376,78.445,70.005,47.616,59.124,35.057,39.369,60.83,29.007
3110509,Camanducaia,MG,26097,38226.72,60.823,70.926,67.486,44.058,63.111,71.999,91.467,57.126,67.94,67.186,65.444,69.375,20.452,49.349,77.424,29.006
4314548,Pinto Bandeira,RS,2723,27479.72,59.191,76.89,66.09,34.592,85.979,60.392,74.635,86.553,77.537,57.309,63.866,65.647,20.869,37.938,50.555,29.006
5213905,Mossâmedes,GO,4654,28531.87,62.179,73.717,66.336,46.485,67.474,59.06,97.518,70.817,84.819,58.371,63.612,58.541,39.485,33.263,84.188,29.005
5108402,Várzea Grande,MT,300078,33289.29,62.546,75.591,66.377,45.67,69.216,78.75,95.198,59.2,66.742,73.263,58.592,66.91,49.673,49.101,54.902,29.004
3169802,Turvolândia,MG,4935,28539.15,60.176,80.234,65.072,35.223,67.99,70.978,96.134,85.833,66.35,62.377,62.495,69.064,21.299,42.938,47.652,29.004
2925105,Poções,BA,48293,11962.24,58.067,74.846,63.069,36.287,67.201,76.856,92.536,62.792,64.553,57.672,62.304,67.747,22.641,46.636,46.867,29.003
3117108,Conceição da Aparecida,MG,10371,26629.88,59.574,79.283,65.86,33.58,63.261,73.468,94.603,85.799,75.105,57.706,61.568,69.061,27.269,43.222,34.826,29.001
3548054,Santo Antônio do Aracanguá,SP,8379,34824.28,61.415,75.33,66.744,42.171,65.376,83.944,94.355,57.645,84.068,64.741,54.966,63.202,21.714,37.84,80.134,28.998
2202406,Capitão de Campos,PI,11100,9656.47,56.38,69.245,63.021,36.874,66.685,53.595,74.147,82.551,69.753,55.516,57.177,69.638,17.595,22.719,78.19,28.994
2919405,Licínio de Almeida,BA,11834,13408.05,61.736,70.442,65.052,49.713,72.389,55.553,90.183,63.642,77.989,47.226,66.973,68.02,44.286,40.092,85.481,28.992
3543204,Ribeirão do Sul,SP,4677,48321.76,64.497,80.3,73.649,39.543,73.451,81.993,93.29,72.465,79.826,77.915,65.721,71.136,23.378,42.024,63.78,28.991
3503000,Aramina,SP,5420,27928.79,64.279,79.476,71.175,42.186,72.096,88.612,94.685,62.511,78.986,72.159,68.764,64.791,20.692,50.811,68.248,28.991
5201207,Anhanguera,GO,924,23646.48,61.757,73.529,59.844,51.897,73.602,82.027,98.252,40.236,80.319,73.942,26.863,58.252,21.318,65.243,92.04,28.986
4116208,Morretes,PR,18309,21415.23,62.465,70.793,68.918,47.683,64.007,75.081,88.946,55.139,73.316,69.902,57.603,74.851,46.387,41.733,73.627,28.984
1718709,Rio dos Bois,TO,2738,31612.59,56.205,72.562,55.413,40.641,65.945,79.39,74.818,70.097,62.569,50.851,58.16,50.074,25.103,39.773,68.709,28.976
2313401,Tianguá,CE,81506,21413.62,57.301,61.812,67.563,42.527,75.093,64.166,87.307,20.684,80.023,63.311,54.564,72.356,25.877,46.869,68.388,28.974
3103900,Araújos,MG,9199,51940.39,61.187,76.19,70.858,36.511,76.335,83.578,96.374,48.473,79.954,70.411,65.896,67.173,22.493,59.795,34.786,28.97
4104451,Cantagalo,PR,10933,30953.86,56.931,73.321,58.495,38.978,77.102,79.305,89.634,47.241,76.292,63.098,28.823,65.769,40.089,30.897,55.957,28.97
4213807,Praia Grande,SC,8270,27190.77,57.573,71.131,63.011,38.578,54.513,61.786,94.553,73.674,73.34,66.038,49.153,63.512,29.539,32.953,62.854,28.966
2919801,Macaúbas,BA,41859,10380.64,58.138,72.551,60.265,41.597,66.196,77.362,82.678,63.968,65.836,40.248,65.229,69.745,32.341,44.904,60.178,28.966
2306702,Jaguaretama,CE,17232,13248.52,51.909,57.208,61.567,36.951,71.564,46.167,88.549,22.554,76.745,47.029,52.922,69.571,21.997,36.762,60.089,28.956
2104008,Esperantinópolis,MA,18311,8747.19,53.12,59.982,60.412,38.964,55.566,52.713,66.946,64.704,71.8,47.006,58.19,64.654,22.48,26.685,77.738,28.954
2616100,Verdejante,PE,9169,8891.02,56.733,69.175,59.072,41.951,66.452,67.979,86.504,55.765,71.505,47.197,53.345,64.241,42.21,28.227,68.428,28.938
2202208,Campo Maior,PI,45793,15526.74,58.225,72.141,65.248,37.286,58.062,81.236,86.557,62.711,75.256,63.009,54.05,68.677,42.349,49.305,28.554,28.937
1100155,Ouro Preto do Oeste,RO,35044,28337.66,56.58,65.595,62.344,41.8,68.477,54.29,92.947,46.667,71.87,66.149,60.877,50.481,33.65,44.038,60.591,28.923
3111408,Campo Florido,MG,8466,84585,57.189,76.053,61.992,33.521,74.042,80.544,90.979,58.645,66.187,62.898,59.298,59.584,32.632,29.607,42.927,28.918
3535200,Palmeira d'Oeste,SP,8903,24331.11,63.61,84.532,69.042,37.258,66.517,92.927,97.386,81.298,82.09,68.253,56.018,69.807,24.31,51.083,44.726,28.913
5209705,Hidrolândia,GO,27742,48260.61,57.418,64.266,64.466,43.523,67.006,53.201,94.738,42.119,70.743,58.936,60.859,67.327,45.091,36.571,63.525,28.905
3557303,Estiva Gerbi,SP,11295,34729.96,63.334,82.423,69.676,37.904,75.718,87.06,96.338,70.577,77.715,72.902,57.895,70.192,29.082,43.197,50.434,28.903
2305308,Ibiapina,CE,23965,14649.88,60.405,73.815,65.408,41.994,72.381,59.344,91.755,71.779,76.305,59.202,57.352,68.77,32.884,40.853,65.339,28.9
2106300,Magalhães de Almeida,MA,13807,10285.96,60.2,76.227,59.444,44.929,70.543,86.591,72.205,75.57,63.06,47.166,63.437,64.112,34.617,30.68,85.523,28.895
2202091,Caldeirão Grande do Piauí,PI,5503,35708.35,52.723,57.51,60.285,40.374,76.466,20.017,78.809,54.748,71.768,45.206,62.464,61.7,30.695,29.224,72.683,28.893
3540200,Pontal,SP,37607,39182.7,62.929,80.954,69.239,38.592,73.364,97.619,93.895,58.94,80.997,69.843,53.785,72.333,23.453,45.104,56.921,28.891
2202455,Capitão Gervásio Oliveira,PI,3974,11070.41,54.418,61.396,56.504,45.354,77.279,30.732,69.845,67.729,68.019,48.579,48.896,60.522,34.283,31.155,87.088,28.891
5108204,Torixoréu,MT,4164,51129.43,58.086,77.643,55.647,40.969,59.126,83.109,92.9,75.436,75.688,55.932,45.61,45.356,25.719,24.781,84.487,28.889
5103502,Diamantino,MT,21941,263838.23,55.081,67.992,61.273,35.977,69.968,81.025,95.333,25.643,74.624,67.657,55.738,47.073,34.994,43.444,36.593,28.878
3542206,Rancharia,SP,28588,48689.08,62.292,77.677,66.772,42.426,68.763,90.188,92.26,59.499,81.501,66.403,51.393,67.794,23.522,68.124,49.185,28.874
3304102,Porciúncula,RJ,17288,24235.68,60.772,79.582,68.72,34.014,80.756,75.11,93.453,69.008,75.482,67.984,62.665,68.747,20.08,41.608,45.497,28.871
4315750,Riozinho,RS,4473,35096.29,55.617,63.675,63.286,39.89,75.834,53.205,63.202,62.46,73.952,63.794,54.177,61.221,22.249,32.676,75.769,28.865
1101450,Parecis,RO,4125,37956.04,54.156,67.962,55.256,39.248,80.484,35.099,87.343,68.924,74.515,46.383,66.759,33.367,22.583,26.922,78.624,28.864
5105580,Marcelândia,MT,11396,59626.49,52.538,68.418,49.125,40.071,66.976,72.535,75.931,58.229,58.516,56.198,61.031,20.755,25.077,44.818,61.533,28.858
3548203,Santo Antônio do Pinhal,SP,7133,20960.68,60.098,74.649,68.171,37.474,74.404,59.779,77.861,86.553,81.292,67.763,56.075,67.555,27.198,52.143,41.698,28.856
5204409,Caiapônia,GO,16513,50121.18,60.806,71.143,60.261,51.012,64.464,77.375,88.066,54.668,78.905,57.228,51.169,53.744,36.767,67.085,71.341,28.856
4108205,Formosa do Oeste,PR,7635,48918.37,54.969,65.349,63.388,36.171,59.226,76.588,95.168,30.414,74.691,63.975,49.502,65.385,21.167,51.242,43.42,28.854
4319125,São Martinho da Serra,RS,2860,118374.66,53.965,74.51,50.124,37.261,75.261,72.814,79.674,70.291,62.458,48.579,37.348,52.11,23.872,42.784,53.534,28.853
4124400,Santo Antônio do Sudoeste,PR,23673,27586.69,58.974,76.026,66.569,34.328,66.253,83.429,88.108,66.315,74.889,62.041,55.324,74.022,32.364,50.78,25.323,28.847
5004007,Glória de Dourados,MS,10444,29518.02,63.377,78.1,63.557,48.475,51.326,93.559,93.564,73.949,67.069,66.154,52.322,68.685,17.598,52.909,94.547,28.845
2207801,Paulistana,PI,21055,12807.56,54.215,67.651,57.702,37.292,66.126,61.459,85.336,57.683,64.856,46.385,60.933,58.632,39.363,32.378,48.582,28.843
3527900,Lutécia,SP,2661,38298.22,58.092,69.899,65.324,39.052,56.646,88.854,93.783,40.313,79.514,67.141,54.622,60.02,14.599,52.748,60.02,28.843
3532108,Murutinga do Sul,SP,3737,23727.48,64.111,79.047,70.664,42.623,62.982,75.598,93.148,84.461,82.372,69.181,66.223,64.88,24.412,48.932,68.304,28.843
2929909,Seabra,BA,46160,13655.92,58.174,65.517,62.203,46.803,72.345,47.167,80.835,61.723,66.996,51.896,61.579,68.339,52.463,38.783,67.126,28.84
2501005,Araruna,PB,17189,11972.16,59.143,69.731,61.027,46.673,78.672,45.731,92.23,62.29,62.647,55.891,62.166,63.402,37.974,36.797,83.081,28.84
4120705,Quatiguá,PR,8099,26383.82,66.634,81.584,71.962,46.357,74.845,94.473,95.87,61.148,83.673,71.246,59.405,73.523,34.544,43.592,78.456,28.836
2203859,Floresta do Piauí,PI,2333,10905.44,57.34,72.526,58.111,41.384,69.382,59.965,76.795,83.96,66.524,47.209,52.907,65.803,19.992,32.638,84.075,28.83
1506351,Santa Bárbara do Pará,PA,21087,11489.54,55.654,61.543,62.947,42.471,72.519,68.743,76.482,28.43,64.925,63.264,62.886,60.712,31.774,33.344,75.939,28.826
2301109,Aracati,CE,75113,22887.51,56.456,64.767,66.137,38.466,69.243,53.101,89.142,47.581,78.999,66.803,54.365,64.38,26.632,48.618,49.787,28.825
3149309,Pedro Leopoldo,MG,62580,31211.43,63.783,77.805,70.087,43.456,71.159,80.447,91.469,68.146,76.525,72.188,64.137,67.499,38.495,55.27,51.234,28.823
3126950,Frei Lagonegro,MG,3391,10562.84,59.113,73.848,65.249,38.244,64.775,61.027,82.171,87.418,75.091,50.133,67.549,68.222,24.864,42.469,56.82,28.823
3109709,Cachoeira de Minas,MG,11883,45521.26,62.331,81.197,70.172,35.624,72.621,72.666,93.605,85.895,79.546,66.524,64.222,70.395,26.86,48.879,37.94,28.816
3204708,São Gabriel da Palha,ES,32252,23800.94,58.917,71.768,68.842,36.141,72.639,75.775,90.603,48.055,79.316,66.242,58.769,71.043,20.331,41.144,54.272,28.815
4102505,Barbosa Ferraz,PR,10795,27936.32,58.531,77.664,63.749,34.179,66.604,83.876,92.528,67.648,76.355,60.046,47.65,70.946,26.917,48.959,32.028,28.813
1500107,Abaetetuba,PA,158188,12412.9,51.532,52.848,61.248,40.5,66.443,30.892,65.274,48.784,63.559,54.039,60.467,66.93,41.372,42.051,49.769,28.81
2917359,Jaborandi,BA,9275,145984.87,53.537,70.194,52.415,38.001,62.949,58.561,85.08,74.186,69.827,45.268,61.65,32.916,20.405,39.307,63.484,28.809
4204103,Caxambu do Sul,SC,4614,35832.5,60.08,70.688,61.942,47.611,67.932,63.098,78.404,73.318,73.653,58.569,53.341,62.205,31.508,52.669,77.461,28.804
4304689,Capela de Santana,RS,11159,26952.65,55.321,59.477,60.329,46.155,78.428,39.749,79.488,40.243,54.742,70.283,54.309,61.984,17.752,52.815,85.253,28.8
3506409,Bilac,SP,7319,40266.81,65.718,77.429,73.945,45.781,34.735,92.582,97.575,84.824,83.136,74.077,66.629,71.938,26.947,41.887,85.492,28.796
4108502,General Carneiro,PR,11062,40567,56.121,71.281,60.828,36.255,67.991,74.876,90.419,51.838,70.327,59.666,49.755,63.563,38.425,30.584,47.221,28.791
4106555,Corumbataí do Sul,PR,3760,23493.4,53.551,58.904,63.313,38.435,53.395,79.517,85.547,17.158,77.908,69.5,39.551,66.293,26.917,38.644,59.39,28.79
2913606,Ilhéus,BA,178649,29114.73,54.988,61.235,63.889,39.839,49.837,82.006,86.196,26.901,57.046,73.02,57.179,68.312,27.551,40.643,62.372,28.79
3160009,Santo Antônio do Aventureiro,MG,3769,18152.25,60.323,78.549,66.576,35.842,71.674,75.136,93.136,74.252,74.35,57.605,66.24,68.109,18.005,51.833,44.741,28.79
2601904,Bezerros,PE,61694,15720.4,61.945,72.276,66.839,46.72,71.649,75.588,93.153,48.715,77.994,67.23,51.71,70.424,49.61,40.352,68.132,28.786
4319737,São Valério do Sul,RS,2543,35819.56,55.275,75.211,49.964,40.65,62.501,84.78,69.22,84.343,33.998,49.004,46.335,70.521,13.148,43.126,77.541,28.786
5219001,Sanclerlândia,GO,7918,27676.58,62.119,75.037,67.41,43.91,72.217,73.025,97.125,57.781,82.348,72.582,52.263,62.448,23.633,39.838,83.383,28.785
3128808,Guidoval,MG,7131,17467.64,62.688,81.798,63.922,42.342,73.477,75.492,95.593,82.631,62.766,67.062,53.173,72.689,32.765,40.923,66.897,28.784
3532702,Nipoã,SP,4750,20335.16,61.803,81.718,66.6,37.091,65.592,91.533,95.583,74.162,81.263,70.743,47.433,66.96,27.748,40.017,51.817,28.78
3130101,Igarapé,MG,45847,21252.72,65.706,78.495,71.824,46.799,76.708,83.711,90.119,63.44,71.863,75.43,63.443,76.561,45.48,46.798,66.137,28.779
4114302,Mandirituba,PR,27439,24415.07,60.994,70.877,68.506,43.599,67.769,60.593,87.895,67.251,75.151,71.948,58.374,68.552,34.964,54.827,55.833,28.77
4311700,Machadinho,RS,5735,47918.85,56.463,68.777,62.886,37.725,75.731,66.921,71.047,61.411,68.318,59.815,54.337,69.073,28.639,38.339,55.156,28.766
2404903,Itaú,RN,5320,13970.04,57.496,69.571,60.112,42.807,83.057,67.862,95.154,32.211,57.292,61.523,53.472,68.16,43.106,13.211,86.148,28.762
2700904,Belo Monte,AL,5936,25689.37,56.444,65.572,56.028,47.732,75.762,34.494,80.217,71.815,71.719,30.254,56.027,66.115,41.657,29.488,91.025,28.759
2705705,Olho d'Água das Flores,AL,20695,13228.27,58.316,75.019,59.558,40.371,76.212,78.869,89.542,55.453,57.565,58.807,53.23,68.629,25.499,37.626,69.606,28.751
3534807,Ouro Verde,SP,7779,17479.29,64.326,83.396,67.011,42.571,71.041,95.981,90.168,76.391,80.329,64.286,53.415,70.017,22.79,35.866,82.88,28.747
3152204,Porteirinha,MG,37438,14177.72,58.633,72.863,67.829,35.208,67.721,72.799,90.103,60.827,79.53,68.53,59.675,63.581,24.731,47.792,39.561,28.746
1101757,Vale do Anari,RO,7788,28530.85,51.571,59.544,53.942,41.226,73.266,16.204,90.068,58.637,64.708,52.181,54.321,44.56,23.823,41.797,70.54,28.744
4128302,Uniflor,PR,2136,47105.89,63.255,80.902,69.454,39.408,69.217,75.82,94.614,83.96,77.766,67.883,63.346,68.823,32.692,32.674,63.522,28.743
2210300,São Julião,PI,6025,9953.29,60.652,73.803,63.265,44.889,66.983,84.926,86.518,56.785,68.835,63.443,56.36,64.422,35.222,21.946,93.645,28.742
3137106,Lagamar,MG,6631,36841.72,58.149,80.33,63.118,31,73.417,78.645,96.122,73.135,81.554,58.331,51.294,61.293,17.851,38.426,38.984,28.738
5107578,Rondolândia,MT,3505,32872.18,52.027,67.599,39.828,48.655,74.863,38.056,84.67,72.806,52.068,27.52,58.976,20.748,44.928,44.011,76.959,28.724
3504909,Bananal,SP,9969,21827.16,65.529,85.082,67.576,43.93,80.848,81.564,93.013,84.905,68.335,64.402,70.527,67.038,18.935,48.721,79.339,28.723
2504900,Cruz do Espírito Santo,PB,17095,11265.85,48.233,49.958,57.876,36.867,75.764,45.655,77.548,0.864,58.158,61.636,42.752,68.957,26.625,25.932,66.187,28.722
3205150,Vila Pavão,ES,8911,20419.9,59.041,70.96,67.396,38.767,73.824,49.293,88.465,72.259,77.585,53.03,69.048,69.923,29.627,37.425,59.295,28.722
3148400,Paulistas,MG,4389,15457.2,56.572,68.232,61.567,39.917,58.275,54.897,78.494,81.261,68.898,55.819,64.272,57.278,23.643,26.054,81.249,28.722
2206720,Nazária,PI,10262,9307.07,51.183,57.013,59.079,37.456,62.426,53.307,55.283,57.037,70.31,43.721,54.721,67.566,23.298,33.507,64.299,28.719
2514404,São José de Espinharas,PB,4083,13531.82,58.429,73.467,58.83,42.989,76.307,46.362,88.478,82.723,71.702,45.846,52.411,65.36,25.363,32.807,85.071,28.717
3525805,Júlio Mesquita,SP,4254,13933.37,62.442,81.383,65.121,40.822,68.27,99.201,94.033,64.028,82.208,68.122,40.791,69.362,19.035,54.783,60.755,28.713
2313708,Umari,CE,6871,10180.17,57.482,68.196,62.243,42.008,73.136,47.734,89.084,62.831,72.31,59.056,55.58,62.026,28.289,21.428,89.608,28.707
5107750,Salto do Céu,MT,3679,25825.1,54.005,65.782,54.814,41.418,61.927,63.363,88.096,49.742,70.879,34.97,62.552,50.854,27.889,23.75,85.329,28.705
2701902,Chã Preta,AL,5910,29907.27,55.915,69.764,60.956,37.025,63.01,58.873,85.386,71.786,70.388,53.684,53.625,66.126,24.155,30.254,65.005,28.689
5003751,Eldorado,MS,11386,49323.11,58.906,75.632,61.208,39.878,77.971,86.394,93.341,44.821,62.165,61.984,56.152,64.532,22.673,29.925,78.23,28.682
2410801,Riacho de Santana,RN,4127,10620.71,59.978,69.99,60.953,48.993,76.564,31.416,89.052,82.93,58.877,52.987,64.856,67.091,25.001,51.298,90.998,28.673
2109601,Rosário,MA,38475,11604.31,54.119,61.072,61.32,39.966,54.457,70.999,78.587,40.246,70.344,55.417,59.503,60.016,41.379,28.336,61.48,28.669
2506905,Itabaiana,PB,23182,14591.64,53.888,61.605,60.635,39.424,61.405,65.016,91.387,28.612,68.736,63.012,46.928,63.865,33.049,31.551,64.427,28.668
3165800,Senador José Bento,MG,2068,17289.71,60.429,67.663,67.055,46.569,64.299,47.571,93.728,65.056,76.408,58.667,65.677,67.468,18.636,44.739,94.235,28.666
2706901,Pilar,AL,35370,19254.78,56.866,71.066,60.484,39.047,59.3,80.645,97.792,46.529,67.161,63.314,40.566,70.894,47.308,36.612,43.611,28.658
2206050,Massapê do Piauí,PI,5218,10063.35,55.896,69.152,54.734,43.803,61.277,54.425,84.003,76.903,63.734,40.611,51.915,62.677,34.366,29.892,82.296,28.657
4208104,Itaiópolis,SC,22051,47854.9,60.257,73.898,61.762,45.113,72.813,60.342,88.445,73.991,75.308,52.524,55.47,63.744,39.422,42.477,69.901,28.651
3551207,Sarutaiá,SP,3704,26258.88,64.58,85.695,65.995,42.051,73.353,94.375,91.473,83.578,77.44,69.692,45.161,71.684,28.107,54.174,57.281,28.643
3152006,Pompéu,MG,31047,37965.97,59.099,71.423,63.63,42.245,72.352,80.967,93.566,38.808,70.786,67.685,51.874,64.175,56.973,43.574,39.793,28.64
2915908,Itanagra,BA,5914,13951.63,46.07,53.46,54.751,30,75.774,51.379,71.906,14.782,50.73,57.964,59.595,50.714,21.392,29.988,39.983,28.636
3516408,Franco da Rocha,SP,144849,29887.99,62.486,77.113,70.482,39.862,73.127,89.86,84.564,60.901,80.654,71.31,56.395,73.571,41.738,53.751,35.337,28.623
2210607,São Raimundo Nonato,PI,38934,14648.15,56.649,64.065,63.011,42.871,55.306,56.934,86.941,57.077,70.526,58.883,59.577,63.059,55.183,40.853,46.827,28.622
5107859,São Félix do Araguaia,MT,13621,120018.23,50.708,67.882,42.614,41.627,79.503,74.656,80.737,36.63,55.107,39.423,59.737,16.189,26.063,38.883,72.939,28.622
4311981,Mariana Pimentel,RS,3916,26878.91,52.176,69.589,58.521,28.417,84.104,36.871,82.54,74.841,75.465,57.611,43.322,57.688,13.403,38.533,33.112,28.62
4317558,Santo Antônio do Palma,RS,2091,57709.47,60.131,77.125,67.463,35.806,66.698,86.58,86.673,68.55,78.981,65.495,57.542,67.834,28.271,34.607,51.727,28.617
4313060,Nova Hartz,RS,20088,40401.01,57.214,66.935,67.194,37.512,74.954,30.762,92.701,69.323,71.83,70.733,57.12,69.094,16.211,48.45,56.769,28.617
3133204,Itanhomi,MG,11128,13695.22,54.272,72.333,62.828,27.655,62.535,73.678,95.956,57.164,64.318,55.338,62.164,69.491,34.342,38.235,9.429,28.613
2508208,Lagoa de Dentro,PB,7819,10761.84,52.661,61.343,55.975,40.665,65.527,45.569,93.041,41.234,54.255,52.462,53.821,63.363,30.112,26.29,77.646,28.612
2209872,São João da Fronteira,PI,5522,11113.68,59.277,72.551,60.63,44.651,69.755,59.153,80.168,81.128,71.27,46.392,61.201,63.655,31.526,33.521,84.946,28.611
5107941,Tabaporã,MT,9818,135410.96,50.377,64.063,47.378,39.691,71.843,71.194,93.255,19.961,60.796,53.309,54.992,20.415,20.639,54.49,55.027,28.608
2906873,Capim Grosso,BA,33235,17573.06,55.037,66.186,63.114,35.81,66.03,82.858,90.611,25.243,55.853,70.951,58.599,67.054,30.751,32.868,51.02,28.6
1200104,Brasiléia,AC,26000,26563.12,48.433,58.462,56.07,30.765,59.821,50.736,79.082,44.21,72.1,56.221,52.888,43.073,23.903,32.656,37.903,28.599
1400472,Rorainópolis,RR,32647,22596.32,48.317,54.555,55.813,34.582,61.655,37.736,69.926,48.903,59.21,48.682,64.036,51.326,31.976,30.344,47.413,28.596
3108404,Botelhos,MG,14828,22140.9,63.297,80.214,68.669,41.009,66.841,82.56,94.671,76.785,75.193,71.493,58.923,69.067,24.197,55.168,56.079,28.591
3124807,Estrela do Sul,MG,6840,51826.47,64.473,86.572,69.746,37.101,77.395,85.421,98.062,85.41,80.565,62.331,70.143,65.945,28.611,44.594,46.607,28.591
5207808,Firminópolis,GO,10419,26307.75,57.616,73.231,65.932,33.685,61.357,69.856,88.792,72.92,82.104,59.897,53.446,68.279,18.201,34.376,53.581,28.583
4107652,Fazenda Rio Grande,PR,148873,22412.71,60.567,79.566,69.718,32.418,66.435,93.857,94.844,63.129,75.142,69.009,59.609,75.113,22.816,55.07,23.204,28.579
2100154,Água Doce do Maranhão,MA,12142,8434.71,55.908,74.552,55.187,37.984,80.826,77.444,71.888,68.05,61.998,36.333,56.416,66.003,23.255,28.747,71.364,28.569
4304200,Candelária,RS,28906,37572.02,55.373,66.208,60.271,39.641,64.149,59.997,82.335,58.351,70.506,61.505,41.881,67.194,28.045,38.8,63.158,28.56
4106605,Cruzeiro do Oeste,PR,23831,36326.03,63.832,74.757,69.682,47.056,66.31,88.36,93.874,50.485,82.582,66.45,62.263,67.433,33.608,61.657,64.402,28.556
4313359,Nova Roma do Sul,RS,3466,49203.67,65.033,79.612,68.134,47.355,84.961,60.418,86.514,86.553,81.871,62.647,62.383,65.634,23.069,54.416,83.391,28.543
3145455,Olhos-d'Água,MG,5385,39643.1,55.291,72.755,57.54,35.579,75.949,57.375,79.267,78.429,67.036,41.917,61.282,59.926,30.991,24.912,57.894,28.519
1709302,Guaraí,TO,24775,35795.36,57.442,73.148,65.662,33.515,68.432,78.953,92.721,52.486,75.022,67.56,65.497,54.568,41.549,33.205,30.801,28.505
4127882,Tunas do Paraná,PR,6219,23347.36,56.179,66.482,62.465,39.589,69.154,51.098,85.121,60.553,73.259,57.84,55.136,63.625,22.669,29.931,77.259,28.498
4301925,Barra do Rio Azul,RS,1696,47957.81,56.823,69.902,60.076,40.491,53.885,69.844,71.919,83.96,86.212,48.633,41.549,63.908,10.991,39.105,83.375,28.495
1701051,Angico,TO,2876,16908.35,56.858,72.277,61.269,37.026,69.724,58.181,79.961,81.241,74.282,58.259,56.505,56.031,25.31,26.302,68.005,28.488
2507101,Itapororoca,PB,18382,11312.15,58.715,73.914,61.277,40.953,75.296,61.852,92.358,66.152,65.832,57.077,55.576,66.622,29.22,31.95,74.156,28.487
1505031,Novo Progresso,PA,33638,29093.03,46.97,56.092,46.258,38.56,73.383,57.876,84.957,8.152,57.218,48.649,58.126,21.039,23.673,27.431,74.652,28.484
2502508,Boqueirão,PB,17598,14689.71,59.889,73.662,61.402,44.602,76.442,68.432,86.512,63.261,58.098,57.366,60.634,69.51,24.109,40.369,85.446,28.483
2304608,General Sampaio,CE,6734,13008.29,54.946,62.339,63.266,39.231,72.418,55.485,86.853,34.601,78.43,50.682,52.53,71.424,18.299,37.566,72.582,28.478
1505635,Piçarra,PA,12832,22980.99,50.86,59.898,52.351,40.332,63.165,30.543,72.966,72.917,59.102,38.346,64.83,47.125,29.828,24.728,78.296,28.477
3151701,Poço Fundo,MG,16390,24820.94,57.848,72.399,62.621,38.523,62.803,65.297,86.345,75.152,74.994,55.331,53.307,66.854,29.846,55.039,40.73,28.476
3137809,Lambari,MG,20414,19987.31,63.507,80.579,67.789,42.153,74.339,83.116,95.505,69.354,75.314,64.726,60.484,70.633,16.392,65.073,58.67,28.475
1503044,Floresta do Araguaia,PA,17898,33915.64,49.558,56.376,53.735,38.562,68.406,31.618,71.748,53.733,53.396,48.187,63.387,49.968,29.454,22.268,74.057,28.47
3158409,Santana de Cataguases,MG,3489,14416.02,62.825,81.346,65.497,41.63,69.029,84.764,95.379,76.213,79.408,59.885,54.426,68.269,21.318,65.216,51.534,28.454
5208152,Gameleira de Goiás,GO,3456,91089.24,55.202,71.137,56.764,37.706,75.208,47.23,89.461,72.648,77.867,45.429,45.119,58.642,40.891,23.16,58.323,28.45
2401107,Areia Branca,RN,24093,39131.97,56.564,69.574,60.631,39.486,72.462,74.843,94.699,36.291,67.442,59.234,50.415,65.433,45.132,44.034,40.327,28.45
1721307,Tupiratins,TO,1874,20758.23,56.327,74.183,59.349,35.449,83.187,53.394,77.771,82.381,71.49,56.612,54.083,55.212,21.956,34.859,56.533,28.449
3123304,Dores do Turvo,MG,4987,13502.1,55.265,63.404,59.975,42.416,69.739,52.326,85.998,45.553,79.506,53.866,47.292,59.236,24.27,40.666,76.281,28.447
1100346,Alvorada D'Oeste,RO,13117,27079.53,59.494,71.381,58.238,48.864,64.869,65.124,91.95,63.58,75.678,52.258,56.268,48.748,50.318,41.362,75.333,28.445
5003900,Figueirão,MS,3539,40817.99,54.861,79.359,46.531,38.693,79.422,73.695,91.407,72.913,63.725,29.527,51.088,41.783,17.939,39.72,68.677,28.437
2312809,Senador Sá,CE,7262,8706.17,58.24,72.458,63.256,39.006,76.245,54.573,88.591,70.425,81.265,49.922,55.838,65.998,18.426,34.02,75.157,28.421
4311106,Jaguari,RS,10579,35993.72,60.371,75.491,61.103,44.52,70.715,63.97,81.463,85.814,73.518,54.791,54.367,61.737,23.348,48.396,77.915,28.421
3167301,Silveirânia,MG,2323,15241.75,59.105,79.686,65.972,31.658,66.618,75.807,89.765,86.553,77.617,55.899,63.254,67.119,17.637,43.433,37.143,28.42
3102803,Andrelândia,MG,11927,24655.67,60.565,77.927,65.738,38.031,64.459,83.484,95.773,67.992,70.38,65.268,57.285,70.019,22.051,44.788,56.864,28.419
4317251,Santa Tereza,RS,1505,33364.72,66.092,83.535,72.482,42.26,71.225,86.441,89.921,86.553,86.116,69.647,67.346,66.818,20.448,52.015,68.162,28.415
2707206,Poço das Trincheiras,AL,12518,10106.88,52.371,60.764,54.514,41.836,74.111,28.092,83.823,57.027,57.038,40.547,51.854,68.617,41.4,28.618,68.918,28.409
2407203,Macau,RN,27369,40894.23,57.525,73.812,61.542,37.219,72.694,68.946,95.495,58.113,62.045,65.797,51.854,66.474,24.011,45.804,50.655,28.407
2200707,Anísio de Abreu,PI,9407,10595.01,57.939,72.797,61.513,39.508,70.543,63.75,85.243,71.652,69.433,53.18,58.431,65.006,20.374,24.386,84.87,28.403
2313609,Ubajara,CE,32767,19737.33,58.24,62.221,67.696,44.804,71.392,52.626,89.841,35.025,80.077,62.177,59.561,68.969,34.726,44.337,71.753,28.4
4311429,Lajeado do Bugre,RS,2601,28996.76,62.946,77.907,65.646,45.283,73.095,96.119,73.897,68.519,72.757,53.685,60.785,75.358,31.215,46.376,75.143,28.399
3120839,Cuparaque,MG,3983,18728.24,59.671,74.744,66.716,37.551,73.806,62.083,94.501,68.586,74.142,63.978,57.591,71.155,26.253,36.651,58.909,28.392
3202108,Ecoporanga,ES,21992,18829.12,58.125,70.928,62.889,40.56,67.791,69.48,86.712,59.729,77.193,53.341,59.019,62.001,24.553,37.425,71.876,28.384
3549201,São João das Duas Pontes,SP,2580,20541.11,64.07,85.217,65.695,41.299,65.731,92.228,95.49,87.418,77.556,60.268,58.016,66.94,21.272,53.773,61.767,28.384
4121208,Quitandinha,PR,18398,27877.48,56.258,65.915,66.588,36.273,65.127,57.7,73.415,67.416,81.281,62.096,52.207,70.766,32.479,39.101,45.131,28.381
3505104,Barbosa,SP,5640,19489.65,65.431,86.699,67.971,41.624,75.652,94.277,91.699,85.167,78.93,67.432,54.305,71.218,22.982,38.025,77.107,28.379
2401503,Barcelona,RN,3986,11590.52,54.077,66.073,58.08,38.078,74.538,68.522,84.934,36.297,55.582,54.406,56.809,65.524,24.932,32.609,66.393,28.379
2917706,Jaguarari,BA,32703,36906.46,61.955,71,61.023,53.841,72.402,69.054,86.796,55.749,63.061,55.537,58.196,67.297,67.257,42.168,77.559,28.379
4315305,Quaraí,RS,23500,26822,61.154,78.716,61.768,42.978,68.001,86.193,95.254,65.414,64.53,64.347,54.689,63.508,19.332,52.567,71.646,28.37
3529203,Martinópolis,SP,24881,30563.93,65.543,80.118,68.637,47.874,66.512,94.276,95.406,64.277,78.616,70.141,52.545,73.245,29.91,59.746,73.47,28.369
3172202,Wenceslau Braz,MG,2356,14146.66,57.535,66.877,65.363,40.365,58.924,55.781,84.574,68.231,76.902,66.666,54.956,62.927,20.554,39.931,72.608,28.366
2607901,Jaboatão dos Guararapes,PE,644037,25233.54,59.465,65.16,69.962,43.273,63.968,66.392,82.155,48.124,75.633,69.291,63.006,71.92,50.037,51.187,43.51,28.36
2908804,Contendas do Sincorá,BA,4333,11804.45,57.744,72.653,55.027,45.553,74.779,51.746,92.829,71.259,53.149,50.633,54.234,62.093,42.937,41.494,69.434,28.346
5200506,Aloândia,GO,1973,32535.84,62.202,78.826,64.438,43.343,76.49,73.894,96.175,68.747,81.969,69.034,43.389,63.361,26.513,46.758,71.763,28.337
3519600,Ibitinga,SP,60033,32974.68,67.247,81.419,71.105,49.218,69.388,95.007,95.745,65.537,81.544,76.126,50.877,75.875,27.749,57.876,82.912,28.334
3112059,Cantagalo,MG,3974,14387.36,60.15,75.356,61.968,43.128,68.773,58.543,87.554,86.553,65.676,55.555,59.318,67.321,32.133,35.081,76.963,28.334
3200805,Baixo Guandu,ES,30674,30483.19,60.199,73.526,66.933,40.136,67.573,92.482,90.398,43.651,78.043,63.712,54.341,71.636,45.624,42.167,44.425,28.33
2916401,Itapetinga,BA,65897,22425.48,58.502,73.122,61.016,41.367,62.403,90.735,97.601,41.747,58.142,64.779,51.15,69.994,20.319,47.587,69.243,28.32
4113254,Laranjal,PR,5600,20330.91,51.141,58.172,57.651,37.6,71.172,48.514,82.239,30.763,68.929,52.842,44.157,64.677,42.362,27.686,52.038,28.315
3556958,Vitória Brasil,SP,1794,25367.23,62.8,81.809,66.407,40.183,54.314,92.82,96.142,83.96,81.643,64.858,52.199,66.928,34.869,34.668,62.88,28.315
2615706,Triunfo,PE,14705,10779.1,60.005,72.111,66.941,40.964,75.508,45.392,91.801,75.743,81.174,57.853,60.622,68.116,30.614,48.916,56.013,28.313
3510203,Capão Bonito,SP,46337,27588.35,63.278,80.751,68.472,40.613,72.428,90.036,91.842,68.697,82.299,66.244,53.915,71.43,24.976,42.295,66.868,28.312
3104908,Baependi,MG,18366,20898.6,60.591,77.002,66.83,37.94,64.161,76.487,91.951,75.408,74.848,58.564,63.217,70.692,31.494,46.834,45.131,28.303
2800605,Barra dos Coqueiros,SE,41511,62644.54,59.512,71.39,65.434,41.714,69.306,80.634,92.819,42.801,61.578,70.822,59.301,70.034,33.861,51.754,52.942,28.298
4302055,Benjamin Constant do Sul,RS,2082,23858.3,55.278,69.175,54.681,41.978,69.233,74.669,65.887,66.912,64.366,48.015,41.616,64.728,16.471,49.004,74.141,28.297
4318309,São Gabriel,RS,58487,46900.38,57.981,75.078,58.849,40.017,67.842,82.402,82.14,67.927,59.051,65.298,51.928,59.119,29.318,52.93,49.527,28.294
2508901,Mamanguape,PB,44599,18181.65,57.289,65.986,62.684,43.197,63.729,58.163,91.037,51.013,59.041,68.943,51.799,70.955,42.348,37.271,64.879,28.292
3133501,Itapecerica,MG,21046,30114.42,62.8,76.018,69.282,43.1,58.872,81.662,95.856,67.683,76.835,69.308,63.632,67.354,33.783,54.82,55.512,28.285
2700201,Anadia,AL,13966,18064.25,55.435,67.427,60.745,38.134,70.673,41.487,89.075,68.47,68.328,57.712,46.452,70.489,25.982,33.134,65.138,28.283
2313005,Solonópole,CE,18179,16804.99,58.109,70.433,63.217,40.678,74.992,71.031,89.375,46.335,81.928,53.815,51.025,66.098,22.877,37.612,73.94,28.283
3117801,Conceição dos Ouros,MG,10880,20842.87,59.214,80.028,66.916,30.697,73.214,83.733,93.334,69.832,70.191,67.077,59.137,71.261,21.969,53.91,18.629,28.282
2703502,Jacuípe,AL,5352,36609.48,56.456,62.336,59.621,47.41,76.372,51.618,91.869,29.486,71.241,54.181,48.288,64.773,28.644,37.614,95.102,28.28
3528700,Marabá Paulista,SP,4573,34584.99,57.786,70.466,68.28,34.613,71.384,54.138,77.51,78.831,84.33,64.058,62.947,61.786,19.656,37.597,52.929,28.272
2414308,Timbaúba dos Batistas,RN,2348,18712.27,60.695,71.546,64.245,46.294,75.539,75.37,97.116,38.16,62.213,65.392,63.633,65.739,35.94,47.17,73.798,28.267
4320578,Sete de Setembro,RS,1830,58154.24,61.942,77.122,62.434,46.271,65.053,90.757,68.717,83.96,75.971,56.5,53.213,64.051,31.272,63.345,62.205,28.262
2405405,Japi,RN,5117,10147.41,53.923,62.351,59.62,39.799,68.426,72.402,90.639,17.937,55.036,56.038,58.762,68.643,25.428,30.212,75.297,28.259
2706208,Palestina,AL,4325,10692.75,61.094,78.001,61.446,43.834,74.382,60.635,92.164,84.824,69.631,59.834,49.837,66.482,43.885,35.22,67.971,28.259
3512605,Coronel Macedo,SP,4280,33221.6,61.599,81.512,64.775,38.511,65.098,86.703,97.671,76.575,79.531,67.532,40.009,72.029,24.611,35.687,65.489,28.258
3126208,Formoso,MG,7949,39906.39,56.707,67.933,63.451,38.735,78.617,54.643,80.605,57.867,78.822,47.148,68.636,59.2,31.06,35.932,59.696,28.253
4315073,Porto Vera Cruz,RS,1560,29192.97,58.31,81.9,59.519,33.51,60.968,86.402,95.405,84.824,74.871,48.473,45.217,69.517,26.646,42.741,36.407,28.246
2708600,São Miguel dos Campos,AL,51990,26600.41,58.854,72.181,62.557,41.823,59.756,89.896,94.557,44.513,67.56,67.604,46.687,68.378,27.186,31.862,80,28.243
2103000,Caxias,MA,156973,13558.8,53.276,62.509,61.952,35.368,64.851,76.583,71.569,37.034,67.281,58.75,55.545,66.231,21.744,42.829,48.658,28.241
2205805,Luzilândia,PI,25375,9575.64,57.917,65.026,60.276,48.448,58.272,61.87,74.662,65.299,66.284,52.748,53.826,68.247,44.639,28.688,92.223,28.241
4114005,Mamborê,PR,13452,59396.85,63.738,79.26,64.939,47.014,78.089,88.048,93.145,57.758,77.078,59.085,51.815,71.779,35.226,61.874,62.721,28.234
1504976,Nova Ipixuna,PA,13955,13902.62,45.833,58.373,51.592,27.533,76.025,42.707,77.877,36.885,48.414,50.634,62.089,45.231,21.133,16.978,43.794,28.226
2104800,Grajaú,MA,73872,15678.89,54.779,62.678,59.147,42.514,53.516,64.662,74.97,57.563,66.387,55.424,58.325,56.45,40.709,30.421,70.703,28.223
5108501,Vera,MT,12800,101669.31,56.701,71.98,54.702,43.421,76.024,65.272,91.184,55.439,53.85,61.23,60.381,43.345,35.036,31.998,78.43,28.22
4205605,Galvão,SC,3210,31365,52.252,59.872,60.867,36.018,67.741,80.914,87.689,3.145,77.897,67.974,28.088,69.509,44.798,30.245,40.815,28.213
1715754,Palmeirópolis,TO,6975,24567.72,58.719,70.408,63.783,41.964,70.083,71.582,91.673,48.295,79.122,64.396,52.016,59.599,32.054,44.68,62.912,28.212
3131000,Inhaúma,MG,6239,23537.95,57.47,78.559,63.566,30.284,66.22,88.879,89.12,70.018,71.853,62.44,53.938,66.031,20.464,34.51,37.951,28.209
2105401,Itapecuru Mirim,MA,60440,12881.91,52.743,56.09,59.129,43.011,67.269,44.132,69.698,43.261,61.694,53.959,57.242,63.621,35.28,28.554,79.999,28.209
5215702,Palmeiras de Goiás,GO,31858,55988.97,62.097,76.573,66.654,43.063,74.714,80.961,93.957,56.659,81.227,64.582,57.075,63.733,27.707,42.874,73.465,28.206
4107009,Curiúva,PR,13647,20375.77,58.859,72.548,61.731,42.299,69.366,69.637,90.782,60.409,77.223,56.53,44.75,68.42,26.194,33.112,81.689,28.201
4117800,Palmital,PR,13033,25571.8,56.209,71.819,60.454,36.355,66.585,75.049,83.371,62.271,75.717,53.689,49.519,62.892,27.197,29.02,61.005,28.198
2209971,São João do Arraial,PI,8186,8396.42,54.489,66.555,60.709,36.202,56.019,77.061,64.291,68.85,68.563,55.166,47.18,71.925,26.389,21.007,69.228,28.187
2926608,Ribeira do Pombal,BA,54010,13364.23,54.57,65.606,58.095,40.009,70.818,68.874,88.899,33.834,59.927,57.587,52.627,62.239,25.005,38.895,67.96,28.178
4105102,Centenário do Sul,PR,10832,40771.56,55.375,77.521,64.147,24.458,65.74,77.212,95.95,71.183,73.461,66.816,44.324,71.985,24.219,38.273,7.18,28.161
3302452,Macuco,RJ,5415,39971.11,64.522,79.761,66.825,46.98,51.611,88.536,94.652,84.245,75.861,79.753,40.743,70.941,39.027,42.413,78.321,28.16
5217609,Planaltina,GO,105031,13935.01,58.814,74.615,65.231,36.597,69.565,85.28,90.175,53.44,72.913,67.091,58.967,61.955,24.793,40.355,53.083,28.156
5212303,Leopoldo de Bulhões,GO,8745,39533.04,56.199,70.21,63.448,34.939,75.081,71.076,86.665,48.017,71.951,57.953,59.898,63.991,30.119,33.557,47.923,28.155
2309102,Mulungu,CE,10569,11799.11,51.629,52.437,61.211,41.24,81.258,42.607,84.152,1.729,78.239,54.148,42.786,69.671,22.839,34.106,79.862,28.151
3140704,Mateus Leme,MG,37841,28739.53,56.619,72.184,67.861,29.812,59.441,67.957,91.101,70.236,71.476,70.135,60.573,69.26,19.03,40.436,31.633,28.149
4305173,Cerro Grande do Sul,RS,9178,22299.66,50.565,53.605,58.975,39.116,75.817,27.223,68.174,43.207,67.431,53.805,51.359,63.306,28.746,39.953,59.621,28.143
4214706,Rio dos Cedros,SC,10865,44031.57,58.438,70.336,64.754,40.223,77.4,62.787,78.635,62.521,74.514,60.021,54.393,70.089,26.406,39.212,67.133,28.142
4125407,São José da Boa Vista,PR,6040,38324.26,59.83,76.563,64.052,38.876,64.464,77.849,94.124,69.813,80.619,56.946,55.543,63.1,23.871,43.154,60.341,28.138
4214508,Rio do Campo,SC,6452,33241.37,57.167,77.232,59.221,35.047,59.084,67.167,97.852,84.824,77.957,47.814,47.862,63.253,18.838,38.791,54.428,28.131
1302009,Itapiranga,AM,10162,15117.33,56.891,67.998,65.45,37.226,71.679,61.354,75.968,62.992,66.894,63.08,66.153,65.672,28.413,29.319,63.04,28.131
2203420,Domingos Mourão,PI,4075,11502.25,56.857,70.257,61.579,38.735,78.635,41.812,76.621,83.96,79.416,35.203,65.424,66.275,16.097,30.433,80.284,28.128
4119400,Piraí do Sul,PR,23651,50756.28,61.81,72.605,65.076,47.748,73.759,75.969,89.854,50.838,80.215,61.397,50.529,68.164,31.418,56.756,74.703,28.115
4206207,Gravatal,SC,12435,31367.74,63.378,79.02,66.299,44.814,73.7,76.101,88.507,77.773,72.906,67.138,58.922,66.229,40.513,41.072,69.56,28.113
4305587,Colinas,RS,2423,36254.9,60.533,84.915,61.678,35.005,77.224,83.366,95.111,83.96,71.435,56.683,52.592,66.003,25.277,51.849,34.784,28.111
1716653,Pequizeiro,TO,4921,22026.32,49.588,56.94,53.179,38.647,75.963,43.169,81.924,26.702,69.811,48.922,48.798,45.184,21.268,34.455,70.76,28.104
2408706,Paraú,RN,3579,15552.22,58.303,73.378,59.797,41.736,77.687,75.746,89.768,50.31,41.324,67.098,61.259,69.506,27.966,14.403,96.478,28.096
3536604,Paulo de Faria,SP,7400,36708.6,64.337,87.574,65.499,39.938,76.891,92.47,97.167,83.768,83.325,63.866,49.003,65.802,30.789,53.728,47.146,28.09
4312302,Miraguaí,RS,4427,43319.36,60.231,75.123,64.063,41.507,75.994,54.37,90.602,79.526,64.001,69.483,51.981,70.785,25.141,44.897,67.905,28.086
2307106,Jardim,CE,27411,10809.58,57.984,71.204,64.241,38.507,71.587,68.004,86.078,59.146,74.782,54.587,60.809,66.784,19.994,36.593,69.36,28.081
3115102,Cássia,MG,17155,25626.4,63.108,79.661,66.513,43.149,63.977,82.708,95.383,76.578,73.268,65.95,55.643,71.19,37.766,57.543,49.217,28.07
4304663,Capão do Leão,RS,26487,31568,61.122,76.743,56.886,49.738,73.587,80.997,86.431,65.956,51.5,69.129,47.4,59.513,36.337,66.903,67.644,28.069
2202083,Cajueiro da Praia,PI,7957,14605.79,48.086,45.627,58.65,39.98,74.786,15.076,81.903,10.745,65.691,54.021,50.797,64.093,16.924,32.095,82.835,28.068
2101905,Bequimão,MA,19584,7105.21,52.182,54.081,62.278,40.187,60.856,56.998,44.907,53.563,67.869,51.605,65.937,63.701,25.5,27.156,80.024,28.067
3520608,Indiana,SP,5090,17210.78,64.624,84.461,68.9,40.511,74.867,97.38,94.204,71.392,77.513,71.987,55.25,70.852,17.587,42.399,73.995,28.065
2515302,Sapé,PB,51306,13267.67,57.456,71.262,59.034,42.071,67.183,60.193,90.974,66.698,60.739,59.647,49.654,66.096,22.203,37.564,80.456,28.062
4213401,Ponte Serrada,SC,10649,27528.93,54.617,71.944,62.429,29.48,62.744,68.692,76.052,80.289,68.95,65.793,47.501,67.471,22.726,38.411,28.724,28.057
5003488,Dois Irmãos do Buriti,MS,11100,30142.68,50.554,67.508,54.45,29.706,69.054,53.54,78.675,68.764,66.14,46.827,52.464,52.367,22.817,28.369,39.579,28.057
5219605,Santa Tereza de Goiás,GO,3293,26784.76,57.36,68.25,62.731,41.099,59.705,77.503,94.271,41.521,77.828,61.441,60.285,51.37,24.18,45.39,66.775,28.052
2413003,São Vicente,RN,6310,12279.48,59.558,82.189,58.943,37.541,79.213,86.042,91.785,71.716,56.983,56.221,61.57,60.998,24.102,46.568,51.456,28.038
3126000,Florestal,MG,8045,17880.86,64.019,81.659,72.187,38.209,69.825,84.049,97.278,75.486,79.735,72.833,69.982,66.2,19.562,50.103,55.137,28.034
2701100,Branquinha,AL,9603,81336.09,52.43,62.418,57.375,37.496,60.59,63.34,87.062,38.682,71.778,52.209,40.437,65.073,28.188,30.629,63.132,28.034
2505352,Damião,PB,4982,10165.2,54.975,60.286,63.759,40.88,69.534,12.249,89.671,69.69,68.221,59.782,61.741,65.293,28.676,37.834,68.978,28.032
4315958,Rolador,RS,2291,71188.98,63.246,84.449,60.122,45.168,78.44,88.018,84.783,86.553,72.984,51.176,50.17,66.157,17.878,48.208,86.559,28.027
3544707,Sagres,SP,2474,22299.44,65.647,83.99,66.544,46.406,70.304,89.671,93.456,82.528,82.018,65.149,46.742,72.269,15.891,49.801,91.904,28.027
3104809,Augusto de Lima,MG,4538,19764.43,56.762,69.188,61.504,39.594,73.708,54.562,91.989,56.495,72.832,61.561,61.743,49.881,21.982,48.756,59.625,28.013
1500800,Ananindeua,PA,478778,18808.49,54.5,60.559,67.028,35.914,68.564,44.891,89.377,39.403,67.642,71.801,61.206,67.465,31.216,46.352,38.075,28.012
3303005,Miracema,RJ,26881,24814.03,62.608,75.732,67.65,44.441,68.347,84.364,95.026,55.189,79.406,66.01,55.816,69.369,21.882,49.953,77.92,28.01
3142601,Monsenhor Paulo,MG,8340,27556.78,62.798,80.843,70.171,37.38,65.508,82.215,93.782,81.866,79.558,70.663,61.166,69.297,34.945,46.654,39.912,28.008
3157500,Santa Efigênia de Minas,MG,4039,12723.8,55.632,70.046,64.326,32.524,66.747,61.216,89.253,62.967,70.915,58.683,58.865,68.839,31.941,32.41,37.745,28.002
1100031,Cabixi,RO,5351,44879.91,51.365,55.097,54.276,44.721,59.156,42.275,88.329,30.629,77.253,48.552,51.647,39.65,31.501,44.717,74.671,27.995
3168002,Taiobeiras,MG,33050,16989.05,60.476,76.458,66.543,38.427,73.405,70.52,91.822,70.087,77.364,65.672,61.493,61.643,30.676,48.725,46.314,27.995
3507407,Borborema,SP,14226,36690.9,60.796,80.355,69.517,32.516,68.457,90.727,94.029,68.207,83.833,72.304,50.122,71.81,31.44,56.221,14.412,27.991
2103208,Chapadinha,MA,81386,11071.18,52.23,53.552,62.288,40.848,59.059,40.421,68.231,46.498,70.608,54.139,59.19,65.216,41.265,27.228,66.919,27.982
2516300,Sumé,PB,17166,11787.45,55.617,72.073,62.099,32.68,59.356,77.874,95.062,56.001,71.111,60.425,49.293,67.566,29.329,37.786,35.625,27.981
3156205,Rochedo de Minas,MG,2291,50446.78,61.674,85.333,65.026,34.661,76.57,96.316,96.051,72.395,70.866,68.011,52.733,68.494,19.983,44.186,46.497,27.98
4317608,Santo Antônio da Patrulha,RS,42947,39415.2,63.265,77.205,68.275,44.314,74.816,68.539,95.105,70.359,68.638,72.594,63.206,68.662,27.8,56.554,64.922,27.978
4112504,Jardim Alegre,PR,12004,31394.04,64.029,75.424,67.749,48.913,63.14,71.983,92.294,74.28,79.24,62.53,55.488,73.74,31.082,51.56,85.031,27.977
5104104,Guarantã do Norte,MT,31024,35690.41,55.962,73.293,58.476,36.118,76.323,65.797,93.897,57.154,67.626,67.291,58.048,40.938,30.536,43.271,42.69,27.975
3526605,Lavrinhas,SP,7171,18726.85,64.509,77.981,71.798,43.749,65.842,93.759,92.977,59.346,79.219,72.609,62.824,72.541,23.933,49.897,73.192,27.975
4319711,São Valentim do Sul,RS,2207,43621.52,64.981,70.416,70.895,53.631,57.653,93.217,83.925,46.871,82.016,70.783,66.375,64.407,32.726,68.741,85.087,27.971
5106257,Nova Xavantina,MT,24345,42752.96,56.744,71.889,57.223,41.12,71.471,74.341,90.221,51.522,62.793,55.856,59.246,50.997,26.822,49.138,60.552,27.969
1505304,Oriximiná,PA,68294,33607.76,51.52,67.646,57.767,29.146,66.371,69.963,72.271,61.979,59.218,54.066,64.31,53.473,23.968,31.755,32.897,27.966
3509908,Cananéia,SP,12289,21673.06,63.236,78.622,68.852,42.233,58.2,84.805,88.112,83.372,73.63,67.588,59.034,75.158,60.86,46.393,33.715,27.964
3162609,São João do Oriente,MG,7070,14514.95,60.326,78.577,64.556,37.844,67.394,81.13,92.912,72.872,77.166,59.853,53.853,67.351,34.367,45.795,43.256,27.959
5107354,São José do Xingu,MT,5964,157866.74,51.706,74.268,41.619,39.232,66.86,79.905,84.567,65.74,55.208,28.031,64.055,19.182,43.372,23.988,61.611,27.959
3554409,Terra Roxa,SP,7904,22294.03,65.068,78.903,70.553,45.747,77.257,86.509,97.598,54.245,81.73,68.182,63.084,69.218,14.643,48.477,91.918,27.951
2310407,Paramoti,CE,10384,10758.63,53.343,59.913,57.796,42.318,78.496,49.609,83.403,28.145,70.775,41.21,50.582,68.619,28.513,31.926,80.883,27.95
3111507,Campos Altos,MG,12979,33704.93,57.65,79.201,66.665,27.085,67.961,87.428,98.455,62.963,67.835,70.875,58.627,69.321,20.369,33.282,26.747,27.941
2202653,Caxingó,PI,5496,9739.43,55.729,68.771,56.728,41.688,57.669,71.302,69.997,76.114,56.425,47.246,59.228,64.015,15.903,30.97,91.939,27.941
4118857,Perobal,PR,7189,39499.08,60.324,76.904,63.937,40.13,66.215,90.439,97.713,53.249,70.428,62.586,58.115,64.618,18.264,41.421,72.899,27.936
1508084,Tucumã,PA,39550,25072.3,52.584,59.313,58.275,40.165,58.647,71.535,89.507,17.563,58.804,65.48,64.653,44.161,29.352,35.694,67.68,27.933
3501103,Alto Alegre,SP,3841,29787.6,61.228,78.42,63.698,41.565,49.745,88.911,88.471,86.553,78.532,66.402,44.98,64.879,19.26,49.87,69.196,27.932
3100104,Abadia dos Dourados,MG,6272,28390.38,59.719,73.573,66.708,38.876,72.967,70.633,94.64,56.054,83.24,63.252,56.92,63.421,28.015,42.72,56.842,27.926
3153400,Presidente Olegário,MG,18765,39266.13,60.007,76.22,66.608,37.195,66.184,80.93,95.092,62.672,77.806,60.335,63.483,64.808,19.713,36.707,64.434,27.925
3103405,Araçuaí,MG,34297,15272.91,59.555,70.207,64.466,43.993,70.909,67.316,84.607,57.996,74.403,57.359,62.368,63.734,36.885,49.008,62.154,27.924
3509106,Caiuá,SP,5466,17738.32,59.192,74.909,65.459,37.208,75.261,71.278,73.696,79.401,80.444,53.778,60.33,67.286,20.259,33.282,67.385,27.905
3533106,Nova Guataporanga,SP,2156,17181.57,65.903,80.392,69.771,47.544,64.812,93.284,97.572,65.901,84.393,70.632,56.59,67.471,40.743,54.7,66.835,27.898
2102804,Carolina,MA,24062,22017.26,55.195,62.325,58.259,45,51.633,60.921,74.022,62.725,67.06,55.38,57.257,53.337,42.333,36.988,72.782,27.898
4308409,Formigueiro,RS,6413,47561.12,55.921,73.045,54.178,40.541,77.385,50.603,79.369,84.824,46.617,53.362,62.18,54.551,24.004,44.821,65.45,27.89
3147808,Passa Vinte,MG,2233,18985.33,55.765,74.593,60.318,32.384,72.123,64.176,86.308,75.764,70.818,51.759,54.003,64.692,27.245,37.759,36.644,27.887
4316402,Rosário do Sul,RS,36630,38003.2,59.887,73.946,59.37,46.346,68.805,86,90.829,50.149,58.457,67.644,52.429,58.951,53.308,39.383,64.806,27.886
3158805,Santana do Jacaré,MG,4214,25336.2,62.443,83.269,65.057,39.002,62.266,90.004,93.387,87.418,79.557,55.49,54.63,70.553,29.063,25.834,73.228,27.884
3127305,Galiléia,MG,6222,18412.77,54.287,68.141,60.822,33.9,65.599,81.392,97.312,28.259,67.191,64.412,48.61,63.073,38.509,48.626,20.588,27.877
5204003,Cabeceiras,GO,7560,63414.46,58.689,70.332,65.515,40.219,66.334,64.784,93.838,56.373,81.345,62.727,58.497,59.49,36.807,30.98,65.215,27.873
3143005,Monte Belo,MG,13046,28250.88,58.271,76.699,65.088,33.025,72.799,72.368,93.202,68.428,71.251,71.071,50.394,67.636,19.63,39.042,45.559,27.869
3119005,Cordislândia,MG,3200,35812.66,61.735,83.926,65.672,35.608,66.029,86.849,96.273,86.553,72.044,64.312,54.551,71.779,22.946,43.014,48.603,27.867
2932457,Umburanas,BA,13642,19416.55,51.403,63.168,51.839,39.203,72.158,43.968,88.456,48.089,49.703,37.333,55.43,64.89,23.912,17.508,87.531,27.863
3107307,Bocaiúva,MG,48032,25695.96,60.86,74.371,66.851,41.359,67.136,79.772,90.35,60.227,74.322,61.861,61.695,69.525,43.491,50.933,43.154,27.858
2402501,Carnaubais,RN,9714,21874.61,55.275,64.212,56.846,44.767,68.453,59.374,86.888,42.131,48.552,63.607,51.596,63.628,28.292,30.743,92.185,27.85
3111309,Campo do Meio,MG,11377,20464.03,57.049,75.899,64.949,30.299,72.498,82.532,89.593,58.973,71.182,64.243,58.152,66.221,20.379,35.007,37.959,27.85
4103479,Cafezal do Sul,PR,4473,33553.02,57.428,78.323,60.903,33.057,78.261,81.549,90.798,62.685,71.583,57.878,50.076,64.073,24.961,41.802,37.622,27.844
2902005,Aracatu,BA,13936,10534.08,51.833,62.252,56.566,36.68,70.762,35.157,81.758,61.332,66.069,38.24,57.624,64.332,29.512,26.887,62.477,27.844
2509701,Monteiro,PB,32277,19828.93,56.821,72.771,62.749,34.943,68.277,69.626,93.609,59.572,77.773,59.011,45.524,68.689,23.24,40.575,48.128,27.829
4215505,Santa Cecília,SC,15546,42893.64,55.148,67.214,63.261,34.97,62.824,83.999,63.787,58.244,70.131,63.148,52.99,66.775,24.817,33.779,53.457,27.828
2206902,Novo Oriente do Piauí,PI,6097,9610.74,55.805,74.704,58.171,34.54,55.296,72.287,86.829,84.406,65.417,48.467,53.601,65.199,25.504,27.568,57.26,27.827
5006358,Paranhos,MS,12921,22962.48,46.494,61.504,53.616,24.362,68.122,60.087,67.334,50.475,63.31,39.59,52.632,58.934,19.891,22.288,27.453,27.814
3164472,São Sebastião do Anta,MG,6194,16952.21,55.14,74.819,62.789,27.811,71.027,74.1,96.523,57.626,72.177,59.65,50.768,68.561,37.502,31.599,14.331,27.811
2314003,Várzea Alegre,CE,38984,12095.17,58.942,69.373,66.059,41.393,64.428,55.134,91.536,66.394,79.997,64.513,53.936,65.789,42.02,41.865,53.888,27.8
3111002,Campestre,MG,20696,23673.3,54.151,72.53,65.925,23.997,65.471,68.316,88.841,67.492,70.056,65.87,59.94,67.833,23.638,40.563,3.988,27.8
2931905,Tucano,BA,48736,11263.63,57.093,70.991,57.78,42.507,73.993,59.794,87.052,63.123,54.943,52.908,55.979,67.29,27.981,40.512,73.74,27.797
2408904,Parelhas,RN,21499,17285.46,58.705,79.023,63.158,33.934,78.244,82.945,96.291,58.611,67.053,65.977,52.311,67.292,25.648,49.089,33.202,27.796
5200803,Alvorada do Norte,GO,8446,20156.5,55.699,65.102,63.927,38.067,58.683,79.78,91.695,30.249,78.174,63.906,54.215,59.412,37.405,33.061,54.012,27.792
3547007,Santa Maria da Serra,SP,5243,29399.4,62.389,86.703,67.331,33.134,84.474,88.506,95.6,78.232,77.872,75.439,44.228,71.786,19.259,37.116,48.37,27.79
2401453,Baraúna,RN,26913,27936.34,54.248,68.751,56.645,37.348,78.392,58.652,88.78,49.18,43.725,62.446,54.445,65.965,18.605,32.575,70.424,27.789
3549508,São José da Bela Vista,SP,7626,30580.52,64.695,84.219,63.001,46.867,76.265,91.447,98.481,70.682,65.83,65.314,51.616,69.242,19.929,46.373,93.376,27.789
1702554,Augustinópolis,TO,17484,17578.66,52.092,60.389,60.922,34.965,66.884,78.376,86.04,10.257,70.684,60.854,50.2,61.95,30.698,33.15,48.225,27.788
1716208,Paranã,TO,10542,30136.54,43.962,55.849,45.08,30.955,63.44,50.1,59.878,49.978,70.848,18.431,55.442,35.6,13.896,30.095,52.043,27.787
3519105,Iacanga,SP,10437,63506.13,65.72,82.388,68.107,46.665,76.725,84.198,95.704,72.927,78.38,68.181,52.288,73.581,30.164,51.908,76.811,27.776
5006408,Pedro Gomes,MS,6941,40564.54,56.28,74.501,60.122,34.216,75.663,73.988,92.705,55.65,70.034,65.875,53.506,51.071,46.737,28.174,34.179,27.773
2600708,Aliança,PE,35741,11648.56,57.641,65.076,63.963,43.883,71.402,66.37,87.965,34.568,71.105,59.185,57.275,68.288,37.429,35.253,75.08,27.77
4119806,Planalto,PR,14374,29807.64,58.342,68.587,62.692,43.748,62.088,68.581,90.296,53.385,79.443,53.92,46.789,70.616,32.822,45.628,68.773,27.768
2206696,Murici dos Portelas,PI,9797,7701.93,51.396,65.572,56.857,31.758,65.041,62.54,66.908,67.8,57.133,38.995,65.194,66.107,14.042,15.082,70.143,27.765
1101005,Governador Jorge Teixeira,RO,8001,30130.87,49.882,55.689,50.756,43.203,75.382,11.532,81.979,53.862,71.563,45.464,54.554,31.442,38.431,33.008,73.608,27.763
1703891,Carrasco Bonito,TO,3318,15349.64,53.299,71.324,53.328,35.244,66.493,86.142,82.035,50.626,72.685,54.235,41.411,44.983,25.114,21.766,66.339,27.758
4316956,Santa Maria do Herval,RS,6340,44392.38,60.78,71.72,64.83,45.79,83.774,50.194,88.831,64.083,74.135,66.545,53.015,65.625,17.132,51.458,86.816,27.756
3553104,Taiaçu,SP,5677,19501.38,58.91,79.679,63.547,33.504,77.352,95.479,93.22,52.665,79.206,61.557,45.542,67.882,16.35,45.974,43.939,27.752
2903904,Bom Jesus da Lapa,BA,65550,20866.38,59.173,68.618,60.469,48.432,68.482,76.187,88.082,41.72,63.066,57.764,56.673,64.375,44.41,42.08,79.486,27.752
3110301,Caldas,MG,14217,23924.03,56.862,71.113,67.28,32.192,71.202,65.138,85.753,62.36,76.031,64.905,61.929,66.256,25.495,35.54,39.983,27.752
5106828,Porto Esperidião,MT,10204,30466.19,55.018,68.341,50.837,45.877,79.317,54.934,86.469,52.644,58.027,47.248,55.899,42.174,27.171,33.284,95.306,27.748
3109451,Cabeceira Grande,MG,6627,72562.69,62.332,78.337,63.659,45.001,72.766,78.022,91.239,71.322,70.591,62.254,60.039,61.75,32.324,39.143,80.79,27.746
3202652,Irupi,ES,13710,17355.83,52.708,62.724,64.875,30.526,66.674,47.869,79.34,57.012,72.878,65.319,57.498,63.805,18.53,40.086,35.746,27.744
2917508,Jacobina,BA,82590,22781.23,57.971,63.522,61.038,49.352,65.324,75.785,94.076,18.903,57.362,67.494,54.364,64.932,47.855,47.954,73.859,27.741
3549300,São João do Pau d'Alho,SP,2242,26280.11,68.132,82.535,70.422,51.439,63.005,89.588,95.344,82.201,85.863,70.294,57.064,68.466,34.003,49.94,94.082,27.732
2104677,Governador Nunes Freire,MA,23128,11237.44,52.913,62.929,56.468,39.341,54.988,62.308,77.723,56.697,60.866,52.387,56.795,55.822,37.344,18.683,73.608,27.73
5213053,Mimoso de Goiás,GO,2614,95394.47,60.174,77.5,55.542,47.48,74.119,60.56,88.77,86.553,71.929,44.855,62.723,42.663,28.214,41.606,92.368,27.73
3129400,Ibertioga,MG,5198,20068.68,57.784,77.042,61.727,34.584,61.372,75.399,93.229,78.168,67.834,59.615,51.52,67.938,21.889,45.843,42.883,27.723
3555505,Ubirajara,SP,5132,22467.58,61.926,81.126,65.623,39.028,65.821,85.058,96.748,76.878,70.253,67.943,61.524,62.773,24.486,46.079,57.824,27.723
5105101,Juara,MT,34906,39408.61,54.041,69.651,52.6,39.87,73.678,74.833,90.191,39.903,64.453,55.449,59.208,31.291,22.387,49.112,60.262,27.721
3508108,Buritama,SP,17210,36731.33,64.136,82.994,71.878,37.536,70.907,94.563,97.509,68.998,83.406,65.837,65.891,72.378,20.009,54.481,47.935,27.718
3112109,Caparaó,MG,5048,19480.32,56.878,71.665,65.882,33.086,73.084,47.923,90.35,75.304,73.257,66.305,60.86,63.107,31.542,38.637,34.45,27.718
4306601,Dom Pedrito,RS,36981,60222.3,56.903,75.827,57.426,37.455,74.092,87.026,87.567,54.623,62.332,65.464,49.482,52.426,27.3,44.707,50.1,27.712
3302502,Magé,RJ,228127,21043.69,52.997,58.3,65.978,34.712,66.035,36.207,82.714,48.241,68.422,70.487,51.605,73.397,31.114,56.865,23.162,27.708
2704807,Maribondo,AL,13679,13842.7,56.551,67.756,61.242,40.655,67.748,58.011,94.867,50.399,72.362,56.19,50.1,66.316,23.315,28.329,83.281,27.696
4304507,Canguçu,RS,49680,33657.81,55.331,70.07,61.531,34.393,76.891,53.52,81.036,68.831,70.534,53.203,56.652,65.735,31.963,44.54,33.376,27.694
2902658,Banzaê,BA,11958,9569.01,56.713,73.354,57.167,39.619,72.696,57.273,89.18,74.268,65.267,44.804,54.889,63.708,16.58,35.439,78.769,27.688
2704906,Mar Vermelho,AL,3155,16263.66,55.062,63.017,65.465,36.703,81.014,46.4,90.076,34.578,75.69,63.77,54.01,68.389,26.016,32.624,60.491,27.682
2916302,Itapebi,BA,9174,36853.74,50.034,67.792,52.128,30.181,65.36,71.166,94.357,40.284,40.756,54.674,48.403,64.677,19.346,32.091,41.631,27.658
3504602,Bady Bassitt,SP,27260,20391.69,60.44,83.066,70.498,27.755,72.816,91.55,97.49,70.409,76.051,75.068,57.558,73.314,13.475,46.179,23.71,27.656
2502805,Brejo do Cruz,PB,13613,10888.73,56.176,64.3,61.432,42.795,71.017,73.7,89.352,23.13,69.7,54.851,56.55,64.628,26.51,33.554,83.462,27.655
2601607,Belém do São Francisco,PE,18301,20161.03,57.527,70.218,61.022,41.342,63.048,73.26,74.297,70.264,72.064,56.484,55.067,60.472,42.8,42.072,52.844,27.653
3152808,Prata,MG,28342,45966.49,59.658,75.369,64.339,39.266,68.61,77.626,91.215,64.023,74,68.33,59.762,55.266,35.703,42.754,50.97,27.638
2312502,São João do Jaguaribe,CE,5855,18562.88,53.869,58.081,60.978,42.547,66.095,74.926,89.575,1.729,77.198,57.463,37.932,71.32,19.432,44.606,78.512,27.636
3119807,Córrego Danta,MG,2960,56355.37,59.168,81.255,65.975,30.274,68.377,76.498,96.186,83.96,78.274,68.038,58.572,59.017,17.787,32.052,43.621,27.636
3122405,Divisa Nova,MG,5851,22304.01,60.98,84.996,65.092,32.851,78.62,83.511,92.635,85.217,71.712,67.527,51.865,69.262,28.5,37.957,37.315,27.632
5106273,Novo Horizonte do Norte,MT,3349,30528.5,56.01,80.611,50.846,36.573,76.795,72.817,91.209,81.625,70.096,33.097,56.669,43.52,24.271,31.818,62.578,27.626
4317103,Sant'Ana do Livramento,RS,84421,33694.55,60.612,73.886,62.767,45.183,71.871,80.768,85.714,57.191,62.516,69.758,52.8,65.992,38.424,57.985,56.703,27.621
5003801,Fátima do Sul,MS,20609,31717.32,56.94,74.332,65.43,31.059,64.295,71.211,96.183,65.641,69.487,66.447,55.59,70.197,16.742,54.102,25.772,27.619
2504702,Congo,PB,4933,12599.72,53.765,61.97,63.654,35.671,59.849,75.21,90.406,22.416,72.589,57.925,57.167,66.937,26.135,22.997,65.94,27.612
3105707,Barra Longa,MG,5666,14564.96,59.393,72.744,64.22,41.214,69.22,56.552,90.728,74.476,72.641,57.661,59.08,67.499,38.035,36.287,62.928,27.604
3530201,Mirante do Paranapanema,SP,15917,38408.46,61.884,77.965,67.284,40.403,73.046,72.134,91.442,75.236,82.871,59.827,61.445,64.994,14.457,48.639,70.928,27.589
3530508,Mococa,SP,67681,45299.43,62.483,79.915,69.579,37.955,69.407,91.226,93.236,65.788,79.654,74.002,54.543,70.119,23.699,59.368,41.163,27.589
2803807,Malhada dos Bois,SE,3579,14849.16,59.698,75.458,60.774,42.863,70.398,71.1,92.398,67.934,67.453,59.924,51.377,64.342,30.014,24.86,88.995,27.585
4106209,Contenda,PR,19128,29364.57,58.042,73.582,67.281,33.263,68.568,83.376,89.511,52.871,76.306,66.907,56.146,69.765,28.96,44.267,32.242,27.582
3102209,Alvarenga,MG,3975,13848.28,50.393,63.52,61.761,25.897,75.434,58.444,87.872,32.329,65.452,54.494,53.294,73.805,17.931,45.873,12.206,27.58
2311231,Potiretama,CE,5974,16324.53,51.364,57.676,58.134,38.28,75.568,36.782,92.315,26.041,73.534,52.32,42.612,64.071,27.718,26.458,71.368,27.578
3102407,Alvorada de Minas,MG,4159,15707.73,53.391,64.836,63.224,32.115,62.45,35.386,84.986,76.521,71.119,63.283,59.553,58.939,24.006,39.647,37.227,27.578
5205703,Córrego do Ouro,GO,2454,30527.68,60.473,83.122,61.199,37.096,84.242,64.829,96,87.418,81.937,48.993,55.728,58.141,21.772,31.959,67.079,27.576
3540408,Populina,SP,4127,28620.3,61.526,76.619,63.982,43.976,61.899,93.126,96.785,54.665,84.097,61.469,45.328,65.034,24.995,40.758,82.58,27.573
4321493,Toropi,RS,2554,39965.83,57.101,75.823,59.836,35.645,66.241,86.097,80.86,70.093,78.088,41.778,54.385,65.091,24.336,49.95,40.723,27.572
2802908,Itabaiana,SE,103440,21552.9,60.442,69.787,65.904,45.633,71.814,83.687,95.521,28.128,63.846,69.588,59.35,70.833,35.519,45.402,74.039,27.572
4215687,Santa Terezinha do Progresso,SC,2576,25461.7,57.8,72.58,59.841,40.979,75.043,46.225,81.633,87.418,73.486,52.437,52.568,60.872,31.415,42.644,62.288,27.571
3162658,São João do Pacuí,MG,3972,11322.23,56.828,74.954,63.242,32.288,58.919,72.755,81.589,86.553,75.348,50.045,63.223,64.355,24.347,26.274,50.969,27.562
4103305,Borrazópolis,PR,7735,31995.55,62.011,80.159,66.746,39.127,74.641,78.026,95.193,72.776,81.37,63.942,58.377,63.293,28.017,49.004,51.928,27.558
4106100,Conselheiro Mairinck,PR,3461,44365.73,64.131,80.991,65.774,45.629,74.893,85.289,94.751,69.031,77.114,69.022,49.445,67.516,20.574,43.357,91.032,27.552
4206801,Ibicaré,SC,3269,44804.98,58.35,71.758,64.811,38.482,72.757,68.254,78.717,67.304,78.297,67.057,45.471,68.42,19.894,50.553,55.948,27.533
3131505,Ipuiúna,MG,9135,20788.86,59.682,76.815,67.679,34.551,61.977,76.377,93.074,75.834,72.751,64.406,63.857,69.701,13.639,39.859,57.182,27.525
3167004,Serranos,MG,1990,19519.35,62.391,80.27,64.826,42.077,63.721,79,91.807,86.553,77.575,62.169,57.342,62.218,26.655,43.124,71.006,27.525
2306256,Itaitinga,CE,64650,19613.54,59.038,66.863,66.584,43.666,74.055,64.485,87.25,41.662,77.565,59.689,56.59,72.492,29.735,39.889,77.513,27.524
2513851,Santo André,PB,2622,11275.46,54.559,61.422,59.694,42.56,62.706,28.921,87.347,66.714,66.914,59.662,47.19,65.012,23.587,32.289,86.842,27.522
2305332,Ibicuitinga,CE,11611,10839.99,55.599,61.147,64.439,41.21,83.768,58.362,89.713,12.746,78.987,56.723,51.729,70.316,20.656,34.974,81.689,27.522
4215901,São Bonifácio,SC,2946,38438.1,59.344,68.697,63.202,46.132,64.479,40.216,88.789,81.306,83.033,50.903,56.439,62.432,32.069,47.465,77.478,27.516
3149200,Pedrinópolis,MG,3344,61484.76,60.993,79.314,63.296,40.37,62.738,83.549,96.97,73.998,75.63,60.837,54.222,62.496,40.904,40.498,52.562,27.515
5000807,Anaurilândia,MS,7653,54865.27,56.873,75.418,58.184,37.017,74.589,58.84,90.865,77.38,64.13,59.161,55.255,54.19,18.782,31.848,69.927,27.512
3516903,General Salgado,SP,10312,26872.31,57.022,78.967,65.997,26.101,67.954,95.276,94.884,57.753,83.601,66.563,53.568,60.257,25.636,47.863,3.393,27.512
3154507,Riacho dos Machados,MG,8756,61287.92,56.585,72.892,63.054,33.807,67.858,64.33,81.758,77.624,76.784,47.223,63.738,64.472,15.953,28.665,63.102,27.508
5107198,Ribeirãozinho,MT,2593,73416.75,58.564,74.25,58.838,42.602,62.106,67.548,91.961,75.386,65.477,65.692,53.956,50.227,33.857,39.998,69.05,27.505
2908507,Conceição do Jacuípe,BA,35308,78772.07,54.529,66.284,62.541,34.761,72.573,60.7,92.485,39.377,57.294,67.775,53.958,71.138,26.035,42.221,43.283,27.503
2500809,Araçagi,PB,16646,11247.98,56.312,67.969,55.826,45.141,72.224,60.575,87.084,51.995,57.408,53.832,50.108,61.956,39.246,33.233,80.582,27.503
3162906,São João Nepomuceno,MG,25565,19949.35,62.132,75.169,66.648,44.579,67.618,86.709,94.799,51.549,63.147,69.028,62.568,71.847,43.733,53.962,53.124,27.497
3529906,Miracatu,SP,18553,24809.4,54.545,64.386,67.657,31.594,66.149,64.015,78.85,48.53,80.198,71.104,52.597,66.729,24.184,43.851,30.843,27.497
1507953,Tailândia,PA,72493,17948.65,47.22,53.972,54.816,32.871,76.118,36.497,77.06,26.214,47.215,62.792,52.41,56.849,39.094,29.982,34.911,27.496
3141603,Mercês,MG,10373,14737.87,58.714,72.896,62.925,40.322,58.764,72.21,90.847,69.762,70.473,57.342,55.043,68.844,28.031,29.851,75.911,27.495
2903706,Boa Nova,BA,13690,8211.96,57.8,76.754,59.244,37.402,73.609,72.84,85.021,75.546,67.662,42.718,58.93,67.667,24.502,28.079,69.552,27.474
2111805,Sítio Novo,MA,17074,13069.94,49.159,53.417,55.851,38.21,58.362,43.366,61.844,50.096,69.199,40.104,63.666,50.436,24.354,27.618,73.398,27.473
3535606,Paraibuna,SP,17667,20056.6,59.081,71.651,68.313,37.279,75.552,70.96,81.619,58.472,79.416,69.902,58.503,65.433,28.881,53.134,39.636,27.465
4314704,Planalto,RS,10406,24442.56,54.132,59.217,64.671,38.509,59.179,59.671,74.28,43.738,71.716,64.257,52.803,69.908,26.464,41.265,58.846,27.463
3161106,São Francisco,MG,52762,12374.05,60.79,73.738,63.464,45.167,69.492,66.955,85.891,72.613,68.125,60.086,59.35,66.294,44.459,43.028,65.721,27.459
3161502,São Geraldo,MG,10282,25905.89,57.331,73.147,61.964,36.881,73.439,77.023,94.062,48.064,70.671,57.111,51.062,69.01,19.677,45.124,55.273,27.449
2930105,Senhor do Bonfim,BA,74523,13498.87,58.535,68.737,60.115,46.754,70.231,86.549,94.992,23.178,59.085,67.783,51.082,62.508,46.758,44.323,68.494,27.442
3114105,Carmo de Minas,MG,13797,21204.84,59.882,84.974,66.479,28.192,70.021,90.641,93.249,85.987,69.329,61.27,61.452,73.866,28.163,40.943,16.223,27.441
3142403,Moema,MG,7548,20366.86,58.338,82.601,67.665,24.749,71.036,88.626,98.04,72.7,77.046,70.468,53.631,69.516,19.8,45.441,6.314,27.441
5219753,Santo Antônio do Descoberto,GO,72127,11530.29,61.74,76.922,66.766,41.533,67.676,84.478,93.479,62.055,71.492,64.169,60.01,71.393,16.341,40.171,82.188,27.433
2924652,Pintadas,BA,10325,10667.14,57.139,71.257,59.163,40.997,73.451,64.749,90.486,56.344,60.787,48.065,58.913,68.888,38.616,28.151,69.794,27.427
1712157,Lavandeira,TO,1626,23460.3,57.116,65.045,61.9,44.404,61.401,61.566,83.867,53.345,77.985,59.797,61.176,48.642,26.074,34.685,89.431,27.426
3508801,Cafelândia,SP,16654,41282.97,63.632,78.244,70.127,42.526,65.224,90.092,94.034,63.627,78.874,71.389,61.732,68.511,16.645,51.235,74.8,27.425
3524600,Jacupiranga,SP,16097,33233.89,59.099,76.011,67.106,34.178,74.816,70.625,89.218,69.387,79.062,65.433,56.959,66.972,17.371,44.787,47.137,27.417
3305901,Trajano de Moraes,RJ,10302,23664.02,55.65,61.325,64.775,40.849,61.437,30.385,79.736,73.742,74.765,49.797,63.947,70.592,21.076,32.988,81.916,27.417
3516101,Florínea,SP,3851,44976.43,60.079,80.361,65.088,34.79,75.076,94.832,94.029,57.504,84.806,61.489,48.75,65.307,16.607,48.625,46.518,27.409
1101484,São Felipe D'Oeste,RO,5258,25034.22,55.895,65.305,57.805,44.575,81.887,32.229,83.863,63.242,68.182,45.367,69.902,47.77,35.352,29.42,86.119,27.407
3106655,Berizal,MG,4201,14632.59,57.778,76.352,62.851,34.131,73.566,70.609,87.418,73.815,77.037,59.824,55.26,59.284,18.352,47.108,43.659,27.404
5106265,Novo Mundo,MT,6520,75126.81,50.622,60.561,49.535,41.77,81.164,41.216,81.168,38.696,73.423,50.981,52.852,20.886,34.312,43.131,62.238,27.4
3301405,Conceição de Macabu,RJ,21104,20721.82,55.691,62.821,67.948,36.303,59.752,73.533,93.276,24.723,73.628,72.347,55.229,70.59,11.246,40.783,65.79,27.392
4108957,Guamiranga,PR,7856,37835.55,56.327,73.047,66.732,29.203,76.294,49.976,82.953,82.965,80.29,66.707,55.556,64.375,19.329,25.005,45.095,27.385
3305703,Sumidouro,RJ,15206,39754.57,57.326,65.603,68.09,38.285,62.116,34.193,80.577,85.525,73.475,73.052,58.739,67.093,22.272,49.998,53.484,27.384
3533700,Ocauçu,SP,4331,32878.77,64.062,80.911,68.215,43.058,62.758,83.367,95.366,82.155,81.56,65.88,62.121,63.3,19.08,36.391,89.38,27.38
3121100,Delfim Moreira,MG,7952,15924.64,55.991,66.721,63.251,38.002,68.499,43.629,90.003,64.754,81.538,51.11,56.131,64.225,25.785,51.253,47.592,27.378
3124609,Estrela Dalva,MG,2186,19767.23,58.568,78.137,60.657,36.909,59.369,76.112,96.685,80.383,61.558,60.704,55.361,65.006,27.819,38.592,53.852,27.374
5107263,Santo Afonso,MT,2519,64606.36,59.633,74.847,57.92,46.133,81.266,73.144,92.843,52.136,71.307,51.274,64.124,44.973,23.053,39.994,94.116,27.37
2926004,Remanso,BA,40586,12082.09,55.336,69.818,57.692,38.499,71.439,75.438,74.324,58.071,60.144,49.761,53.16,67.703,13.949,33.174,79.503,27.37
3114907,Casa Grande,MG,2214,31502.47,61.559,83.787,66.856,34.034,66.315,88.476,92.94,87.418,80.314,57.919,65.072,64.121,24.775,47.569,36.425,27.368
5107305,São José do Rio Claro,MT,14911,99008.92,55.744,68.695,55.154,43.382,76.089,66.192,95.442,37.055,63.672,65.459,52.328,39.157,26.681,36.45,83.036,27.36
4121703,Reserva,PR,24573,31048.27,56.6,70.949,64.612,34.238,64.571,77.527,80.495,61.202,78.896,62.069,53.558,63.923,36.934,30.555,42.105,27.36
4318200,São Francisco de Paula,RS,21893,47230.01,56.181,68.83,59.59,40.124,71.21,71.308,84.768,48.035,60.089,66.409,55.588,56.275,29.661,47.183,56.3,27.351
3502200,Angatuba,SP,24022,61814.72,63.591,79.252,70.047,41.474,74.864,80.4,92.102,69.642,80.933,71.115,57.434,70.705,33.226,48.495,56.829,27.345
3118700,Coqueiral,MG,9023,26141.57,59.329,82.657,64.517,30.813,66.748,84.006,94.187,85.687,63.242,64.491,60.802,69.53,48.357,45.053,2.509,27.331
2413607,Severiano Melo,RN,5487,11583.86,55.826,60.392,61.799,45.288,58.461,73.631,92.033,17.443,65.129,59.954,51.837,70.275,35.661,34.238,83.923,27.329
5105903,Nobres,MT,15492,72492.44,54.773,59.209,61.187,43.923,57.287,69.928,94.381,15.241,66.202,69.461,52.136,56.951,32.444,35.545,80.382,27.323
2512101,Pombal,PB,32473,14426.23,61.114,72.714,65.665,44.963,75.802,83.918,94.41,36.723,75.766,63.706,52.226,70.964,24.857,46.771,80.906,27.319
4209409,Laguna,SC,42785,25746.9,60.344,77.319,68.983,34.73,70.14,83.29,97.091,58.754,73.009,75.857,56.58,70.488,22.756,51.788,37.062,27.314
5213707,Montes Claros de Goiás,GO,8756,57381.13,56.319,72.374,57.156,39.428,74.569,68.184,94.129,52.615,78.89,42.305,55.11,52.32,29.305,30.352,70.742,27.312
3501806,Américo de Campos,SP,5870,21759.4,64.829,85.238,69.677,39.572,71.389,91.699,95.236,82.628,85.022,71.782,58.502,63.402,24.085,53.398,53.495,27.31
5007406,Rio Verde de Mato Grosso,MS,19818,32185.72,56.91,74.954,60.876,34.9,72.012,84.326,93.769,49.708,65.987,66.837,63.348,47.331,30.877,38.171,43.246,27.307
1506906,Santarém Novo,PA,6116,9892.65,56.32,66.804,56.902,45.254,77.022,56.138,70.169,63.888,59.206,50.438,60.99,56.975,31.714,36.091,85.905,27.306
1717503,Pium,TO,7128,51144.36,50.736,62.915,50.382,38.911,69.224,47.879,77.634,56.924,72.427,44.362,59.908,24.832,27.144,41.569,59.628,27.305
3556503,Várzea Paulista,SP,115771,34505.96,62.544,80.95,72.092,34.589,73.812,90.452,89.617,69.919,80.106,70.636,65.442,72.184,26.428,47.229,37.397,27.303
1600154,Pedra Branca do Amapari,AP,12847,35543.96,49.226,59.132,55.799,32.747,78.215,23.582,68.501,66.229,57.494,47.764,61.008,56.929,35.202,25.024,43.458,27.302
3162807,São João Evangelista,MG,15315,16647.45,58.111,76.36,66.321,31.651,61.728,72.601,90.372,80.74,77.529,60.604,56.515,70.637,32.02,41.019,26.27,27.297
2504306,Catolé do Rocha,PB,30661,16610.61,56.296,62.071,64.605,42.211,74.771,70.882,92.639,9.993,73.702,60.682,54.461,69.575,28.371,41.508,71.674,27.293
3517802,Guaraçaí,SP,7441,44208.57,62.737,76.738,67.609,43.864,63.962,79.365,91.714,71.91,81.977,68.794,55.567,64.098,31.172,58.719,58.273,27.292
3522802,Itaporanga,SP,14085,21849.08,58.358,77.255,65.374,32.445,69.28,84.349,92.683,62.708,77.698,65.023,49.314,69.46,20.799,39.248,42.447,27.288
3303500,Nova Iguaçu,RJ,785867,22808.56,58.634,68.83,68.264,38.809,57.906,82.421,82.273,52.721,66.834,72.391,58.593,75.238,45.455,48.828,33.667,27.285
4100103,Abatiá,PR,7241,30859.47,61.928,78.403,63.77,43.611,74.03,87.906,92.939,58.739,77.318,63.986,47.557,66.217,30.037,40.402,76.718,27.285
3201159,Brejetuba,ES,12985,22864.97,52.323,57.372,66.317,33.279,73.069,37.643,79.73,39.048,78.575,58.863,57.6,70.229,17.452,35.09,53.297,27.277
4104402,Cândido de Abreu,PR,15244,27863.04,52.57,62.286,61.337,34.087,66.329,52.161,75.937,54.715,80.22,50.148,52.15,62.829,31.593,30.945,46.532,27.276
3111101,Campina Verde,MG,18011,30023.48,60.521,71.725,67.244,42.594,63.806,76.032,88.129,58.932,76.234,65.82,68.46,58.46,32.151,29.222,81.73,27.274
2702405,Delmiro Gouveia,AL,51318,13225.74,57.103,75.168,64.29,31.852,67.347,81.126,91.698,60.502,70.468,60.921,52.219,73.553,27.398,39.79,32.946,27.273
2914109,Ipupiara,BA,9935,10194.77,55.46,70.597,53.619,42.164,59.311,65.807,83.823,73.447,63.944,29.028,55.987,65.516,28.746,35.765,76.874,27.273
3535408,Panorama,SP,14964,21394.42,60.191,81,67.451,32.121,70.557,93.565,98.084,61.795,77.845,68.274,54.083,69.602,18.45,36.064,46.701,27.268
2311801,Russas,CE,72928,16001.81,58.255,64.106,67.25,43.409,64.867,59.008,92.09,40.461,80.998,67.609,51.814,68.578,47.844,45.785,52.744,27.265
2511400,Picuí,PB,18333,11713.76,55.454,69.47,64.376,32.517,71.795,47.568,95.502,63.013,74.478,57.986,55.257,69.785,24.098,40.279,38.427,27.264
2601805,Betânia,PE,11232,9444.07,57.422,66.077,59.929,46.26,71.913,47.118,85.314,59.963,79.339,37.56,52.904,69.913,42.418,38.308,77.053,27.261
1500909,Augusto Corrêa,PA,44573,8220.82,47.689,49.35,54.836,38.882,50.055,28.207,50.416,68.721,51.65,47.728,59.874,60.093,32.879,25.193,70.196,27.259
1300839,Caapiranga,AM,13469,13304.08,53.243,68.278,55.328,36.124,76.224,48.971,76.48,71.437,60.555,39.14,63.229,58.388,17.757,25.465,74.016,27.258
3509452,Campina do Monte Alegre,SP,5954,25560.96,66.562,79.844,69.512,50.331,76.684,89.993,96.447,56.253,77.637,76.11,58.862,65.438,30.033,48.303,95.736,27.253
1707306,Dueré,TO,4248,48554.56,55.931,71.495,52.232,44.067,76.764,57.705,84.905,66.605,70.754,54.242,54.845,29.087,26.368,39.332,83.313,27.253
3144607,Nepomuceno,MG,25018,24902.75,60.1,81.334,64.561,34.407,68.012,89.913,91.435,75.974,65.597,65.862,58.191,68.592,27.089,37.747,45.548,27.243
4302709,Butiá,RS,19084,28679.18,59.496,72.531,60.545,45.411,68.452,89.539,90.489,41.646,67.805,66.748,50.18,57.448,21.95,54.349,78.104,27.241
3153608,Prudente de Morais,MG,11466,17845.71,56.858,76.963,64.033,29.58,71.611,87.223,93.582,55.434,68.048,66.908,54.589,66.587,16.007,41.427,33.673,27.213
3161700,São Gonçalo do Abaeté,MG,7375,44468.71,56.291,77.258,63.352,28.264,69.89,71.809,95.764,71.567,70.568,56.982,66.027,59.831,20.807,28.918,36.131,27.201
2923001,Nova Viçosa,BA,39509,14685.69,55.663,67.915,60.11,38.965,72.212,67.695,91.348,40.404,62.501,60.582,52.831,64.527,15.546,32.713,80.399,27.201
4117255,Nova Prata do Iguaçu,PR,12699,39068.07,61.032,78.966,64.377,39.754,79.424,73.143,86.952,76.343,75.121,62.092,46.937,73.357,28.129,37.225,66.464,27.196
3502705,Apiaí,SP,24585,36781.22,57.736,72.009,64.89,36.308,69.57,75.442,81.821,61.204,80.763,63.037,50.997,64.763,18.6,46.514,52.928,27.189
2108405,Peri Mirim,MA,11108,8701.79,51.128,53.611,61.662,38.11,67.037,27.098,53.331,66.979,73.432,52.774,57.368,63.075,25.5,24.357,75.397,27.188
2602902,Cabo de Santo Agostinho,PE,203440,67864.95,54.846,57.5,67.861,39.176,57.813,79.445,84.574,8.167,75.156,68.472,55.23,72.587,55.041,47.796,26.681,27.187
3130606,Inconfidentes,MG,7301,18291.17,59.703,72.55,65.757,40.801,71.635,52.806,92.91,72.849,75.722,57.2,61.489,68.616,19.657,53.25,63.111,27.187
4318408,São Jerônimo,RS,21028,31951.64,58.511,71.946,61.524,42.062,70.033,75.983,81.499,60.267,63.938,65.34,57.259,59.561,21.045,53.78,66.245,27.178
3515905,Floreal,SP,2733,30180.67,62.949,79.5,68.282,41.063,65.44,91.24,97.346,63.974,87.433,63.782,57.734,64.179,28.992,36.132,71.953,27.178
5218052,Porteirão,GO,4070,55057.73,59.018,74.907,65.074,37.075,78.496,86.262,94.06,40.809,77.789,59.21,66.13,57.166,20.591,31.51,69.026,27.172
2205276,Jatobá do Piauí,PI,4494,13167.75,58.124,76.143,58.983,39.247,63.653,79.203,76.028,85.689,67.669,38.075,61.752,68.435,34.904,23.522,71.393,27.169
2201705,Bertolínia,PI,5562,13068.1,57.134,74.545,55.994,40.863,64.182,76.097,75.347,82.554,66.186,54.096,51.108,52.585,22.998,25.475,87.81,27.167
2512705,Remígio,PB,17885,10214.37,61.351,74.581,61.831,47.64,78.225,80.505,94.83,44.766,62.275,65.091,53.844,66.113,42.91,43.277,77.206,27.167
2407104,Macaíba,RN,82249,22389.3,55.872,68.258,58.605,40.753,77.775,56.884,93.791,44.58,57.971,63.289,57.202,55.957,35.66,47.93,52.253,27.166
1100072,Corumbiara,RO,7519,53148.57,55.143,66.099,53.533,45.796,69.393,31.739,82.952,80.314,76.192,40.518,61.73,35.693,36.54,33.523,85.963,27.159
2927002,Rio Real,BA,35362,29385.09,51.433,62.825,59.106,32.368,62.948,64.126,92.484,31.741,59.915,56.789,51.459,68.26,30.283,35.719,36.31,27.158
4111407,Ivaí,PR,13229,37898.51,51.322,64.438,59.357,30.171,74.265,65.675,84.753,33.058,80.469,47.075,47.752,62.132,23.052,34.441,36.038,27.154
1506708,Santana do Araguaia,PA,32413,42947.59,44.891,52.149,47.693,34.831,69.929,21.642,83.221,33.803,36.671,53.642,58.993,41.468,24.652,20.039,67.487,27.146
1503093,Goianésia do Pará,PA,26362,19358.79,47.048,53.77,47.667,39.707,72.555,45.524,70.94,26.062,48.208,53.464,45.236,43.759,42.02,25.025,64.638,27.144
5217203,Piranhas,GO,11712,52410.65,61.482,72.867,65.812,45.768,67.226,72.398,93.181,58.662,79.774,70.228,56.722,56.523,32.057,44.639,79.233,27.142
4215455,Sangão,SC,12882,36485.11,56.843,67.513,65.773,37.244,66.499,52.994,89.458,61.103,69.071,61.764,63.064,69.191,26.254,36.949,58.632,27.142
2909000,Cordeiros,BA,7546,9446.94,57.082,66.367,62.208,42.671,66.062,48.766,86.047,64.595,72.372,40.596,67.671,68.191,21.363,48.111,74.077,27.135
4122651,Rosário do Ivaí,PR,5435,24071.78,61.309,75.091,62.456,46.379,52.147,76.456,86.073,85.689,79.955,52.618,46.501,70.75,42.629,34.078,81.689,27.122
4302659,Brochier,RS,4966,23874.19,61.709,79.924,61.285,43.919,72.85,79.87,87.738,79.237,67.367,62.668,53.716,61.39,22.373,59.939,66.245,27.121
2923902,Pau Brasil,BA,9370,11365.93,48.781,63.342,52.673,30.327,58.544,71.734,83.794,39.297,48.503,53.77,47.578,60.841,18.356,25.679,50.151,27.121
1101302,Mirante da Serra,RO,9235,28647.24,50.831,54.529,58.936,39.027,58.128,21.51,87.905,50.573,68.506,66.034,55.969,45.234,28.066,36.272,64.652,27.119
5200134,Acreúna,GO,21568,49124.28,58.493,70.466,65.63,39.383,67.981,68.128,92.491,53.262,79.204,70.062,51.215,62.038,25.049,42.909,62.459,27.115
2512200,Prata,PB,3915,16643.73,61.069,76.46,64.254,42.491,79.754,60.401,91.712,73.974,71.033,56.569,64.216,65.197,26.135,40.293,76.432,27.105
4211108,Monte Castelo,SC,7736,30913.02,57.68,77.194,61.047,34.798,74.951,62.581,89.307,81.939,70.685,62.998,53.046,57.458,21.059,30.696,60.336,27.099
3171907,Virgolândia,MG,4552,13868.96,55.359,70.692,59.033,36.351,68.907,69.721,88.46,55.68,69.428,49.743,50.092,66.871,16.439,31.737,70.145,27.084
2609105,Machados,PE,11333,19224.74,52.975,64.881,63.676,30.367,74.561,49.137,90.667,45.161,82.598,59.371,49.459,63.274,17.786,31.498,45.098,27.084
3301603,Duas Barras,RJ,10980,22863.32,62.798,76.662,65.119,46.614,61.81,73.157,89.553,82.128,73.261,61.52,52.791,72.904,35.36,45.067,78.948,27.081
3203163,Laranja da Terra,ES,11094,17041.47,56.79,71.549,62.421,36.401,71.013,52.078,88.548,74.558,80.408,50.671,51.748,66.856,15.49,48.239,54.794,27.08
2615805,Tupanatinga,PE,26937,8493.45,54.579,67.311,61.338,35.087,74.198,48.208,83.491,63.35,73.104,41.868,62.678,67.703,29.552,28.053,55.665,27.08
3134608,Jaboticatubas,MG,20406,14705.27,55.606,59.111,69.199,38.508,70.967,50.643,77.822,37.014,74.348,71.507,64.363,66.578,21.884,47.647,57.423,27.077
3146255,Padre Carvalho,MG,5058,11588.93,56.959,70.831,59.368,40.679,69.795,60.521,84.928,68.079,72.085,48.26,54.38,62.747,23.278,29.035,83.332,27.072
1505700,Ponta de Pedras,PA,24984,11096.67,53.203,62.129,57.816,39.665,66.044,43.497,74.402,64.574,60.183,44.564,62.835,63.682,19.082,27.572,84.935,27.072
3102001,Alterosa,MG,13915,21465.3,61.624,77.415,64.895,42.561,63.633,80.209,89.967,75.851,70.733,65.222,51.63,71.994,28.195,59.82,55.159,27.07
3131802,Itabirinha,MG,10362,13261.81,58.568,72.915,65.731,37.057,61.102,82.304,93.39,54.863,75.993,56.851,59.86,70.219,30.233,31.124,59.813,27.06
2608057,Jatobá,PE,14020,11049.62,55.675,70.822,60.948,35.255,74.803,68.29,80.942,59.251,65.63,57.504,58.208,62.45,46.028,36.298,31.644,27.052
1718501,Recursolândia,TO,3421,26935.93,44.657,58.913,48.658,26.401,64.998,58.287,56.819,55.546,69.661,48.775,39.896,36.3,25.611,16.935,36.012,27.047
5208103,Formoso,GO,4660,24138.24,59.432,70.194,62.93,45.173,46.84,80.461,92.717,60.758,81.733,53.056,63.833,53.098,21.289,48.461,83.897,27.044
5219712,Santo Antônio da Barra,GO,4267,75775.54,52.885,74.121,63.83,20.703,66.674,67.442,92.056,70.311,81.221,65.142,47.02,61.935,22.776,29.04,3.961,27.037
2927309,Salinas da Margarida,BA,14987,13535.94,58.403,75.842,56.315,43.054,67.022,77.733,92.561,66.052,54.829,57.666,45.053,67.711,45.395,34.96,64.825,27.036
4121505,Rebouças,PR,14514,37231.65,55.904,69.986,65.245,32.482,56.55,76.409,86.404,60.58,78.898,59.009,53.963,69.11,30.01,27.66,45.226,27.032
3515103,Embu-Guaçu,SP,66970,21901.67,57.653,75.096,68.395,29.467,69.87,77.82,79.027,73.668,82.448,72.879,52.656,65.595,17.729,43.044,30.066,27.028
2200905,Aroazes,PI,5369,10751.22,58.878,76.734,59.884,40.017,67.613,74.249,88.127,76.945,66.866,42.664,64.2,65.807,25.504,39.679,67.859,27.026
2610905,Pesqueira,PE,62722,13966.38,55.21,67.267,61.361,37.004,64.906,58.589,90.194,55.379,70.828,58.988,51.056,64.572,25.994,44.503,50.493,27.025
4315701,Rio Pardo,RS,34654,40418.68,56.48,78.768,60.574,30.096,78.732,78.826,89.101,68.413,69.497,65.839,53.543,53.42,20.232,54.628,18.504,27.021
4121257,Ramilândia,PR,4221,27154.14,53.93,65.768,58.666,37.356,56.931,69.117,92.03,44.995,71.858,56.701,42.577,63.528,28.086,25.223,69.102,27.013
2925956,Rafael Jambeiro,BA,19662,20296.72,54.906,66.439,60.36,37.919,70.07,46.945,83.436,65.305,62.249,51.354,59.344,68.494,20.249,29.814,74.603,27.011
3116407,Claraval,MG,4658,39361.47,60.965,82.539,62.879,37.476,81.408,87.255,88.993,72.501,75.518,46.496,61.646,67.857,30.61,41.212,51.077,27.007
3126901,Frei Inocêncio,MG,8226,18427.98,56.065,74.707,54.662,38.826,66.961,77.581,92.734,61.55,64.622,45.924,39.448,68.653,43.813,28.326,56.168,26.999
1100320,São Miguel do Guaporé,RO,21635,42151.33,50.022,55.537,58.137,36.391,66.285,18.194,87.909,49.76,76.146,52.43,54.532,49.44,18.803,38.915,60.848,26.999
4115002,Marilena,PR,7253,24235.34,56.897,74.349,62.697,33.646,54.41,76.11,94.731,72.147,70.138,63.081,49.607,67.961,18.643,43.864,45.082,26.996
3128204,Guaraciaba,MG,9753,11900.87,55.87,65.403,64.815,37.392,65.204,45.395,86.516,64.497,77.574,49.818,66.797,65.07,32.451,37.013,53.11,26.996
4308706,Gaurama,RS,5665,50279.83,56.942,61.182,65.779,43.865,71.093,66.636,80.732,26.266,75.044,68.663,50.296,69.111,26.959,55.644,65.863,26.995
3122504,Dom Cavati,MG,4904,14305.96,56.428,72.923,60.538,35.822,62.619,83.092,95.268,50.715,71.862,59.703,45.158,65.429,43.438,29.657,43.203,26.992
2412005,São Gonçalo do Amarante,RN,115838,16565.63,60.378,73.523,59.851,47.761,68.614,85.978,94.796,44.702,53.092,65.159,58.988,62.165,34.132,45.932,83.989,26.992
2806503,Santa Rosa de Lima,SE,3937,14093.5,56.587,66.032,58.706,45.023,73.56,71.464,92.707,26.399,65.419,45.292,58.348,65.763,35.288,28.244,89.571,26.988
4211256,Morro Grande,SC,3010,48563.91,62.296,79.89,64.888,42.109,68.468,70.319,95.949,84.824,77.724,60.214,58.261,63.353,24.47,31.91,85.069,26.985
1702208,Araguatins,TO,31918,16703.86,54.145,64.577,60.565,37.293,64.162,52.532,79.531,62.083,74.006,55.87,61.481,50.903,35.392,35.253,51.545,26.984
3112307,Capelinha,MG,39626,22574.72,58.562,73.677,68.596,33.413,68.782,77.134,93.289,55.503,77.103,67.025,66.095,64.163,26.33,43.738,36.612,26.972
2102754,Capinzal do Norte,MA,11374,25152.48,55.13,68.726,59.848,36.814,71.171,85.848,74.805,43.081,73.43,46.706,56.541,62.716,29.181,14.639,76.462,26.972
3509304,Cajobi,SP,9133,18850.73,64.248,85.51,69.292,37.941,72.005,96.655,96.692,76.689,84.205,70.692,54.316,67.954,20.388,42.106,62.305,26.965
3135050,Jaíba,MG,37660,22714,57.997,73.862,64.713,35.416,72.494,71.42,88.807,62.726,72.085,70.474,57.625,58.669,38.022,36.661,40.027,26.954
3115474,Catuti,MG,4739,12082.5,58.732,76.133,65.687,34.376,71.629,58.984,89.881,84.039,79.44,60.508,57.522,65.277,14.444,33.34,62.776,26.945
5103254,Colniza,MT,25766,33195.39,44.958,52.942,44.141,37.79,77.186,30.451,84.121,20.012,53.733,44.24,61.974,16.616,23.719,26.763,73.745,26.934
3145802,Onça de Pitangui,MG,2969,22023.87,59.167,73.811,63.7,39.989,69.95,49.099,89.643,86.553,71.286,65.538,59.996,57.979,43.255,39.192,50.578,26.931
2921302,Milagres,BA,11071,13103.27,57.674,68.808,57.25,46.964,64.63,66.436,90.636,53.531,54.208,51.313,56.953,66.525,48.438,28.771,83.716,26.931
2204204,Francisco Santos,PI,8237,10153.34,56.801,66.919,58.495,44.988,72.401,40.512,89.969,64.794,69.754,52.844,47.183,64.197,40.4,32.296,80.329,26.926
2305209,Hidrolândia,CE,17855,10438.29,57.534,68.336,64.571,39.695,69.236,46.699,91.384,66.026,79.357,56.301,61.889,60.737,24.865,39.092,67.899,26.923
2414407,Touros,RN,33035,24846.17,55.552,69.216,53.017,44.425,74.099,71.053,87.559,44.152,53.537,42.141,55.92,60.468,37.512,37.461,75.805,26.92
4115457,Marquinho,PR,4504,24928.66,57.059,66.032,61.859,43.285,53.244,53.071,82.534,75.28,79.457,44.606,61.315,62.058,32.449,38.038,75.747,26.906
2513901,São Bento,PB,32235,17718.51,53.972,66.832,60.832,34.251,76.542,76.759,94.951,19.075,64.447,64.894,47.133,66.853,35.209,36.589,38.308,26.899
1701002,Ananás,TO,10325,15586.96,58.291,76.546,60.594,37.734,65.949,83.629,81.235,75.372,71.987,58.399,59.116,52.873,17.865,37.61,68.561,26.898
4204905,Descanso,SC,8530,35305.33,57.448,67.966,67.712,36.667,64.542,57.732,73.833,75.756,75.485,64.329,68.631,62.402,22.296,36.487,60.992,26.895
3153707,Quartel Geral,MG,3179,24598.21,57.464,75.118,64.035,33.238,67.795,79.226,93.459,59.992,71.15,61.351,60.347,63.291,18.038,41.486,46.541,26.886
2709103,Taquarana,AL,19032,27035.14,51.85,60.827,60.599,34.123,73.516,37.687,89.31,42.797,68.072,59.752,46.203,68.37,13.556,32.803,63.256,26.878
3126604,Francisco Dumont,MG,4503,16913.38,56.946,77.001,57.488,36.349,64.19,67.184,92.679,83.952,71.938,52.413,58.323,47.28,27.797,43.393,47.334,26.872
2105500,João Lisboa,MA,24709,11034.07,55.563,61.119,59.618,45.953,54.482,59.653,75.295,55.046,69.734,56.77,55.995,55.972,45.714,34.529,76.708,26.861
3201100,Bom Jesus do Norte,ES,10254,18353.41,60.503,81.731,64.65,35.127,69.43,90.208,96.51,70.776,71.331,57.653,61.405,68.21,16.846,37.749,59.054,26.86
4112751,Jesuítas,PR,10506,42377.65,62.122,77.089,67.341,41.937,66.241,80.198,95.389,66.528,78.435,62.149,59.428,69.352,27.907,35.098,77.887,26.857
3127800,Grão Mogol,MG,13901,55860.48,57.061,66.377,63.996,40.808,64.84,49.493,78.179,72.996,73.981,51.759,66.183,64.063,27.782,38.459,70.14,26.853
3508009,Buri,SP,20250,34030.82,58.833,77.65,64.014,34.837,72.102,88.904,91.248,58.346,79.319,66.696,42.487,67.553,22.742,46.194,43.564,26.847
3520301,Iguape,SP,29115,54961.94,60.622,75.16,68.474,38.234,75.824,73.194,91.496,60.125,82.885,69.055,55.627,66.327,33.35,48.892,43.857,26.836
3123809,Engenheiro Navarro,MG,6354,14594.44,59.578,70.389,63.809,44.536,69.048,70.309,83.241,58.958,77.576,58.814,53.943,64.901,36.75,43.173,71.389,26.834
2306801,Jaguaribara,CE,10356,14979.36,56.848,60.881,62.504,47.16,72.559,72.01,94.115,4.842,75.966,62.116,45.2,66.735,23.682,49.045,89.084,26.828
2503001,Caaporã,PB,21193,22202.47,51.285,55.826,58.338,39.692,64.266,58.874,85.417,14.745,57.635,59.022,48.831,67.864,33.398,32.368,66.182,26.822
4108700,Grandes Rios,PR,5641,30846.13,59.359,75.131,61.647,41.299,62.337,74.122,91.028,73.036,76.842,55.573,48.165,66.006,31.461,44.427,62.489,26.82
2609402,Moreno,PE,55292,16259.52,55.835,61.456,66.306,39.741,66.376,67.309,79.095,33.047,71.841,63.26,57.17,72.953,36.8,34.016,61.333,26.816
5103007,Chapada dos Guimarães,MT,18990,64425.99,53.355,71.199,59.554,29.313,75.475,62.169,87.996,59.156,58.213,68.409,57.389,54.206,27.517,34.102,28.818,26.815
3128105,Guapé,MG,13772,28582.39,63.684,84.32,64.181,42.55,72.835,85.314,95.415,83.715,66.983,59.128,61.77,68.842,39.958,49.798,53.632,26.814
3162575,São João do Manteninha,MG,5331,15350.98,56.99,72.157,60.54,38.271,69.027,86.123,95.975,37.504,76.483,46.119,50.798,68.762,33.881,34.949,57.447,26.808
2410207,Portalegre,RN,7601,10460.49,56.999,67.035,58.057,45.906,77.231,58.542,87.533,44.835,54.98,58.119,51.372,67.756,37.796,39.075,79.947,26.806
1718659,Rio da Conceição,TO,1768,16603.36,52.908,65.183,59.341,34.199,70.722,75.972,77.338,36.699,69.412,62.606,55.008,50.337,20.63,30.492,58.87,26.804
3144672,Nova Belém,MG,3151,26669.95,51.776,61.611,61.308,32.409,60.797,61.388,90.559,33.698,73.314,60.913,45.021,65.985,36.973,29.642,36.219,26.803
1716604,Peixe,TO,9317,79348.15,48.337,59.766,53.672,31.572,64.519,57.707,80.23,36.608,69.196,45.878,56.076,43.537,21.726,43.35,34.409,26.802
3511003,Castilho,SP,19977,70001.58,59.413,75.209,67.05,35.978,63.99,82.696,89.618,64.534,81.782,67.296,54.011,65.112,32.033,45.748,39.332,26.798
5214903,Nova Roma,GO,3076,21802.67,61.029,76.42,56.368,50.301,66.329,76.116,81.765,81.47,69.666,50.543,62.667,42.594,53.061,37.078,84.268,26.795
3126703,Francisco Sá,MG,23476,19388.25,58.46,70.505,63.425,41.448,61.904,70.207,86.23,63.68,74.686,57.009,58.721,63.285,21.847,51.454,65.71,26.782
3153004,Pratinha,MG,3559,43793.35,57.476,75.402,60.714,36.312,69.77,68.165,89.831,73.84,73.599,47.151,61.086,61.019,17.338,53.506,47.622,26.781
2312304,São Benedito,CE,47640,13261.09,57.074,62.755,67.007,41.461,73.006,51.996,87.308,38.709,84.343,60.867,53.758,69.06,55.474,35.382,48.208,26.779
3169109,Toledo,MG,7214,14963.03,57.467,72.046,61.676,38.678,72.134,55.907,87.808,72.337,59.228,65.915,53.522,68.038,21.792,31.304,74.837,26.779
1600279,Laranjal do Jari,AP,35114,32547.4,52.23,59.113,59.898,37.679,65.475,48.984,80.482,41.512,56.051,63.531,52.936,67.074,44.85,34.511,44.578,26.777
3169208,Tombos,MG,8609,15325.26,62.764,83.239,69.34,35.713,70.201,88.456,96.851,77.449,70.256,71.525,69.039,66.539,26.232,45.186,44.659,26.774
3129707,Ibiraci,MG,10948,67009.65,61.827,79.86,65.99,39.63,74.809,80.574,90.09,73.966,70.521,60.007,63.428,70.003,47.989,38.13,45.637,26.762
3543808,Rinópolis,SP,9259,37971.04,61.469,82.41,70.002,31.996,68.055,91.711,94.025,75.848,80.82,65.436,64.014,69.74,19.319,33.546,48.357,26.761
1507409,São Francisco do Pará,PA,14894,17879.95,49.533,53.551,55.356,39.691,70.172,53.103,70.997,19.933,45.036,59.635,60.993,55.76,25.55,25.221,81.238,26.757
5106182,Nova Lacerda,MT,6670,67295.8,53.758,71.605,48.78,40.888,80.897,47.285,88.244,69.994,67.986,39.596,60.155,27.384,27.265,23.308,86.228,26.752
4101853,Ariranha do Ivaí,PR,2329,55786.43,58.457,65.073,63.578,46.718,46.7,59.137,88.115,66.339,81.79,65.887,43.627,63.01,27.36,50.2,82.567,26.747
4315008,Porto Lucena,RS,4360,31342.05,55.905,64.241,61.359,42.117,62.239,59.377,88.283,47.063,79.833,52.01,47.371,66.221,24.761,47.153,69.807,26.747
2922201,Muniz Ferreira,BA,7190,9359.9,55.319,60.604,56.459,48.894,60.427,56.874,88.915,36.201,70.174,34.019,56.593,65.051,47.432,40.398,81.004,26.741
2204808,Ipiranga do Piauí,PI,9420,8813.02,57.3,71.363,59.571,40.967,65.781,61.566,92.56,65.546,71.882,49.655,48.895,67.851,20.589,36.959,79.585,26.736
3123908,Entre Rios de Minas,MG,14746,18459.15,62.805,78.394,68.538,41.481,68.712,77.635,94.271,72.961,78.255,67.563,56.21,72.124,26.09,52.559,60.541,26.735
2406403,Lagoa de Velhos,RN,2567,15006.3,59.387,81.19,60.702,36.269,77.386,80.885,94.18,72.31,39.819,69.744,67.809,65.437,37.079,28.101,53.171,26.726
5101308,Arenápolis,MT,10576,22121.65,56.486,65.681,62.744,41.033,67.354,72.667,96.077,26.627,70.221,68.135,51.376,61.244,24.695,38.218,74.497,26.721
3119708,Coronel Xavier Chaves,MG,3486,26270.71,59.388,71.434,70.12,36.609,51.251,67.466,92.546,74.474,78.114,61.951,73.625,66.789,16.276,40.816,62.628,26.718
1302207,Juruá,AM,10742,12947.49,52.012,70.049,50.065,35.921,71.635,48.66,88.779,71.123,61.428,25.388,55.272,58.171,26.451,19.822,70.7,26.713
4125456,São José das Palmeiras,PR,3957,25210.76,51.384,55.689,63.822,34.642,54.101,75.888,91.903,0.864,77.963,68.237,43.553,65.534,23.128,14.007,74.72,26.713
4100509,Altônia,PR,18742,24858.84,61.196,78.406,68.067,37.113,70.134,83.446,96.514,63.532,80.367,66.145,52.968,72.79,24.862,40.79,56.106,26.693
3304805,São Fidélis,RJ,38961,21851.64,55.895,73.94,64.81,28.936,57.848,74.191,90.893,72.829,74.93,59.417,55.2,69.694,19.237,33.417,36.404,26.686
2616001,Venturosa,PE,17251,14442.91,52.508,59.545,63.123,34.856,68.202,58.558,93.912,17.509,77.051,59.444,51.464,64.534,14.103,32.133,66.505,26.683
2302008,Barro,CE,19381,12579.01,58.948,68.851,62.989,45.005,71.196,47.707,90.994,65.506,74.996,52.469,58.028,66.464,33.906,43.706,75.728,26.681
2204303,Fronteiras,PI,10259,11041.52,56.815,67.116,57.887,45.443,55.574,65.102,89.678,58.108,61.868,55.372,50.553,63.754,24.407,42.312,88.373,26.68
1101500,Seringueiras,RO,11171,30025.76,52.503,53.26,55.442,48.806,72.34,25.611,88.828,26.26,76.897,53.045,57.765,34.061,38.396,41.692,88.457,26.679
3520202,Igaratá,SP,10605,22811.71,58.226,71.771,68.001,34.905,69.891,62.557,86.202,68.435,77.355,75.106,53.985,65.559,26.523,40.414,46.007,26.677
4314506,Pinheiro Machado,RS,11214,35725.56,57.325,76.14,61.828,34.008,69.924,80.195,92.649,61.791,66.88,63.915,51.185,65.332,18.238,51.832,39.295,26.666
3528502,Mairiporã,SP,93853,24557.5,56.591,70.99,71.433,27.348,70.231,65.763,81.28,66.688,80.592,73.777,62.064,69.301,5.983,45.523,31.229,26.658
3157401,Santa Cruz do Escalvado,MG,4673,16590.38,60.347,72.374,65.349,43.317,66.937,54.771,89.6,78.187,60.165,68.697,67.92,64.615,41.581,40.125,64.903,26.658
2804508,Nossa Senhora da Glória,SE,41212,19328.42,57.444,72.302,62.053,37.978,73.39,74.096,90.851,50.87,64.101,61.445,55.166,67.499,46.851,40.44,37.962,26.656
3554805,Tremembé,SP,51173,17649.53,61.479,79.567,71.015,33.856,75.469,88.564,85.257,68.978,77.962,66.744,65.106,74.248,22.208,43.754,42.806,26.656
4217253,São Pedro de Alcântara,SC,5776,17635.07,61.728,73.27,71.347,40.568,77.145,73.925,85.298,56.713,82.832,76.654,58.028,67.876,19.103,56.409,60.107,26.653
3132800,Itambé do Mato Dentro,MG,2142,16892.73,55.144,67.457,63.227,34.748,55.45,54.595,74.093,85.689,78.281,57.303,57.029,60.293,31.149,41.998,39.203,26.644
5107404,São Pedro da Cipa,MT,4191,16653.26,59.451,77.601,61.15,39.603,67.415,88.274,90.236,64.478,65.127,66.314,49.537,63.622,32.183,39.565,60.023,26.639
3113909,Carmo da Cachoeira,MG,11547,28058.46,60.494,80.975,62.937,37.569,67.843,78.1,93.436,84.522,66.514,66.18,53.954,65.099,19.855,42.363,61.423,26.637
5105200,Juscimeira,MT,11480,46387.04,59.149,72.115,60.892,44.439,59.632,76.335,93.647,58.848,69.87,61.871,61.191,50.634,32.707,36.02,82.396,26.634
3140530,Martins Soares,MG,8396,25876.07,59.99,76.343,65.057,38.571,78.103,57.002,95.458,74.81,66.858,65.23,64.117,64.022,20.664,31.638,75.352,26.631
3140407,Marmelópolis,MG,3200,13470.75,60.164,78.53,62.431,39.53,63.049,71.548,94.547,84.974,78.852,60.452,46.984,63.436,29.331,36.223,65.937,26.631
2907509,Catu,BA,48148,14548.21,60.311,73.301,60.804,46.828,60.197,80.38,90.289,62.338,51.896,66.135,58.007,67.177,40.56,39.38,80.742,26.63
2112209,Timon,MA,174465,13400.31,61.828,71.237,65.469,48.777,59.337,84.465,82.395,58.753,72.878,58.75,57.198,73.05,48.258,38.771,81.45,26.628
3510302,Capela do Alto,SP,22866,17284.1,59.446,78.146,69.513,30.68,70.889,84.623,94.642,62.428,77.696,68.998,61.175,70.184,20.315,41.159,34.62,26.628
3166501,Serra Azul de Minas,MG,3792,11971.25,51.878,68.165,61.806,25.663,70.821,51.064,80.287,70.487,62.353,51.095,71.602,62.172,25.868,48.522,1.635,26.627
2915601,Itamaraju,BA,59605,18776.31,53.133,61.953,59.691,37.753,63.105,82.594,88.804,13.31,63.478,62.595,47.938,64.752,21.813,31.776,70.798,26.626
2928604,Santo Amaro,BA,56012,20463.75,56.054,64.152,57.418,46.592,68.604,78.713,87.282,22.009,53.821,61.076,51.312,63.463,35.073,44.012,80.659,26.624
3161007,São Domingos do Prata,MG,17392,18156.59,58.905,70.145,65.78,40.79,65.493,60.156,91.723,63.208,75.809,61.861,61.125,64.325,29,43.925,63.614,26.619
2515500,Serra Branca,PB,13614,10925.51,60.344,73.207,63.649,44.177,66.276,67.711,95.909,62.933,71.91,53.989,57.138,71.557,26.274,41.273,82.542,26.618
1100098,Espigão D'Oeste,RO,29414,26484.89,54.917,62.608,59.991,42.152,68.513,44.524,81.59,55.807,76.76,55.579,55.895,51.728,23.792,44.14,74.056,26.618
3541901,Queluz,SP,9159,42729.47,57.031,73.417,63.276,34.401,63.995,84.211,84.613,60.848,75.757,66.112,53.637,57.597,20.326,42.294,48.368,26.615
3152709,Prados,MG,9048,25516.6,62.652,76.941,69.024,41.99,52.828,79.235,91.741,83.96,77.972,69.295,64.328,64.502,20.409,47.145,73.796,26.609
2307254,Jijoca de Jericoacoara,CE,25555,21743.88,53.751,57.295,67.273,36.684,80.123,47.326,86.02,15.711,84.005,67.689,51.181,66.218,31.091,41.457,47.585,26.601
2203230,Currais,PI,4854,84878.2,51.938,69.616,48.832,37.365,64.275,80.66,51.183,82.346,63.856,32.373,55.701,43.398,29.476,15.913,77.473,26.599
2606408,Gravatá,PE,86516,15830.67,59.555,71.013,69.792,37.859,71.249,84.181,86.694,41.929,76.682,71.121,58.106,73.26,39.013,39.279,46.547,26.598
4314076,Passo do Sobrado,RS,6025,38392.76,59.325,75.975,60.731,41.269,67.397,79.678,77.623,79.2,76.79,61.437,51.59,53.106,27.096,51.364,60.018,26.598
3151305,Piraúba,MG,11610,17409.98,60.926,76.144,66.22,40.412,66.587,81.709,94.339,61.942,72.191,64.393,59.193,69.104,29.104,43.688,62.261,26.594
3521200,Iporanga,SP,4046,15798.88,60.101,70.569,66,43.734,67.448,57.483,74.454,82.892,81.179,59.408,55.822,67.592,35.796,43.051,69.501,26.59
2309409,Novo Oriente,CE,27545,10355.86,57.37,71.665,65.157,35.288,71.182,62.814,91.5,61.162,88.373,56.644,49.254,66.356,26.526,39.533,48.506,26.585
3158300,Santana da Vargem,MG,6691,36569.01,60.045,82.383,65.64,32.112,70.201,82.468,92.04,84.824,77.12,62.63,58.076,64.733,22.278,41.782,37.812,26.576
3127008,Fronteira,MG,14540,64785.32,60.515,78.367,70.181,32.999,72.781,83.473,92.16,65.053,70.414,73.061,66.461,70.786,45.384,43.704,16.331,26.576
2515104,São Sebastião de Lagoa de Roça,PB,11040,9652.47,58.307,68.669,60.15,46.103,72.462,53.134,85.601,63.479,62.582,57.965,55.566,64.486,40.346,40.958,76.541,26.569
2507002,Itaporanga,PB,23940,14357.81,57.093,72.042,60.07,39.168,73.476,71.136,91.508,52.046,65.864,58.342,49.811,66.263,36.387,33.962,59.754,26.569
2514206,São José da Lagoa Tapada,PB,7126,10171.1,55.794,64.559,58.603,44.22,70.608,43.519,86.56,57.548,62.336,52.156,52.807,67.112,30.777,25.679,93.865,26.56
2516102,Soledade,PB,13968,14673.93,63.041,77.655,63.081,48.387,74.931,73.25,94.164,68.276,73.123,59.241,52.996,66.964,33.327,39.857,93.805,26.558
4306429,Dois Irmãos das Missões,RS,2090,96003.88,58.912,77.559,54.286,44.891,86.026,82.448,73.211,68.548,58.355,53.595,43.218,61.975,16.895,51.041,85.072,26.558
3150158,Piedade de Caratinga,MG,8529,16626.3,58.401,73.124,63.697,38.384,66.711,68.721,93.026,64.037,60.164,63.122,63.403,68.098,30.278,39.004,57.699,26.555
1503804,Jacundá,PA,37707,16447.6,51.075,58.197,56.789,38.24,65.828,31.071,82.982,52.905,54.668,62.872,50.185,59.43,43.276,39.673,43.457,26.554
3107703,Bom Jesus do Amparo,MG,5631,28681.31,59.976,72.174,68.1,39.655,67.986,60.04,89.028,71.642,70.245,70.514,72.217,59.426,50.999,35.969,45.102,26.548
2313807,Uruburetama,CE,20189,14941.81,59.425,68.511,63.814,45.952,70.953,52.7,86.866,63.524,80.615,57.343,46.511,70.786,28.586,50.892,77.78,26.548
2108603,Pinheiro,MA,84621,12380.45,53.318,53.361,61.599,44.994,64.959,32.091,76.197,40.197,70.639,54.39,61.433,59.934,37.305,43.453,72.676,26.544
3503109,Arandu,SP,6885,28502.57,61.487,76.468,70.418,37.574,69.224,81.572,90.236,64.839,75.81,69.16,65.7,71.003,22.011,46.569,55.176,26.54
3553500,Tapiraí,SP,7996,23322.85,61.337,76.632,63.796,43.582,77.235,70.044,86.373,72.875,80.537,62.628,46.163,65.856,24.069,40.846,82.873,26.539
3138609,Lima Duarte,MG,17221,19867.58,62.345,75.148,68.233,43.653,63.817,82.004,93.81,60.959,73.862,66.54,60.981,71.548,30.364,50.743,66.969,26.539
4128534,Ventania,PR,9681,36170.4,52.742,70.678,58.092,29.457,74.098,73.256,90.514,44.844,72.866,50.955,39.353,69.192,18.563,30.297,42.432,26.538
2903953,Bom Jesus da Serra,BA,9730,7242.52,52.622,64.49,52.398,40.979,72.108,34.879,77.454,73.519,60.114,26.098,57.034,66.347,22.641,36.422,78.321,26.53
2910057,Dias d'Ávila,BA,71485,42983.84,57.084,64.406,63.723,43.121,66.465,77.565,90.088,23.509,59.54,65.612,57.841,71.899,42.153,46.188,57.614,26.53
3162203,São João Batista do Glória,MG,7652,35299.99,61.005,79.635,66.816,36.564,73.068,83.675,97.158,64.638,75.574,63.042,59.073,69.574,37.166,45.749,36.812,26.528
3543105,Ribeirão Corrente,SP,4608,69745.47,64.612,81.777,69.705,42.354,67.518,84.506,90.228,84.857,79.872,72.593,56.439,69.914,9.29,48.279,85.322,26.526
3113107,Caranaíba,MG,2933,14246.79,60.972,75.604,67.237,40.074,65.386,69.232,83.91,83.887,77.824,60.056,62.634,68.435,22.6,59.653,51.518,26.523
5219407,Santa Rita do Araguaia,GO,5924,34849.62,60.4,72.198,64.989,44.012,75.196,77.834,91.825,43.936,79.9,57.151,63.048,59.859,30.048,31.662,87.818,26.52
2903276,Barrocas,BA,15203,22934.48,58.546,76.154,64.199,35.285,68.192,77.641,93.652,65.132,63.924,59.853,62.453,70.565,16.703,36.619,61.301,26.519
3135209,Januária,MG,65150,12749.33,54.794,68.364,67.123,28.894,66.097,59.959,79.131,68.269,69.347,64.703,67.903,66.539,15.78,39.707,33.577,26.51
2511509,Pilar,PB,12311,9957.63,54.049,66.113,58.226,37.81,71.803,53.485,92.632,46.531,65.652,52.793,47.937,66.52,17.707,36.671,70.354,26.509
2708907,Satuba,AL,24278,10827.58,57.745,67.053,60.575,45.607,53.834,68.06,94.072,52.246,66.349,53.121,53.393,69.438,44.067,38.314,73.542,26.506
4300638,Amaral Ferrador,RS,5310,28005.6,55.567,61.355,62.434,42.911,74.344,47.438,77.17,46.468,67.718,57.214,62.348,62.457,18.515,43.239,83.4,26.492
3530409,Mirassolândia,SP,4669,46016.72,61.652,85.967,65.359,33.631,72.869,90.995,94.313,85.689,75.435,67.42,51.732,66.849,21.73,47.8,38.505,26.488
3112604,Capinópolis,MG,14655,45818.3,57.405,77.691,64.595,29.928,72.466,85.729,95.496,57.074,61.783,69.864,57.153,69.582,26.311,37.244,29.672,26.487
2109759,Santa Filomena do Maranhão,MA,6697,9057.13,53.738,66.211,56.082,38.921,69.655,54.329,70.63,70.229,57.656,45.338,63.507,57.828,27.62,26.514,75.064,26.486
4101309,Antônio Olinto,PR,7018,33494.23,54.782,71.447,62.152,30.746,73.967,39.016,88.48,84.325,79.006,51.4,55.165,63.035,25.474,19.023,52.003,26.486
2602506,Brejinho,PE,7720,10944.47,55.467,71.246,61.071,34.083,71.143,61.876,88.507,63.457,79.187,52.987,42.471,69.639,35.565,32.976,41.308,26.485
3124401,Espírito Santo do Dourado,MG,6611,18625.22,61.5,79.602,63.353,41.544,70.62,78.154,83.082,86.553,69.281,53.37,60.726,70.036,21.299,40.558,77.833,26.484
2310209,Paracuru,CE,38980,14366.07,54.216,58.076,68.226,36.348,76.245,37.022,86.245,32.79,82.866,67.806,52.035,70.195,33.964,39.603,45.359,26.465
3149507,Pequeri,MG,3351,18799.33,62.228,84.053,66.948,35.682,65.434,87.144,97.082,86.553,66.999,74.767,56.814,69.211,26.87,46.402,42.992,26.464
3128907,Guimarânia,MG,8478,38880.02,62.623,80.14,68.623,39.104,75.165,86.44,98.458,60.499,73.821,68.03,64.33,68.31,46.037,47.372,36.546,26.462
3550001,São Luiz do Paraitinga,SP,10337,19900.34,59.805,75.479,66.655,37.282,75.318,60.994,90.984,74.619,81.533,68.785,56.01,60.292,19.734,58.221,44.712,26.461
4207106,Ilhota,SC,17046,71807.09,61.703,78.087,66.337,40.684,80.895,78.762,89.875,62.817,71.669,65.35,63.482,64.846,26.048,44.06,66.173,26.456
2609709,Orobó,PE,21808,18420.08,58.869,63.954,68.342,44.31,71.533,31.537,85.102,67.645,83.405,64.062,55.671,70.231,32.744,42.514,75.529,26.454
3504701,Balbinos,SP,3887,16948.14,62.078,79.187,67.411,39.637,68.68,73.589,95.109,79.372,83.205,57.65,58.715,70.073,21.258,41.355,69.492,26.443
2301703,Aurora,CE,23714,9208.68,57.624,67.573,64.303,40.994,61.433,46.87,85.238,76.753,76.407,55.286,59.86,65.661,33.6,40.345,63.59,26.443
3535101,Palmares Paulista,SP,9650,14239.88,61.563,82.001,69.44,33.249,73.387,91.994,93.786,68.839,82.687,66.033,60.385,68.657,30.178,48.072,28.309,26.436
5103353,Confresa,MT,35075,43959.55,52.662,64.946,53.331,39.71,70.354,47.574,84.546,57.308,60.852,48.518,66.656,37.296,46.56,41.028,44.819,26.432
3150901,Piranguçu,MG,6041,13067.39,59.028,71.319,67.438,38.328,65.038,56.494,89.184,74.561,73.051,61.07,66.904,68.726,22.415,49.93,54.541,26.425
2901403,Angical,BA,13732,13970.16,53.946,67.364,53.952,40.52,69.376,58.48,74.199,67.403,63.789,42.139,54.87,55.011,23.799,29.989,81.871,26.423
3142106,Miradouro,MG,8968,19544.63,56.977,71.149,62.696,37.086,72.14,65.754,90.308,56.392,70.505,54.462,57.116,68.7,28.969,44.338,48.617,26.42
4313425,Novo Machado,RS,3198,58697.12,52.29,64.123,57.856,34.891,56.261,67.359,92.878,39.992,65.672,49.193,48.69,67.868,19.179,54.362,39.607,26.415
2500304,Alagoa Grande,PB,26062,11599.53,53.767,75.229,54.471,31.601,70.512,72.218,89.918,68.269,48.502,59.241,46.731,63.41,18.825,38.418,42.746,26.413
2408300,Nova Cruz,RN,34269,16475.32,53.153,67.017,60.87,31.57,76.372,73.744,91.65,26.302,61.072,60.479,54.816,67.115,23.493,43.343,33.04,26.405
2609006,Macaparana,PE,23879,11962.31,57.12,67.19,61.602,42.568,71.679,74.986,91.98,30.116,76.729,53.515,45.904,70.26,27.641,40.792,75.44,26.399
1507607,São Miguel do Guamá,PA,52894,15104.34,52.98,61.23,54.799,42.913,65.78,43.372,72.752,63.014,55.487,54.248,56.504,52.956,39.461,26.105,79.686,26.399
2105708,Lago da Pedra,MA,44403,12487.79,53.363,55.697,62.065,42.328,57.482,36.786,76.693,51.827,72.243,57.973,55.524,62.521,33.867,29.448,79.603,26.393
4319208,São Nicolau,RS,5118,44882.71,56.024,69.319,58.308,40.444,78.306,73.726,74.19,51.051,69.829,57.996,38.49,66.918,16.193,46.711,72.479,26.392
2107456,Olinda Nova do Maranhão,MA,13577,7961.28,52.393,59.632,57.285,40.263,65.689,45.991,57.084,69.763,64.619,57.293,54.615,52.613,36.471,29.575,68.615,26.391
4123303,Santa Cruz de Monte Castelo,PR,8613,43870.12,61.936,76.287,65.424,44.097,61.355,78.476,91.456,73.862,76.798,58.672,61.161,65.064,26.922,43.978,79.101,26.388
3115458,Catuji,MG,7030,11934.14,48.088,55.243,57.854,31.168,46.767,48.223,74.583,51.397,65.921,46.666,55.618,63.21,30.112,31.766,36.407,26.387
1200450,Senador Guiomard,AC,21454,36606.86,51.163,53.155,58.654,41.678,61.815,37.743,71.734,41.329,69.49,59.288,60.624,45.214,30.638,40.293,69.401,26.381
2107704,Paraibano,MA,18274,10108.44,52.331,62.129,57.243,37.621,53.468,46.73,82.192,66.126,60.534,55.489,47.481,65.468,33.774,20.056,70.279,26.375
3151602,Planura,MG,11145,51908.53,60.597,78.51,64.982,38.3,65.706,93.408,89.64,65.285,63.008,72.721,55.159,69.039,20.737,56.22,49.871,26.374
3506904,Bofete,SP,10460,20457.43,59.002,79.565,67.65,29.792,78.345,70.535,87.43,81.951,72.45,71.29,61.217,65.646,19.147,37.144,36.506,26.369
5221700,Uruana,GO,13729,21597.04,58.994,69.769,65.232,41.979,69.844,70.236,93.682,45.314,79.943,58.068,59.351,63.566,45.101,33.553,62.9,26.364
2704203,Limoeiro de Anadia,AL,24740,27895.25,52.414,62.533,57.951,36.757,73.515,34.464,78.785,63.369,62.768,48.123,54.58,66.331,17.84,27.966,74.86,26.363
5105507,Vila Bela da Santíssima Trindade,MT,16774,38380.21,45.541,49.752,44.921,41.948,68.15,35.999,78.711,16.148,51.128,40.291,61.476,26.791,27.539,39.051,74.843,26.36
3127370,Goiabeira,MG,2830,17764.07,60.153,85.402,64.42,30.635,76.131,86.545,95.144,83.79,75.181,65.121,51.733,65.646,20.669,32.635,42.879,26.357
2805109,Pedrinhas,SE,7396,13474.61,56.601,62.758,62.461,44.584,70.32,32.296,95.868,52.546,56.356,67.452,54.152,71.883,33.382,30.191,88.411,26.35
3203601,Mucurici,ES,5466,17829.17,61.319,76.742,63.314,43.901,69.121,74.931,93.648,69.269,76.772,62.331,45.897,68.257,41.312,59.895,48.05,26.349
3114808,Carvalhos,MG,4422,18368.76,58.396,74.446,63.764,36.977,65.556,57.429,88.244,86.553,77.128,61.278,48.637,68.015,26.655,46.68,48.224,26.347
3100302,Abre Campo,MG,13927,18999.4,54.59,70.089,67.671,26.01,58.432,62.843,84.35,74.73,75.588,63.558,65.324,66.215,31.304,44.695,1.694,26.347
1500305,Afuá,PA,37765,11849.04,50.72,55.707,54.862,41.59,73.951,20.802,66.582,61.492,43.148,35.634,72.442,68.226,41.921,22.891,75.202,26.345
3506706,Boa Esperança do Sul,SP,12978,29552.51,63.661,84.443,63.458,43.082,76.536,96.73,88.019,76.488,70.624,68.402,46.747,68.058,11.818,53.541,80.627,26.344
4123006,Salto do Lontra,PR,15223,35064.47,54.887,72.07,65.633,26.957,77.177,76.107,91.877,43.12,79.851,58.25,55.999,68.432,30.971,42.905,7.613,26.341
2516409,Tacima,PB,8010,11531.26,53.7,66.451,55.356,39.295,70.211,37.476,89.477,68.64,60.714,48.634,56.979,55.095,32.742,31.632,66.464,26.34
3524204,Jaborandi,SP,6221,24818.67,65.583,81.963,68.134,46.651,72.092,89.447,92.156,74.159,79.635,68.675,51.895,72.331,16.624,61.213,82.442,26.327
2412302,São José do Campestre,RN,11121,11330.47,53.108,68.274,57.241,33.808,73.762,72.874,95.229,31.23,60.256,57.296,47.278,64.133,32.91,41.333,34.668,26.322
2103257,Cidelândia,MA,12878,14360.01,51.186,66.232,50.683,36.642,49.537,61.693,80.06,73.637,62.669,45.655,49.182,45.226,34.24,22.193,63.815,26.322
3526100,Juquiá,SP,17154,21518.84,58.256,70.075,67.353,37.341,64.597,69.417,83.583,62.704,83.431,65.881,46.928,73.172,20.571,37.597,64.877,26.317
2305266,Ibaretama,CE,11956,11143.4,53.156,55.816,62.314,41.337,72.585,32.133,76.954,41.59,68.432,51.502,62.182,67.141,26.064,33.02,79.952,26.313
2504074,Caraúbas,PB,3944,10777.14,58.875,73.091,58.03,45.504,65.621,55.994,87.907,82.842,68.473,40.479,57.534,65.635,28.135,39.844,87.725,26.312
2506004,Esperança,PB,31231,16360.63,55.378,72.98,61.072,32.083,67.005,58.647,93.937,72.332,66.328,61.381,50.855,65.722,20.753,36.823,44.447,26.31
2911253,Gavião,BA,4360,11532.89,52.512,57.761,62.227,37.548,74.05,63.363,91.544,2.087,71.298,57.208,58.683,61.718,35.947,42.066,45.871,26.308
3201605,Conceição da Barra,ES,27458,22270.4,56.895,69.546,64.061,37.077,70.81,73.545,88.518,45.314,74.961,64.982,54.62,61.68,14.425,39.675,67.901,26.307
2515971,Sobrado,PB,8236,13778.7,54.2,60.891,58.915,42.794,76.414,24.541,81.041,61.568,54.431,67.488,51.292,62.448,32.666,25.132,87.073,26.306
4314068,Passa Sete,RS,3983,33631.12,47.92,55.212,56.66,31.887,75.349,21.461,58.048,65.99,76.273,37.794,45.029,67.546,25.748,39.906,35.589,26.305
2400406,Água Nova,RN,2946,11814.4,60.849,74.835,63.836,43.876,81.979,70.72,90.528,56.115,65.56,62.177,60.423,67.183,26.863,33.035,89.302,26.305
2613503,São José do Belmonte,PE,34843,9873.93,56.622,71.969,63.072,34.825,73.022,54.118,87.429,73.307,76.851,54.555,55.874,65.008,29.049,40.598,43.35,26.305
2204501,Guadalupe,PI,10270,62496.93,59.686,71.119,60.577,47.361,62.665,73.606,82.369,65.837,63.894,57.325,56.803,64.287,29.344,52.888,80.908,26.303
2701001,Boca da Mata,AL,21187,24058.24,54.732,68.959,62.658,32.578,72.398,69.599,93.634,40.204,68.857,55.859,50.771,75.147,23.035,30.732,50.242,26.303
2412559,São Miguel do Gostoso,RN,10221,48550.66,54.445,61.907,54.152,47.276,72.885,37.898,86.067,50.779,46.274,56.551,51.469,62.312,43.019,40.584,79.2,26.302
4219358,Vitor Meireles,SC,5370,26686.7,52.931,67.057,60.996,30.741,57.694,50.927,87.528,72.079,73.891,42.353,59.292,68.448,24.566,40.676,31.434,26.29
3101631,Alfredo Vasconcelos,MG,6931,21896.24,62.594,79.253,67.797,40.732,73.907,69.128,90.016,83.96,75.788,69.081,54.665,71.654,31.195,43.771,61.673,26.29
1600212,Cutias,AP,4461,21366.46,53.281,67.329,54.124,38.389,87.393,51.801,74.726,55.398,56.572,47.094,61.356,51.474,33.683,28.84,64.744,26.288
2209302,Santa Luz,PI,5336,11794.62,55.976,62.887,60.959,44.081,64.053,62.601,64.566,60.33,73.013,48.235,57.682,64.906,36.69,21.492,91.855,26.288
4314027,Paraíso do Sul,RS,6519,32044.47,57.529,74.032,57.786,40.77,53.126,69.452,88.727,84.824,66.334,54.76,43.528,66.521,32.248,42.597,61.954,26.279
5107180,Ribeirão Cascalheira,MT,10089,75563.08,48.154,63.269,50.08,31.112,67.138,57.031,83.264,45.643,63.12,55.437,63.108,18.656,23.198,31.208,43.768,26.274
1600535,Porto Grande,AP,17848,21105.78,47.464,49.887,56.44,36.066,64.704,14.443,68.944,51.457,57.921,54.117,59.802,53.919,30.359,42.157,45.478,26.269
2600203,Afrânio,PE,18674,11317.7,53.046,63.154,59.433,36.552,70.628,47.384,78.474,56.128,75.079,37.976,59.964,64.714,27.104,35.488,57.349,26.265
3303609,Paracambi,RJ,41375,28311.16,56.577,76.513,67.92,25.298,66.339,76.871,96.297,66.545,72.294,67.473,56.098,75.813,12.598,47.334,14.996,26.263
2403202,Doutor Severiano,RN,7044,11233.74,57.895,67.859,59.426,46.4,67.698,64.551,85.587,53.599,63.155,50.055,57.826,66.669,33.674,30.804,94.86,26.261
1702307,Arapoema,TO,5550,58899.46,55.389,74.556,56.804,34.808,69.743,69.115,90.602,68.764,71.187,60.516,45.17,50.345,28.07,29.834,55.072,26.255
5007307,Rio Negro,MS,4841,27948.26,56.846,76.782,58.536,35.221,60.217,80.082,89.215,77.613,64.352,61.969,54.04,53.783,16.22,22.059,76.351,26.254
4200606,Águas Mornas,SC,6743,29810.73,57.706,68.775,66.802,37.54,74.491,50.199,87.619,62.791,77.118,71.368,52.048,66.672,22.983,41.631,59.294,26.253
2807105,Simão Dias,SE,42578,18699.28,56.068,70.299,64.56,33.345,69.992,66.035,87.511,57.657,67.995,59.992,62.412,67.842,39.328,36.438,31.36,26.253
3150406,Piedade dos Gerais,MG,5019,18026.84,60.381,72.785,63.669,44.69,83.728,45.796,88.184,73.433,66.251,57.161,65.064,66.199,17.371,49.24,85.901,26.248
5200902,Amorinópolis,GO,3007,39830.73,60.203,75.773,61.533,43.302,57.067,70.53,94.135,81.36,78.253,45.641,64.595,57.645,26.07,35.545,85.351,26.242
2104073,Feira Nova do Maranhão,MA,8048,14771.44,51.758,58.516,58.545,38.214,68.324,34.666,64.342,66.732,72.569,43.869,59.646,58.094,16.695,29.425,80.494,26.241
3102506,Amparo do Serra,MG,4541,12405.69,56.632,75.222,56.72,37.955,61.338,61.279,91.716,86.553,64.694,58.433,37.272,66.48,27.396,47.687,50.502,26.236
1301308,Codajás,AM,23549,22755.89,54.691,65.39,56.487,42.195,67.903,39.775,87.592,66.289,56.081,40.21,62.602,67.055,29.299,23.553,89.706,26.224
3129608,Ibiaí,MG,6286,18422.24,59.492,76.631,62.938,38.906,72.259,59.981,88.975,85.309,63.632,65.146,63.154,59.82,30.511,37.171,61.718,26.222
5106422,Peixoto de Azevedo,MT,32714,28284.15,49.531,65.667,49.071,33.856,66.643,60.391,88.45,47.185,62.4,54.622,47.142,32.119,44.788,31.385,33.03,26.221
4106803,Cruz Machado,PR,15978,31843.05,54.647,63.905,60.134,39.902,69.154,44,69.103,73.361,78.516,42.926,58.347,60.747,21.047,41.997,70.346,26.219
3169000,Tocantins,MG,16185,21763.59,55.598,68.731,65.69,32.373,69.679,89.46,93.833,21.95,74.247,64.166,58.163,66.183,32.765,45.24,25.281,26.207
2406908,Lucrécia,RN,3490,14867.06,58.283,65.205,59.259,50.384,58.069,69.136,93.409,40.206,46.333,66.391,56.208,68.105,37.848,40.215,97.268,26.204
2310308,Parambu,CE,31445,9247.78,54.852,61.911,62.106,40.54,63.22,34.328,85.744,64.353,79.008,52.069,52.596,64.751,24.592,37.668,73.711,26.188
3544608,Sabino,SP,5112,34576.87,61.883,77.367,63.145,45.136,61.364,94.264,93.786,60.056,74.234,65.286,48.944,64.116,21.358,46.872,86.128,26.187
2900108,Abaíra,BA,7301,9684.62,63.264,81.276,64.046,44.469,84.651,68.764,90.491,81.199,71.86,57.55,55.07,71.703,41.899,34.827,74.975,26.173
2104909,Guimarães,MA,10290,9144.4,58.524,62.008,60.826,52.738,56.804,60.319,67.704,63.204,66.759,51.742,58.022,66.779,63.488,35.255,86.047,26.164
3108800,Braúnas,MG,4441,48331.35,56.741,68.417,64.021,37.783,70.435,46.03,82.245,74.959,75.434,43.202,65.828,71.621,36.615,29.504,58.852,26.162
1500206,Acará,PA,59023,24463.41,48.747,51.917,48.056,46.269,68.918,29.786,64.133,44.83,43.47,39.983,60.266,48.504,50.617,25.172,83.127,26.162
3165008,São Tiago,MG,11192,22148.9,61.241,77.695,66.565,39.465,61.553,77.948,94.275,77.004,73.248,68.215,58.774,66.022,21.574,50.922,59.203,26.16
3125002,Ewbank da Câmara,MG,3875,14131.83,62.165,83.374,62.277,40.845,64.814,95.389,97.775,75.519,59.277,73.211,48.343,68.277,26.949,41.613,68.657,26.159
2609154,Manari,PE,23763,5898.62,53.74,61.903,59.947,39.369,68.491,28.545,87.807,62.768,71.037,42.764,58.591,67.397,33.592,36.226,61.502,26.158
3140100,Marilac,MG,4224,13764.29,58.44,71.472,59.449,44.398,69.408,78.949,95.045,42.484,71.183,57.661,42.713,66.24,36.897,57.806,56.734,26.157
5106216,Nova Canaã do Norte,MT,11707,78226.43,57.016,71.485,57.454,42.11,71.884,68.412,92.387,53.255,70.035,59.462,64.816,35.502,20.48,38.886,82.925,26.149
4311155,Jóia,RS,7184,136766.07,60.079,76.706,58.382,45.148,79.388,81.615,74.588,71.231,74.032,53.26,49.176,57.06,20.238,48.003,86.208,26.143
3166907,Serrania,MG,7621,21365.57,61.489,81.849,67.498,35.119,65.396,90.061,97.643,74.298,74.739,70.546,55.442,69.266,20.755,46.153,47.432,26.135
5103437,Curvelândia,MT,4903,25443.42,56.432,63.306,58.404,47.586,69.606,46.567,89.726,47.326,67.371,56.77,57.403,52.073,38.733,32.44,93.043,26.126
5101001,Araguaiana,MT,3795,33601.62,53.663,75.442,49.695,35.851,80.867,66.047,91.498,63.357,74.727,33.018,57.027,34.008,31.765,41.684,43.829,26.124
5102603,Campinápolis,MT,15347,28705.06,44.534,59.136,37.43,37.037,59.333,40.845,56.635,79.73,52.341,15.346,52.993,29.039,39.796,26.706,55.522,26.124
4215109,Rodeio,SC,12757,30795.25,61.93,76.056,68.419,41.314,76.304,66.982,91.757,69.179,74.749,71.374,60.279,67.274,23.67,53.893,61.572,26.123
2913903,Ipiaú,BA,40706,14075.8,57.213,71.72,63.776,36.144,54.421,89.002,94.374,49.083,60.952,66.215,56.099,71.836,35.198,39.15,44.112,26.115
4113734,Luiziana,PR,6690,82342.63,56.231,76.808,56.282,35.602,75.191,74.149,94.255,63.637,71.532,48.855,41.023,63.717,25.124,39.868,51.314,26.102
2100550,Amapá do Maranhão,MA,7170,9864.09,50.604,62.466,54.522,34.824,70.612,46.539,77.299,55.414,59.928,56.267,55.071,46.823,17.422,7.298,88.474,26.101
4102901,Bituruna,PR,15533,35820.85,53.259,68.053,60.044,31.68,68.602,62.399,82.973,58.24,75.139,58.297,46.851,59.887,33.37,31.527,35.73,26.094
3531704,Monteiro Lobato,SP,4138,20211.73,58.129,73.875,66.271,34.243,63.219,62.197,87.308,82.774,72.111,66.373,59.673,66.926,26.113,41.366,43.407,26.086
3138658,Lontra,MG,8790,10755.76,56.537,77.324,64.391,27.895,72.803,71.46,88.412,76.622,78.386,50.926,61.787,66.466,15.662,43.789,26.045,26.084
4311775,Maquiné,RS,7418,25865.94,56.557,71.697,62.358,35.616,72.313,56.555,86.517,71.402,65.025,69.01,55.648,59.749,28.899,36.485,50.995,26.083
1700400,Almas,TO,6499,42427.96,54.469,66.609,54.524,42.275,73.971,73.874,77.133,41.458,71.235,61.87,46.824,38.167,29.936,35.393,77.695,26.076
2615300,Timbaúba,PE,46147,16296.99,60.291,72.847,64.372,43.653,73.427,72.756,93.598,51.607,78.218,66.212,47.035,66.022,40.297,38.945,69.298,26.071
4114104,Mandaguaçu,PR,31457,22023.61,56.636,71.14,68.745,30.023,73.031,81.635,93.244,36.649,79.389,66.776,57.78,71.036,23.282,54.961,15.779,26.071
2311108,Porteiras,CE,17050,11010.88,55.729,61.823,64.367,40.999,65.701,34.898,88.462,58.232,72.941,55.321,61.136,68.069,31.369,37.517,69.051,26.058
1502954,Eldorado do Carajás,PA,28192,19867.38,49.815,58.939,53.707,36.799,58.185,53.543,77.739,46.29,54.096,51.161,55.036,54.537,41.219,23.777,56.144,26.055
2107803,Parnarama,MA,31250,10411.58,52.432,65.999,52.8,38.498,65.795,75.299,63.956,58.946,62.482,39.162,59.424,50.132,27.849,25.805,74.283,26.053
2907301,Castro Alves,BA,24712,12931.24,54.713,67.721,62.18,34.238,59.5,76.177,87.91,47.298,64.9,57.537,55.97,70.311,25.833,40.089,44.978,26.053
3510708,Cardoso,SP,11345,28511.61,60.853,81.547,66.971,34.042,72.323,94.766,96.57,62.529,82.894,68.697,53.557,62.734,20.279,54.469,35.368,26.052
5006903,Porto Murtinho,MS,12859,37357.91,54.788,72.618,48.277,43.47,68.373,80.16,89.962,51.977,55.188,43.064,57.487,37.369,50.156,35.877,61.803,26.045
2211357,Várzea Branca,PI,5055,8875.4,51.331,59.85,55.324,38.82,60.82,32.615,77.893,68.074,54.648,42.743,59.345,64.559,35.062,17.637,76.541,26.039
2108256,Pedro do Rosário,MA,24320,6540.16,48.339,53.264,52.74,39.014,63.224,48.095,44.543,57.194,64.429,38.099,64.19,44.241,24.001,22.232,83.786,26.037
5212055,Jesúpolis,GO,2123,18817.96,64.294,78.216,71.486,43.178,73.351,73.533,94.081,71.9,82.673,69.545,67.119,66.609,39.106,25.378,82.193,26.035
3142205,Miraí,MG,13633,24686.35,57.317,75.02,64.301,32.631,60.645,79.746,91.859,67.828,70.487,58.325,59.244,69.15,23.839,41.212,39.448,26.027
3147709,Passa Tempo,MG,8473,57102.37,61.253,77.571,64.299,41.889,63.702,77.525,94.348,74.71,74.726,57.834,58.023,66.613,22.561,43.679,75.288,26.027
2906709,Cândido Sales,BA,25247,9763.23,56.957,69.771,55.226,45.875,72.906,66.305,83.739,56.133,55.165,50.614,56.519,58.605,36.392,39.416,81.664,26.026
3164803,São Sebastião do Rio Preto,MG,1259,20778.06,60.367,77.717,65.374,38.008,74.85,61.486,88.845,85.689,77.627,69.165,49.669,65.037,42.762,46.486,36.758,26.025
3140852,Matias Cardoso,MG,8895,17964.71,55.51,70.442,61.222,34.867,72.477,55.018,81.146,73.127,66.764,51.048,66.034,61.04,27.207,28.39,57.846,26.023
3134509,Itutinga,MG,4217,41208.05,61.326,78.098,68.031,37.849,61.409,75.386,92.753,82.845,76.544,70.515,60.523,64.543,34.967,46.86,43.556,26.015
2921104,Medeiros Neto,BA,22194,23359.29,56.964,72.492,58.765,39.636,60.871,78.812,91.431,58.853,59.786,57.308,52.493,65.474,36.848,30.319,65.363,26.015
5201603,Araçu,GO,3799,19487.37,58.964,70.691,70.121,36.079,63.672,77.463,85.726,55.905,84.584,75.231,57.132,63.537,22.476,36.368,59.463,26.008
2101939,Bernardo do Mearim,MA,5840,18132.43,59.108,72.911,62.073,42.34,68.475,56.956,83.593,82.621,70.832,49.335,64.121,64.004,37.612,19.574,86.168,26.004
5218607,Rialma,GO,12165,26040.34,59.811,72.727,67.782,38.924,64.28,75.824,82.749,68.056,83.348,63.175,56.403,68.202,33.862,43.924,51.908,26.003
3121308,Descoberto,MG,4928,16708.96,61.204,75.554,66.972,41.087,68.437,77.169,95.158,61.452,77.599,65.505,56.454,68.33,19.983,42.116,76.249,25.999
2610707,Paulista,PE,342167,16461.18,62.711,73.225,70.203,44.705,63.94,78.834,87.653,62.472,75.449,67.9,64.873,72.589,49.497,44.247,59.084,25.991
3159209,Santa Rita de Caldas,MG,8460,27141.73,57.55,72.467,65.322,34.861,72.192,72.557,91.915,53.202,80.499,62.001,49.916,68.874,27.824,34.674,50.958,25.988
3145877,Orizânia,MG,8437,14572.72,56.116,67.867,62.983,37.499,63.892,47.189,86.555,73.83,66.071,61.151,61.391,63.319,25.047,35.26,63.701,25.987
2607653,Itambé,PE,34935,15070.06,55.34,62.701,63.25,40.068,72.964,60.225,94.192,23.423,69.703,64.927,51.264,67.106,41.742,30.125,62.42,25.985
1101435,Nova União,RO,6200,25559.59,50.285,57.963,52.319,40.574,66.359,29.865,80.583,55.045,67.361,47.298,61.011,33.608,24.343,30.008,81.962,25.982
2700409,Atalaia,AL,37512,40288.35,54.198,67.683,58.605,36.305,65.46,55.855,90.738,58.679,60.363,54.093,46.229,73.736,27.33,24.203,67.709,25.979
5216304,Paranaiguara,GO,7607,31338.85,52.2,72.43,64.64,19.53,54.786,92.762,96.044,46.127,79.07,67.786,48.507,63.199,22.155,27.226,2.772,25.968
1720804,Sítio Novo do Tocantins,TO,10830,12357.52,57.902,71.045,59.723,42.938,68.5,60.227,81.527,73.927,65.765,48.822,63.158,61.146,32.838,26.131,86.814,25.967
5005152,Juti,MS,6729,69498.46,54.822,65.756,58.503,40.206,63.763,68.056,85.868,45.339,63.129,67.175,45.212,58.498,25.079,40.994,68.786,25.963
4305124,Cerrito,RS,5808,27979.46,60.388,77.428,53.421,50.316,77.943,54.32,91.76,85.689,55.348,46.502,52.538,59.296,32.711,55.919,86.674,25.961
2707701,Rio Largo,AL,93927,15259.68,55.672,66.258,63.45,37.308,63.192,66.844,96.498,38.497,67.988,65.614,49.893,70.307,26.35,30.204,66.718,25.96
2206001,Marcos Parente,PI,4724,11702.93,58.743,82.883,57.659,35.686,75.929,84.954,84.96,85.689,71.421,57.481,45.101,56.633,22.771,13.091,80.925,25.958
3105301,Bandeira do Sul,MG,5943,14675.26,58.894,78.969,62.431,35.283,72.353,86.882,93.749,62.892,66.721,67.884,47.531,67.589,23.638,48.726,42.816,25.953
3203403,Mimoso do Sul,ES,24475,24998.94,58.428,70.323,66.404,38.557,69.624,65.095,86.255,60.318,74.026,64.696,63.184,63.71,32.495,48.9,46.882,25.952
2806602,Santo Amaro das Brotas,SE,11092,15226.19,56.964,64.676,64.036,42.18,69.048,52.653,80.778,56.224,65.745,61.747,56.336,72.316,21.9,37.72,83.147,25.952
4323457,Vila Nova do Sul,RS,3863,51092.77,59.03,79.625,56.232,41.233,83.4,67.248,83.029,84.824,67.987,62.248,40.371,54.321,29.54,48.344,61.097,25.951
2102556,Campestre do Maranhão,MA,12301,17527.07,54.154,72.339,60.569,29.555,73.888,87.6,83.623,44.246,74.376,60.125,50.071,57.703,19.314,14.53,58.429,25.948
4205159,Doutor Pedrinho,SC,3637,48660.59,60.272,75.209,65.964,39.644,74.166,59.324,81.656,85.689,77.001,69.909,50.999,65.946,16.977,48.733,66.922,25.943
3108602,Brasília de Minas,MG,32025,11871.36,59.485,71.936,66.535,39.983,68.252,61.905,88.758,68.828,77.804,60.623,60.318,67.396,45.987,44.665,43.337,25.942
1500958,Aurora do Pará,PA,23774,13076.72,48.785,56.835,53.008,36.514,68.219,51.708,63.007,44.405,54.026,39.875,64.748,53.383,18.909,24.665,76.541,25.94
2901106,Amélia Rodrigues,BA,24138,18260.77,55.328,70.351,61.993,33.641,78.97,65.193,90.972,46.268,61.1,67.198,55.455,64.219,14.081,35.377,59.17,25.938
2614303,Moreilândia,PE,10540,8695.56,57.532,67.102,65.755,39.738,78.89,42,87.088,60.429,75.418,54.452,68.864,64.286,29.748,30.642,72.625,25.936
4300455,Alegria,RS,3651,43211.54,64.329,81.511,63.332,48.145,71.455,92.059,77.254,85.276,65.2,61.47,57.619,69.039,36.41,40.322,89.915,25.932
3123106,Dores de Guanhães,MG,5029,38193.48,55.254,69.278,60.504,35.98,63.71,70.596,81.323,61.485,76.197,42.585,62.106,61.127,30.489,39.298,48.202,25.932
3537503,Pereiras,SP,8737,36658.48,62.134,85.561,66.025,34.816,78.895,81.255,96.406,85.689,82.136,69.855,46.921,65.188,20.673,56.209,36.454,25.929
5104542,Itanhangá,MT,7539,96395.9,56.122,76.819,51.955,39.592,81.731,65.464,88.595,71.487,64.502,35.801,65.332,42.184,17.293,34.412,80.737,25.925
2112233,Trizidela do Vale,MA,22484,23545.08,59.464,71.696,62.978,43.717,55.81,77.711,92.514,60.749,75.026,52.206,55.979,68.702,45.69,32.313,70.94,25.925
3116159,Chapada Gaúcha,MG,12355,32866.11,56.428,70.745,63.198,35.341,74.716,57.751,82.406,68.105,76.147,44.465,69.072,63.109,30.441,39.657,45.345,25.922
5221197,Terezópolis de Goiás,GO,7944,26763.44,59.1,70.599,67.309,39.393,73.423,80.107,95.159,33.707,75.321,69.331,54.08,70.503,21.352,31.021,79.278,25.921
4306973,Erebango,RS,3054,59527.01,52.704,58.531,63.154,36.426,79.673,56.772,48.07,49.608,61.834,73.305,51.206,66.273,26.365,30.992,62.43,25.918
2506202,Frei Martinho,PB,2846,10711.5,60.837,78.169,61.18,43.162,70.365,62.663,95.843,83.806,70.592,50.994,54.61,68.525,25.959,28.721,92.066,25.903
4124004,Santana do Itararé,PR,5514,31350.89,62.117,74.404,67.589,44.359,54.309,78.174,91.851,73.283,78.925,61.409,59.913,70.108,25.556,42.932,83.047,25.901
2206100,Matias Olímpio,PI,10641,9045.44,55.206,66.776,60.442,38.399,72.497,61.663,59.08,73.863,65.028,51.883,61.035,63.824,17.611,29.999,80.099,25.887
3544806,Sales,SP,6437,26521.24,67.15,85.297,69.606,46.545,68.928,90.321,97.464,84.474,81.235,67.483,58.601,71.107,29.164,55.418,75.718,25.881
1302504,Manacapuru,AM,101883,15271.94,54.605,66.426,61.689,35.7,64.046,66.367,78.715,56.576,69.624,55.836,62.495,58.801,40.863,28.552,47.503,25.881
3537800,Piedade,SP,52970,30370.81,61.151,69.682,72.916,40.856,74.677,56.964,79.507,67.579,83.055,70.708,67.747,70.156,29.476,63.137,44.931,25.88
2409209,Passagem,RN,3115,14916.77,57.851,70.085,61.148,42.319,65.682,54.661,94.455,65.541,56.088,70.967,58.588,58.951,26.055,29.695,87.647,25.878
2311900,Saboeiro,CE,13854,12349.93,56.761,67.478,60.153,42.651,75.57,48.26,86.651,59.431,72.289,48.61,56.773,62.94,33.58,35.206,75.943,25.876
2102903,Carutapera,MA,24238,8396.52,48.296,59.512,57.257,28.118,65.823,36.999,69.136,66.091,64.692,49.957,59.323,55.057,12.827,24.469,49.3,25.874
1100080,Costa Marques,RO,12627,25261.95,51.469,61.995,52.527,39.886,71.048,25.774,89.177,61.981,71.69,46.087,54.237,38.093,41.198,34.512,57.964,25.869
5210158,Ipiranga de Goiás,GO,2919,24134.83,56.025,66.376,60.497,41.201,65.591,56.003,87.608,56.303,81.843,42.624,53.895,63.627,27.471,40.313,71.163,25.856
2103307,Codó,MA,114275,14533.56,58.07,66.556,62.137,45.519,59.513,74.353,69.299,63.059,67.853,53.439,61.094,66.161,52.482,36.262,67.478,25.852
2200202,Água Branca,PI,17573,13984.63,60.407,72.338,64.678,44.204,61.098,86.88,88.021,53.355,72.179,65.322,52.507,68.705,38.594,40.34,72.043,25.84
3112703,Capitão Enéas,MG,14108,35807.99,55.156,74.033,62.33,29.105,72.342,68.4,86.89,68.498,67.613,67.465,52.305,61.936,29.292,36.158,25.133,25.838
3304904,São Gonçalo,RJ,896744,22830.66,57.925,69.97,65.894,37.909,65.384,80.762,82.773,50.962,66.735,68.129,56.435,72.278,47.682,47.933,30.188,25.834
2303659,Catunda,CE,10444,10809.96,57.069,64.462,61.822,44.922,70.979,48.181,91.918,46.77,89.41,47.416,50.047,60.416,33.642,30.331,89.879,25.834
4117206,Nova Olímpia,PR,5833,18861.19,65.725,81.123,67.303,48.749,75.26,81.022,97.762,70.446,77.376,70.863,52.077,68.897,32.721,57.716,78.737,25.819
2211100,União,PI,46119,9180.26,56.237,61.293,57.081,50.336,61.843,56.798,69.899,56.633,64.044,40.485,54.475,69.321,53.129,41.216,81.184,25.816
5106000,Nortelândia,MT,5956,55077.29,54.691,64.682,58.268,41.121,73.369,67.659,90.423,27.278,57.434,67.349,52.936,55.354,29.488,31.227,77.955,25.815
3120508,Cristina,MG,10374,22710.95,57.707,75.014,63.762,34.344,58.903,73.525,91.599,76.03,66.05,57.412,62.151,69.437,19.64,54.635,37.292,25.81
3118403,Conselheiro Pena,MG,20824,18568.97,55.345,71.751,64.769,29.513,65.28,86.011,92.871,42.844,64.733,68.545,59.399,66.399,18.808,35.885,37.55,25.809
2201556,Bela Vista do Piauí,PI,4091,11541.97,54.454,66.528,57.968,38.865,62.98,37.433,80.874,84.824,75.225,47.655,44.065,64.929,19.992,33.868,75.793,25.806
2407807,Monte Alegre,RN,23031,11872.59,56.674,68.989,57.067,43.965,75.635,66.721,94.619,38.98,52.385,61.13,51.835,62.919,34.907,27.227,87.926,25.8
3163003,São José da Safira,MG,3806,13116.6,56.522,72.044,63.167,34.355,70.915,69.828,87.454,59.978,74.557,55.782,52.715,69.614,28.119,31.286,52.217,25.799
5214507,Nerópolis,GO,31932,32213.41,58.656,70.543,67.367,38.058,68.196,70.776,96.755,46.444,80.716,64.361,55.669,68.72,26.188,33.345,66.902,25.795
3145109,Nova Resende,MG,16387,23706.86,59.415,75.77,65.752,36.723,77.091,66.495,94.177,65.318,66.998,64.114,62.168,69.729,16.274,42.007,62.824,25.786
5105002,Jauru,MT,8367,41993.95,60.051,75.463,59.155,45.535,67.038,57.903,93.886,83.025,75.788,53.292,57.36,50.18,24.892,36.001,95.464,25.783
3300803,Cachoeiras de Macacu,RJ,56943,23094.05,57.845,73.44,65.921,34.174,67.432,79.875,87.209,59.242,69.44,64.596,59.273,70.376,42.02,43.834,25.06,25.781
2916104,Itaparica,BA,19789,12570.61,55.89,63.134,62.946,41.592,65.392,76.785,82.665,27.693,61.999,68.573,52.954,68.256,30.381,47.277,62.939,25.772
3526506,Lavínia,SP,9689,19222.39,62.076,81.288,68.054,36.886,73.669,79.727,96.583,75.173,82.689,59.327,60.923,69.277,22.394,49.467,49.914,25.77
4307104,Herval,RS,6191,41262.69,55.331,73.277,52.791,39.923,81.747,71.684,86.438,53.237,55.559,59.728,38.72,57.159,19.665,47.367,66.896,25.766
1506807,Santarém,PA,331942,19392.48,57.24,67.143,65.589,38.988,69.288,55.363,80.27,63.652,70.03,62.367,63.764,66.193,28.358,47.473,54.355,25.765
5004908,Jaraguari,MS,7139,53339.21,55.718,76.869,56.605,33.681,77.218,63.142,88.632,78.484,69.352,48.11,55.814,53.146,23.355,25.703,59.91,25.757
5205000,Carmo do Rio Verde,GO,9710,50633.06,55.847,68.511,64.533,34.497,70.569,69.899,96.849,36.728,80.994,61.088,50.871,65.179,24.34,24.002,63.892,25.754
3156809,Sabinópolis,MG,14240,23678.98,51.822,67.887,63.066,24.511,57.873,64.889,84.107,64.681,66.784,55.47,61.21,68.801,31.662,30.044,10.586,25.753
2613800,São Vicente Férrer,PE,16677,12655.61,55.908,65.726,61.968,40.031,75.868,44.29,84.926,57.82,73.828,57.631,48.568,67.846,36.595,31.332,66.45,25.747
3144359,Naque,MG,6303,14390.82,59.292,77.489,63.297,37.09,66.877,90.898,96.507,55.675,72.056,67.341,50.07,63.721,17.531,45.98,59.104,25.747
2505600,Diamante,PB,6299,9490.11,58.973,68.525,59.459,48.935,71.002,59.26,86,57.837,67.115,51.013,52.258,67.448,39.757,34.479,95.758,25.745
3171105,Veríssimo,MG,3411,50330.74,50.444,76.835,53.5,20.996,72.847,66.915,83.318,84.261,58.838,52.477,45.406,57.278,18.517,31.317,8.412,25.736
3154002,Raul Soares,MG,23423,18208.85,56.75,75.599,67.631,27.021,64.731,79.082,88.982,69.601,80.036,58.91,65.296,66.28,11.197,44.924,26.225,25.736
3150208,Piedade de Ponte Nova,MG,3976,15893.6,59.952,76.682,66.83,36.344,72.189,81.032,95.27,58.238,66.943,71.28,61.896,67.2,38.277,32.868,48.494,25.736
4302253,Boa Vista do Sul,RS,2779,43542.26,63.055,85.277,66.876,37.014,82.525,92.305,81.453,84.824,76.369,63.575,61.65,65.909,16.292,43.61,62.42,25.733
5004304,Iguatemi,MS,13808,59184.49,56.066,71.278,58.914,38.007,62.522,75.721,91.876,54.992,67.035,63.295,48.171,57.153,16.38,32.684,77.234,25.73
3139300,Manga,MG,18886,12980.39,53.698,69.256,60.998,30.839,64.206,64.661,84.596,63.564,63.874,57.173,60.717,62.228,25.291,40.05,32.289,25.728
3122009,Divino,MG,20706,15541.1,56.447,67.659,62.59,39.094,58.4,62.876,85.431,63.927,58.996,65.514,56.66,69.189,23.362,35.427,71.861,25.726
2917334,Iuiu,BA,11118,12087.6,56.178,66.674,55.429,46.431,65.102,59.873,88.133,53.589,58.31,47.271,53.058,63.078,44.204,31.56,84.235,25.725
2606309,Granito,PE,6967,11339.82,58.603,71.593,60.66,43.556,77.507,50.204,84.748,73.912,71.038,47.036,62.972,61.593,51.138,32.612,64.751,25.723
3124906,Eugenópolis,MG,10801,20687.84,59.375,68.872,65.512,43.741,47.566,72.535,94.869,60.518,68.084,62.018,65.227,66.718,34.021,36.803,78.424,25.718
2802403,Gararu,SE,11096,16296.09,57.601,69.526,62.958,40.32,75.038,58.938,81.474,62.654,61.81,57.815,65.775,66.433,21.524,30.646,83.408,25.7
2101970,Boa Vista do Gurupi,MA,7574,8984.31,51.187,60.599,59.307,33.653,69.803,50.867,73.072,48.653,62.082,58.921,57.75,58.477,17.422,21.865,69.63,25.697
2608008,Jataúba,PE,15843,9846.15,51.972,53.264,60.198,42.452,61.71,36.089,85.329,29.93,72.367,46.044,53.999,68.384,32.847,34.787,76.482,25.691
3547106,Santa Mercedes,SP,2956,23535.93,65.055,82.189,67.409,45.568,67.234,94.161,94.895,72.463,77.789,70.866,55.827,65.156,18.45,54.801,83.333,25.686
2924058,Pé de Serra,BA,13243,9998.84,53.755,62.903,60.506,37.855,73.177,56.324,80.888,41.225,60.733,47.322,64.418,69.549,36.284,41.756,47.706,25.675
2911600,Governador Mangabeira,BA,20605,10852.59,52.627,55.37,63.551,38.961,68.196,52.253,82.449,18.583,67.857,63.303,55.511,67.531,12.59,36.245,81.34,25.671
2103505,Colinas,MA,40316,13823.09,53.623,55.636,59.897,45.335,55.818,44.682,71.273,50.772,71.449,55.421,55.369,57.348,44.292,29.001,82.377,25.671
4322343,Ubiretama,RS,1994,55937.99,63.197,77.465,62.157,49.968,57.074,81.189,84.18,87.418,77.926,55.519,51.432,63.749,30.05,53.156,91.026,25.641
4301909,Barra do Ribeiro,RS,12225,41659.04,59,76.643,61.044,39.313,78.286,82.709,86.368,59.211,65.493,73.738,49.986,54.961,20.923,45.441,65.249,25.639
2907400,Catolândia,BA,3434,23730.8,58.869,75.984,55.822,44.802,67.475,79.337,81.955,75.169,51.028,50.974,62.526,58.762,41.965,25.76,85.847,25.635
2100832,Apicum-Açu,MA,17519,7703.47,52.563,62.072,63.205,32.411,59.202,69.606,62.035,57.443,66.99,53.268,66.538,66.023,20.723,22.939,60.348,25.634
5008008,Terenos,MS,17652,43435.73,54.741,69.066,58.031,37.126,77.948,53.606,87.594,57.115,68.629,51.199,51.403,60.893,28.341,46.545,47.991,25.627
4100707,Alto Piquiri,PR,9727,42378.16,63.655,79.095,64.434,47.437,71.931,93.699,96.533,54.215,78.593,61.838,43.839,73.464,37.513,46.896,79.715,25.626
2303956,Chorozinho,CE,20163,13002.68,55.152,58.688,64.327,42.441,73.258,40.363,86.473,34.658,78.241,61.928,54.441,62.699,22.499,39.818,81.827,25.621
2404853,Itajá,RN,7292,13737.1,57.599,72.004,59.017,41.776,78.032,94.752,87.847,27.384,51.717,64.375,54.574,65.403,19.833,33.154,88.497,25.62
3159001,Santana do Riacho,MG,5313,19676.95,60.352,77.482,66.334,37.24,63.051,74.802,86.13,85.946,68.439,71.188,64.122,61.587,28.977,64.337,30.027,25.62
2514503,São José de Piranhas,PB,19067,12171.02,59.47,73.728,56.999,47.683,69.79,72.894,93.268,58.959,54.44,50.236,56.094,67.225,28.74,56.477,79.895,25.619
2500700,São João do Rio do Peixe,PB,17964,12646.26,60.817,71.377,62.203,48.871,77.778,51.189,90.059,66.482,65.174,54.198,64.863,64.578,44.581,42.596,82.69,25.617
2310704,Pentecoste,CE,37813,12913.52,55.854,61.88,64.103,41.58,75.983,46.972,84.086,40.478,80.541,56.473,53.539,65.86,23.883,36.811,80.01,25.615
2517209,Vieirópolis,PB,4864,10911.52,61.401,72.369,66.055,45.781,84.414,37.922,90.346,76.794,73.829,56.189,67.537,66.664,23.685,39.828,93.998,25.612
4212205,Papanduva,SC,19150,44907.7,57.743,67.84,63.335,42.055,69.917,58.603,84.514,58.326,75.249,61.163,50.395,66.533,33.207,35.917,73.485,25.612
2205409,Joaquim Pires,PI,13886,8624.65,55.676,64.483,60.395,42.149,68.78,47.79,73.211,68.153,66.526,44.561,63.393,67.1,33.204,28.987,80.803,25.604
5002100,Bela Vista,MS,21613,45530.63,58.049,74.991,60.615,38.541,73.601,82.408,90.59,53.365,75.294,57.603,52.183,57.379,22.722,37.201,68.643,25.598
3202256,Governador Lindenberg,ES,11009,30590.39,56.529,66.788,67.504,35.297,83.082,48.377,85.835,49.856,80.786,60.463,57.611,71.154,28.425,29.052,58.113,25.597
3553906,Tarabai,SP,6536,25945.37,63.072,82.054,65.01,42.151,67.544,91.325,95.731,73.616,71.985,67.377,49.256,71.422,15.69,43.346,83.978,25.591
5108956,Nova Monte Verde,MT,8313,44498.72,46.098,52.809,48.712,36.772,75.214,34.039,92.967,9.016,71.797,36.552,61.89,24.608,43.9,39.877,37.723,25.588
3104601,Astolfo Dutra,MG,14138,20806.82,62.665,79.008,67.086,41.902,62.922,87.352,97.253,68.504,72.505,68.979,61.996,64.863,42.596,52.787,46.637,25.587
2506806,Ingá,PB,17692,11100.17,56.789,71.483,59.715,39.167,73.593,58.952,93.343,60.044,64.26,57.84,53.991,62.77,27.135,32.148,71.803,25.583
4314035,Pareci Novo,RS,4319,31819.86,59.687,80.71,62.942,35.41,81.226,88.286,78.466,74.862,68.488,66.577,53.139,63.563,22.373,51.293,42.392,25.582
3525607,João Ramalho,SP,4371,34262.26,59.96,82.471,67.867,29.542,71.679,84.966,91.992,81.247,82.425,65.657,57.417,65.967,20.498,58.223,13.865,25.581
2400208,Açu,RN,56496,26166.18,57.069,65.922,63.278,42.006,76.291,56.634,92.663,38.1,60.003,68.147,57.399,67.565,19.338,48.547,74.561,25.576
3522653,Itapirapuã Paulista,SP,4306,12302.35,60.325,80.581,61.188,39.204,81.939,66.732,88.829,84.824,77.224,57.704,47.838,61.986,18.6,38.57,74.077,25.571
2933604,Xique-Xique,BA,44757,10378.86,55.618,66.922,58.039,41.893,60.154,69.218,78.403,59.914,57.045,58.531,53.167,63.411,31.624,30.236,80.146,25.568
3135704,Jequitibá,MG,5883,21606.7,53.967,67.334,60.869,33.697,59.774,52.972,84.192,72.398,74.182,56.573,51.326,61.396,24.187,54.87,30.163,25.568
2904852,Cabaceiras do Paraguaçu,BA,16559,8589.27,54.513,63.445,57.763,42.332,67.53,59.653,80.053,46.542,58.673,52.245,55.338,64.795,31.273,37.77,74.729,25.555
2102002,Bom Jardim,MA,33100,12520.65,48.751,57.202,53.017,36.034,53.658,54.057,65.179,55.915,59.555,47.597,61.902,43.015,24.671,24.954,68.958,25.553
2907905,Cipó,BA,17230,9084.64,55.996,65.332,57.935,44.72,61.081,61.965,86.509,51.773,52.363,59.904,52.692,66.782,24.062,42.226,87.041,25.552
2509370,Mato Grosso,PB,2543,12596.6,60.005,75.042,61.629,43.344,80.967,54.288,83.164,81.75,63.885,58.31,56.509,67.812,24.648,36.718,86.457,25.552
2922607,Nilo Peçanha,BA,12063,15531.36,49.856,53.66,58.972,36.937,74.621,45.507,69.362,25.148,58.184,46.495,63.913,67.296,15.409,25.609,81.182,25.546
1600402,Mazagão,AP,21924,17355.02,51.73,57.092,56.636,41.464,77.486,18.94,68.668,63.272,58.904,47.28,66.249,54.111,39.24,20.925,80.151,25.539
2603603,Camutanga,PE,7750,37090.61,59.659,71.464,65.35,42.162,71.624,67.647,83.319,63.268,72.12,67.45,56.901,64.928,46.057,28.093,68.981,25.518
4320321,Senador Salgado Filho,RS,2673,56171.39,62.128,83.742,64.702,37.94,66.384,89.826,91.341,87.418,75.157,66.564,49.762,67.325,33.977,30.092,62.173,25.518
2402600,Ceará-Mirim,RN,79115,12760.17,56.854,68.89,58.597,43.076,63.965,74.11,91.879,45.609,52.896,61.534,58.153,61.803,27.627,43.64,75.527,25.511
4322350,União da Serra,RS,1170,78494.5,60.265,74.254,58.777,47.763,57.734,73.918,77.945,87.418,76.002,53.284,51.086,54.738,27.142,54.941,83.473,25.497
2308807,Moraújo,CE,8254,9223.01,57.066,68.166,61.176,41.857,72.186,50.413,88.744,61.322,75.534,51.554,55.232,62.385,19.652,32.988,89.291,25.496
3133303,Itaobim,MG,19151,16236.41,58.771,70.204,66.558,39.552,64.922,76.068,88.957,50.869,69.284,63.707,63.876,69.364,23.154,62.387,47.172,25.496
2611804,Ribeirão,PE,33507,17328.16,56.344,66.294,62.42,40.319,67.327,71.573,92.156,34.12,72.402,61.611,49.99,65.676,23.827,32.566,79.392,25.492
5000252,Alcinópolis,MS,4537,52782.79,53.279,76.59,56.051,27.197,79.909,76.435,91.793,58.222,65.659,63.535,49.083,45.927,28.399,23.522,31.375,25.492
1100452,Buritis,RO,27992,34781.65,49.416,58.573,56.42,33.255,70.771,19.737,94.035,49.747,67.092,66.746,53.396,38.447,32.607,27.464,47.457,25.49
2203701,Esperantina,PI,40970,11224.77,57.026,63.794,60.589,46.696,60.922,60.058,71.175,63.022,64.791,57.541,50.806,69.218,42.51,38.056,80.728,25.489
5206909,Davinópolis,GO,1902,308801.53,54.445,56.352,59.495,47.489,60.386,66.737,97.42,0.864,73.654,66.262,44.736,53.329,23.029,46.261,95.181,25.487
3145851,Oratórios,MG,4917,14517.25,61.338,79.749,67.083,37.181,69.176,78.111,95.763,75.947,72.461,67.825,60.479,67.565,43.442,43.178,36.626,25.478
1503101,Gurupá,PA,31786,10593.57,51.127,63.543,47.175,42.662,64.185,42.942,71.103,75.942,38.134,17.38,67.03,66.156,34.836,27.695,82.649,25.47
3135605,Jequitaí,MG,6484,20269.35,54.25,70.776,59.706,32.269,71.187,71.946,92.525,47.446,70.087,61.631,51.054,56.053,21.015,34.507,48.095,25.459
2311959,Salitre,CE,16633,9646.29,53.284,61.188,58.015,40.649,75.929,27.462,88.862,52.501,72.565,47.706,52.87,58.919,19.648,34.164,83.33,25.455
2603405,Calumbi,PE,5228,9691.51,54.432,69.017,57.168,37.111,73.595,44.043,88.37,70.059,71.821,49.334,41.533,65.985,36.634,37.274,49.088,25.45
4305801,Constantina,RS,10385,41935.88,60.881,77.252,64.026,41.363,69.956,79.04,92.508,67.505,70.239,69.207,49.357,67.302,18.969,50.39,70.653,25.443
4320263,Segredo,RS,6009,27338.58,53.219,67.679,59.462,32.515,64.503,48.892,85.426,71.895,72.819,47.927,50.131,66.972,25.748,37.572,41.304,25.438
3120607,Crucilândia,MG,5434,15403.87,58.903,74.942,69.48,32.286,64.178,69.393,94.992,71.207,77.748,62.061,70.455,67.655,17.371,44.789,41.552,25.433
3503604,Areiópolis,SP,10130,16214.25,65.176,82.509,69.969,43.051,75.884,92.804,93.939,67.41,78.362,68.142,63.747,69.625,30.101,43.709,72.963,25.432
2305233,Horizonte,CE,74755,28528.51,58.139,67.141,67.745,39.531,73.154,54.425,93.985,47.001,81.607,70.648,53.784,64.94,33.421,47.313,51.963,25.426
3531100,Mongaguá,SP,61951,20399.41,60.456,77.573,71.171,32.624,67.029,86.688,90.135,66.442,76.502,84.669,55.325,68.188,27.122,42.43,35.524,25.42
3536406,Paulicéia,SP,7955,25343.31,62.723,83.446,66.508,38.216,67.708,97.797,94.793,73.487,78.58,65.738,52.174,69.541,32.106,36.819,58.52,25.418
2205102,Itaueira,PI,10323,12865.98,57.717,72.787,57.495,42.87,63.158,67.93,88.038,72.021,64.201,48.611,53.633,63.537,38.147,25.379,82.538,25.414
2306207,Itaiçaba,CE,7536,11074.82,54.177,72.595,66.04,23.896,77.61,57.541,94.119,61.109,83.045,66.88,47.43,66.806,21.287,37.478,11.406,25.413
3136405,Joaquim Felício,MG,3854,18905.82,54.391,70.199,61.85,31.123,56.578,62.65,86.925,74.644,72.585,52.38,57.16,65.274,27.037,33.398,38.645,25.412
2806008,Ribeirópolis,SE,17033,20074.03,60.75,71.828,64.255,46.167,78.799,81.202,96.004,31.309,71.032,65.993,54.44,65.557,28.041,40.592,90.624,25.41
2702603,Feira Grande,AL,22712,18962.05,55.436,66.759,60.006,39.543,78.794,38.993,81.423,67.827,64.378,57.576,52.857,65.212,25.193,31.878,75.696,25.406
2402907,Coronel João Pessoa,RN,4237,11451.17,55.909,64.572,59.815,43.341,68.71,33.541,86.746,69.291,54.003,59.869,59.125,66.264,20.645,29.041,98.284,25.393
3129657,Ibiracatu,MG,5081,10163.2,58.464,74.258,66.813,34.323,70.579,56.018,86.958,83.476,76.593,63.91,58.936,67.81,13.801,45.355,52.749,25.386
2306405,Itapipoca,CE,131123,13704.92,58.459,69.197,67.388,38.79,72.327,53.378,86.312,64.77,81.402,63.437,56.671,68.043,34.03,44.084,51.664,25.383
2933505,Wenceslau Guimarães,BA,24474,13649.71,47.406,53.275,50.419,38.525,59.697,60.184,76.395,16.825,41.464,48.555,49.185,62.472,25.139,32.383,71.199,25.378
5212501,Luziânia,GO,209129,26180.32,59.08,71.953,66.733,38.553,70.685,65.816,91.257,60.053,76.1,65.73,56.445,68.659,24.748,54.947,49.142,25.376
2504157,Casserengue,PB,6889,10237.93,54.471,67.405,58.871,37.135,66.919,40.822,81,80.878,60.328,55.176,57.601,62.381,21.731,23.854,77.582,25.375
1303205,Novo Airão,AM,15761,11921.5,55.789,72.702,60.375,34.29,71.034,80.168,80.738,58.867,64.538,50.785,61.775,64.403,42.888,24.203,44.696,25.374
3120300,Cristália,MG,5121,11638.93,57.731,69.965,63.419,39.808,61.809,59.751,86.006,72.294,74.086,53.328,63.529,62.735,34.17,38.918,60.783,25.363
2406106,Jucurutu,RN,17793,17880.44,55.631,76.917,57.099,32.878,79.041,69.859,92.757,66.011,63.04,55.787,44.055,65.516,36.333,30.173,39.647,25.358
2310001,Palhano,CE,9346,10645.63,54.057,61.647,60.117,40.406,70.168,46.775,86.21,43.437,79.42,52.867,41.842,66.339,19.298,42.577,74.39,25.358
4305504,Ciríaco,RS,4149,64181.69,60.717,73.054,65.716,43.38,70.724,69.46,85.648,66.385,74.342,65.338,59.377,63.81,22.652,42.171,83.35,25.345
2514701,São José do Sabugi,PB,4138,30462.91,61.112,77.948,61.991,43.396,71.119,71.873,94.88,73.919,63.611,60.571,54.435,69.346,26.867,25.751,95.628,25.341
1505064,Novo Repartimento,PA,60732,18527.11,50.193,50.667,48.162,51.751,72.539,18.994,65.464,45.672,55.426,44.853,58.635,33.732,72.297,28.576,80.798,25.335
4305835,Coqueiro Baixo,RS,1290,40731.62,60.4,80.456,55.16,45.583,68.447,78.635,89.053,85.689,78.975,52.608,28.768,60.291,19.613,50.903,86.483,25.333
2904209,Botuporã,BA,11024,10054.54,58.746,72.547,59.384,44.305,65.473,57.201,83.555,83.96,67.174,37.225,67.557,65.581,39.115,41.988,70.787,25.331
3134103,Itueta,MG,6055,20330.16,55.029,67.838,64.344,32.905,66.622,69.235,92,43.494,73.847,53.795,59.089,70.646,17.41,55.112,33.766,25.331
2703304,Inhapi,AL,15167,11605.24,48.818,56.032,58.714,31.709,64.08,24.251,86.274,49.521,73.322,49.549,44.812,67.174,33.004,18.048,50.457,25.328
3523107,Itaquaquecetuba,SP,369275,25967.4,61.482,79.671,71.624,33.152,69.648,91.358,89.693,67.988,76.518,72.913,62.036,75.03,17.101,46.501,43.677,25.327
2209906,São João da Serra,PI,6114,9839.54,52.82,70.399,54.179,33.882,63.05,63.245,69.61,85.689,75.706,42.377,35.368,63.265,20.569,27.692,61.94,25.327
3501509,Alvinlândia,SP,2885,20392.15,65.941,85.404,69.565,42.854,73,92.638,97.555,78.423,82.979,70.303,53.986,70.991,20.779,48.707,76.609,25.321
2709152,Teotônio Vilela,AL,38053,35938.95,59.971,76.51,65.373,38.03,66.391,83.658,94.453,61.539,83.441,63.729,43.678,70.644,45.145,36.582,45.073,25.321
3139607,Mantena,MG,26535,18105.21,62.445,79.781,67.982,39.572,68.865,86.423,96.376,67.458,79.878,62.522,58.04,71.488,44.946,38.234,49.79,25.32
1508159,Uruará,PA,43558,17911.38,41.259,45.164,49.1,29.512,67.016,27.163,62.738,23.741,56.898,49.385,56.002,34.117,24.421,23.959,44.347,25.318
2905602,Camacan,BA,22579,15811.56,53.142,65.995,55.357,38.073,64.758,76.269,86.774,36.178,52.17,63.161,44.225,61.87,25.801,34.55,66.629,25.312
3110707,Cambuquira,MG,12313,30339.42,62.111,74.503,68.499,43.331,68.473,73.351,91.271,64.919,73.694,69.669,61.193,69.439,22.94,47.2,77.875,25.311
2310258,Paraipaba,CE,32216,16731.92,54.842,64.588,64.567,35.37,72.43,39.698,89.095,57.131,81.181,61.988,51.359,63.739,17.701,36.416,62.054,25.31
2910008,Dário Meira,BA,10820,11743.24,48.338,63.877,53.131,28.006,68.854,64.435,88.934,33.287,61.26,25.545,61.415,64.304,24.179,11.185,51.35,25.309
4306502,Dom Feliciano,RS,13051,27542.87,50.574,59.801,56.511,35.411,67.288,29.839,76.728,65.347,63.639,43.72,52.799,65.887,32.28,39.887,44.178,25.3
5212956,Matrinchã,GO,4042,42527.9,56.753,71.496,52.385,46.377,70.507,66.61,94.4,54.466,75.789,20.379,62.109,51.261,38.988,29.107,92.118,25.297
3511201,Catiguá,SP,7003,21993.17,66.004,89.858,67.332,40.822,78.662,95.197,99.021,86.553,79.015,69.662,51.258,69.392,21.741,50.668,65.581,25.296
3203304,Mantenópolis,ES,12770,16018.59,58.055,71.325,62.162,40.679,69.214,67.613,88.622,59.852,78.235,59.506,46.616,64.29,28.554,33.597,75.271,25.293
3126802,Frei Gaspar,MG,5640,14306.87,52.983,72.279,56.536,30.135,63.166,62.301,84.028,79.622,62.436,45.883,56.796,61.031,14.81,32.887,47.55,25.291
3104304,Areado,MG,13881,22448.4,63.249,81.411,66.294,42.043,66.765,84.682,97.027,77.168,73.769,70.908,51.048,69.449,20.75,47.242,74.894,25.288
3528205,Macedônia,SP,3963,23112.49,66.136,83.868,68.013,46.526,71.858,82.403,96.629,84.58,82.938,64.333,61.669,63.112,36.935,44.081,79.802,25.287
3516804,Gastão Vidigal,SP,3252,26585.04,65.087,87.713,64.133,43.416,78.213,89.929,97.698,85.013,81.069,62.619,45.141,67.701,32.362,48.541,67.48,25.282
4100301,Agudos do Sul,PR,10233,21353.13,56.66,71.203,70.137,28.639,68.182,72.625,89.49,54.513,72.041,89.908,44.549,74.05,20.955,34.178,34.147,25.275
2900306,Acajutiba,BA,13795,10553.39,52.665,59.366,57.055,41.574,73.091,71.669,90.976,1.729,53.734,59.502,42.527,72.456,37.042,32.589,71.393,25.274
5217302,Pirenópolis,GO,26690,24166.48,57.514,68.301,66.785,37.455,65.646,61.387,87.748,58.423,74.108,65.878,63.207,63.946,34.45,49.73,40.37,25.271
3531209,Monte Alegre do Sul,SP,8627,29449.31,61.663,78.853,67.503,38.634,75.759,83.504,81.247,74.902,79.556,66.047,56.392,68.014,26.232,53.854,49.179,25.27
2705200,Messias,AL,15405,14456.6,57.778,71.791,61.312,40.231,70.517,65.735,88.985,61.927,64.137,61.77,49.596,69.745,42.693,25.394,67.571,25.267
2108207,Pedreiras,MA,37050,21416.23,59.653,67.784,68.431,42.745,58.97,58.182,88.853,65.129,76.361,66.189,60.333,70.839,30.525,30.515,84.681,25.26
3500758,Alambari,SP,6141,21223.67,65.664,82.576,70.275,44.142,77.916,84.029,94.641,73.718,79.874,71.217,59.512,70.497,31.584,45.528,74.197,25.257
2210904,Socorro do Piauí,PI,4141,9989.57,55.683,68.82,54.533,43.695,67.125,63.049,77.875,67.232,69.399,47.21,40.301,61.221,23.715,33.697,92.116,25.252
2604502,Chã Grande,PE,20546,12315.13,54.975,64.953,65.895,34.077,68.898,59.27,78.922,52.721,72.195,63.758,56.616,71.01,26.513,37.445,47.105,25.244
3110806,Campanário,MG,2923,18424.32,52.626,68.262,61.808,27.807,56.879,74.996,84.98,56.194,65.894,58.671,61.688,60.978,16.672,43.915,25.399,25.243
5219258,Santa Fé de Goiás,GO,4951,52931.77,62.343,79.069,58.598,49.361,76.199,76.558,95.608,67.912,78.219,46.087,56.691,53.397,34.802,50.644,86.764,25.236
1200609,Tarauacá,AC,43467,16497.13,44.497,54.983,48.823,29.686,63.327,28.614,68.381,59.609,56.537,48.113,55.372,35.267,21.711,21.02,50.777,25.236
2802809,Indiaroba,SE,16549,13979.49,54.991,67.463,58.024,39.485,70.497,45.761,88.252,65.341,57.962,49.236,62.11,62.787,18.783,38.232,75.691,25.234
2208304,Piracuruca,PI,28846,12694.16,60.528,69.311,65.054,47.22,67.203,66.395,83.091,60.554,77.48,55.977,54.27,72.489,30.37,50.452,82.828,25.232
2926202,Riachão das Neves,BA,21642,71658.91,53.718,65.132,50.637,45.386,65.492,60.628,77.497,56.912,54.524,40.646,57.426,49.951,37.226,34.549,84.538,25.231
4216800,São José do Cerrito,SC,8708,36878.08,51.842,62.359,56.968,36.2,73.434,40.745,75.716,59.542,73.185,42.96,60.682,51.045,22.866,31.716,64.988,25.231
1701101,Aparecida do Rio Negro,TO,4856,53084.88,59.311,77.202,61.404,39.328,78.193,81.334,79.912,69.368,74.592,58.327,57.156,55.54,19.841,36.015,76.227,25.227
3508306,Cabrália Paulista,SP,4299,24106.31,64.758,76.372,68.668,49.234,58.403,88.497,88.237,70.352,77.966,71.652,52.024,73.028,35.654,49.018,87.036,25.227
3519204,Iacri,SP,6131,52048.21,65.253,80.111,70.253,45.396,67.585,89.476,91.812,71.571,80.792,69.403,60.168,70.649,26.877,46.448,83.037,25.223
3167707,Sobrália,MG,5137,13210.98,54.876,73.041,64.374,27.213,69.71,74.106,96.407,51.941,68.336,60.154,61.445,67.561,19.792,39.094,24.742,25.222
3508702,Caconde,SP,17101,33833.58,57.526,75.267,67.992,29.318,64.522,68.915,89.124,78.507,80.869,67.211,55.144,68.744,19.481,45.012,27.559,25.22
2202307,Canto do Buriti,PI,19365,14116.66,54.898,65.803,59.706,39.187,56.738,54.289,87.836,64.349,68.22,52.999,56.175,61.428,39.799,31.346,60.389,25.212
2305407,Icó,CE,62642,11859.02,60.723,72.805,64.512,44.852,73.213,63.874,91.664,62.471,72.553,57.859,60.687,66.949,38.348,41.527,74.319,25.212
2304103,Crateús,CE,76390,12561.9,55.427,69.183,65.041,32.058,71.741,64.337,92.554,48.099,78.787,60.472,57.125,63.78,26.971,38.233,37.819,25.21
2901304,Andaraí,BA,13080,10362.41,55.694,70.273,60.773,36.036,68.014,63.688,88.813,60.574,65.894,48.452,62.876,65.869,28.651,46.7,43.59,25.203
1100403,Alto Paraíso,RO,16320,31500.41,48.636,53.664,53.738,38.506,72.654,13.522,88.093,40.388,66.916,52.81,61.677,33.547,27.393,38.913,62.522,25.195
2303808,Cedro,CE,22344,11149.77,56.094,61.951,63.561,42.771,62.78,56.075,91.325,37.625,72.936,61.682,55.102,64.524,26.367,36.755,82.777,25.184
2201150,Baixa Grande do Ribeiro,PI,13272,134229.18,50.631,65.822,49.075,36.997,69.013,59.474,61.074,73.727,74.424,41.98,56.873,23.022,11.641,29.782,81.384,25.183
2929354,São José da Vitória,BA,5315,12713.96,49.849,59.845,56.555,33.148,68.527,80.248,90.296,0.311,57.253,57.146,44.285,67.535,5.208,11.227,90.982,25.175
3160801,São Bento Abade,MG,4713,19088.05,62.409,84.724,65.859,36.644,72.38,90.271,92.145,84.1,67.86,66.491,59.798,69.287,25.297,41.08,55.028,25.17
1400175,Cantá,RR,18682,19036.96,44.903,50.62,48.421,35.668,64.75,36.695,67.703,33.331,57.014,29.158,60.02,47.49,47.189,24.973,45.339,25.17
3549953,São Lourenço da Serra,SP,16067,17893.54,57.643,69.608,71.387,31.934,71.822,62.92,80.854,62.837,82.341,70.56,62.034,70.612,20.399,35.497,46.676,25.165
2110807,São Félix de Balsas,MA,4402,19717.86,43.046,50.088,48.041,31.01,55.731,29.636,40.904,74.079,63.461,35.344,54.958,38.401,14.418,20.927,63.536,25.162
5213772,Montividiu do Norte,GO,3779,29007.79,54.215,69.664,53.327,39.653,72.395,57.943,87.24,61.08,74.962,34.722,52.866,50.759,22.983,25.065,85.409,25.156
4323754,Vitória das Missões,RS,3260,49291.89,58.496,69.75,58.636,47.103,65.335,83.292,72.759,57.612,72.979,49.639,47.597,64.33,17.661,55.32,90.275,25.155
2918555,Jussari,BA,5888,12229.59,47.609,59.458,52.441,30.929,63.115,79.306,91.521,3.89,48.416,50.858,42.538,67.951,12.301,31.432,54.836,25.146
3171154,Vermelho Novo,MG,4899,13203.67,57.491,72.564,63.738,36.17,70.333,46.082,88.884,84.957,76.057,56.296,55.752,66.85,22.365,34.617,62.556,25.144
3156106,Ritápolis,MG,4994,18225.19,62.065,79.741,63.857,42.598,64.487,75.454,92.469,86.553,71.071,62.312,54.258,67.789,25.831,63.445,55.976,25.139
1505551,Pau D'Arco,PA,6931,16694.35,47.822,60.202,47.583,35.683,63.425,57.135,74.569,45.677,46.026,48.833,54.131,41.342,18.099,24.771,74.723,25.137
2200608,Angical do Piauí,PI,6827,9848.43,59.235,76.251,60.106,41.349,73.285,71.523,85.534,74.663,72.426,50.604,51.407,65.986,21.646,33.376,85.237,25.134
1500602,Altamira,PA,126279,24889.31,44.952,54.224,51.813,28.819,68.618,52.206,81.483,14.591,66.956,63.492,55.854,20.952,14.781,43.073,32.287,25.134
3521507,Irapuã,SP,6867,27316.5,62.932,84.024,67.738,37.033,64.861,90.853,97.835,82.547,82.449,63.764,56.456,68.284,25.794,48.651,48.555,25.131
2402709,Cerro Corá,RN,11000,12857.91,59.518,75.061,60.534,42.96,73.896,66.75,91.881,67.716,66.544,57.284,51.051,67.256,33.222,38.642,74.847,25.129
3125408,Felício dos Santos,MG,5133,14470.54,57.492,76.089,61.521,34.866,69.56,74.093,89.418,71.286,69.917,48.456,57.707,70.005,26.526,46.377,41.436,25.124
3523305,Itariri,SP,15528,28476.59,58.057,68.323,67.012,38.835,73.332,63.308,87.696,48.956,81.547,60.625,59.545,66.333,21.017,39.569,69.631,25.123
3551009,São Vicente,SP,329911,18689.72,63.431,75.443,70.062,44.788,68.651,83.389,82.019,67.715,74.659,76.973,56.583,72.033,29.304,56.491,68.244,25.115
3154903,Rio Casca,MG,12789,18695.74,60.185,77.265,66.35,36.939,60.451,83.659,98.57,66.379,68.072,68.229,58.782,70.318,39.305,40.881,42.456,25.114
2918753,Lagoa Real,BA,14105,8541.8,57.357,66.477,57.86,47.735,76.934,30.14,80.987,77.847,57.768,42.673,66.101,64.897,38.436,42.379,85.014,25.111
2800670,Boquim,SE,24636,13618.75,57.777,71.019,64.473,37.839,74.179,59.916,92.662,57.318,66.435,61.749,59.809,69.898,23.451,41.411,61.384,25.109
1720101,São Bento do Tocantins,TO,5654,13110.58,53.054,66.518,57.794,34.851,57.391,58.852,79.205,70.623,68.751,54.052,59.065,49.306,22.187,26.588,65.519,25.109
2511806,Pirpirituba,PB,9340,10256.67,61.314,78.787,60.647,44.508,79.745,74.912,94.273,66.219,59.468,60.896,56.458,65.765,27.099,41.783,84.045,25.108
3505401,Barra do Turvo,SP,6876,18432.15,54.276,63.842,62.385,36.6,67.236,49.452,84.673,54.009,76.132,62.34,48.693,62.376,17.371,33.238,70.684,25.108
3154200,Resende Costa,MG,11230,18615.32,57.801,73.41,66.901,33.091,49.926,78.276,94.866,70.573,70.748,65.792,61.004,70.059,16.276,48.591,42.388,25.107
3112000,Candeias,MG,14001,26702.26,58.24,78.464,67.072,29.184,68.748,79.453,92.889,72.763,77.585,63.469,58.675,68.557,27.808,41.751,22.074,25.104
2300754,Amontada,CE,42156,15901.18,57.541,64.649,64.556,43.418,78.086,42.959,77.348,60.204,78.277,58.915,54.054,66.976,30.358,38.556,79.658,25.1
3106002,Bela Vista de Minas,MG,10167,56300.61,57.839,76.724,64.794,32,68.979,81.219,89.275,67.424,71.544,62.737,57.615,67.279,19.316,41.857,41.729,25.098
2508406,Lastro,PB,3162,9396.05,57.083,70.087,64.802,36.359,62.485,49.85,86.526,81.487,69.527,57.234,64.107,68.341,29.092,22.096,69.161,25.088
3551603,Serra Negra,SP,29894,28477,62.799,77.212,70.67,40.515,69.547,81.482,92.288,65.531,79.237,70.048,61.747,71.646,37.248,60.938,38.787,25.087
3167103,Serro,MG,21952,13419.04,54.998,69.139,63.106,32.749,60.372,60.797,83.193,72.194,68.179,59.551,64.296,60.4,25.868,41.537,38.509,25.083
4320453,Sério,RS,1941,30914.92,56.457,63.722,61.064,44.584,74.967,79.969,80.315,19.636,79.3,52.779,51.966,60.212,22.143,55.317,75.796,25.079
1200054,Assis Brasil,AC,8100,16653.53,46.375,57.507,48.548,33.071,64.292,49.967,75.99,39.778,46.782,54.442,54.23,38.737,43.87,22.007,41.332,25.077
5220009,São João d'Aliança,GO,14041,40890.96,56.904,70.666,62.275,37.77,75.103,55.511,89.135,62.917,78.062,46.073,70.839,54.125,43.18,35.796,47.04,25.063
3523701,Itirapuã,SP,5779,28208.41,65.697,86.672,67.855,42.565,79.077,90.346,93.303,83.96,76.52,75.294,50.551,69.055,31.632,47.62,65.951,25.059
2603009,Cabrobó,PE,30294,14659.05,56.585,71.966,64.356,33.434,73.764,77.865,79.72,56.515,77.346,61.576,51.598,66.903,20.09,38.269,50.322,25.056
2202851,Coronel José Dias,PI,4250,9660.6,55.577,62.721,58.038,45.973,60.105,42.354,63.599,84.824,62.728,41.973,63.58,63.872,40.822,23.447,94.569,25.055
5210901,Itapaci,GO,21087,26155.6,61.725,74.874,67.461,42.841,68.79,68.214,97.649,64.843,81.792,61.384,64.086,62.582,34.122,31.974,80.215,25.054
4123709,Santa Isabel do Ivaí,PR,8912,28611.86,62.097,77.373,65.468,43.449,70.25,94.135,95.193,49.914,73.729,66.415,55.768,65.959,22.295,54.278,72.173,25.052
2202026,Buriti dos Montes,PI,7434,9442.93,56.684,68.481,58.938,42.634,66.544,54.402,79.835,73.143,73.028,38.318,64.658,59.747,18.708,38.696,88.087,25.045
2203404,Dom Expedito Lopes,PI,6320,12439.04,60.454,77.733,63.023,40.607,66.577,76.333,95.132,72.889,73.979,59.37,51.157,67.584,21.159,35.84,80.391,25.038
2408201,Nísia Floresta,RN,31942,14970.49,55.043,61.237,60.668,43.224,70.941,53.735,93.349,26.922,58.587,59.997,57.937,66.149,27.27,40.903,79.688,25.036
2611002,Petrolândia,PE,34161,49416.29,58.334,75.277,64.52,35.206,68.309,74.019,90.81,67.969,74.696,65.025,55.215,63.145,35.213,30.72,49.876,25.014
3142254,Miravânia,MG,3985,11831.79,55.138,69.468,58.803,37.143,72.379,47.104,81.413,76.976,70.116,41.545,58.016,65.533,40.633,39.907,43.021,25.012
3145000,Nova Ponte,MG,14598,77027.95,62.848,80.684,68.301,39.559,71.942,92.177,98.861,59.754,78.052,69.461,62.363,63.329,19.746,52.49,60.99,25.01
3134806,Jacuí,MG,7495,20289.54,61.023,77.732,66.21,39.127,71.691,70.647,95.046,73.543,77.258,62.318,55.688,69.576,23.73,51.417,56.352,25.008
4200705,Alfredo Wagner,SC,10481,32333.55,56.845,63.798,62.755,43.983,77.731,47.042,75.587,54.83,75.987,56.295,54.55,64.188,30.303,45.84,74.782,25.007
3543253,Ribeirão Grande,SP,7450,15818.26,63.809,77.429,69.566,44.431,72.827,82.456,88.828,65.605,78.858,64.522,62.905,71.979,21.254,44.645,86.831,24.996
5205307,Cavalcante,GO,9583,40258.36,53.004,60.816,55.742,42.454,74.892,48.787,59.525,60.058,66.649,45.831,67.111,43.378,29.887,34.96,79.974,24.995
2106359,Marajá do Sena,MA,7027,13019.36,43.966,53.877,43.097,34.922,75.466,41.009,42.456,56.577,48.639,32.408,63.69,27.653,25.507,1.19,88.007,24.986
3503406,Arealva,SP,8130,28135.39,65.176,77.72,69.622,48.188,72.254,80.746,94.235,63.645,78.09,74.851,61.203,64.343,23.531,57.893,86.341,24.986
2931509,Teofilândia,BA,21176,9093.34,56.838,69.667,59.582,41.266,68.512,78.176,85.35,46.629,61.033,52.887,55.685,68.724,33.488,36.06,70.531,24.984
4315206,Putinga,RS,3747,35873,57.691,66.939,64.983,41.151,66.53,57.387,90.999,52.84,77.45,51.78,66.733,63.97,32.983,43.877,62.767,24.979
2102408,Cajapió,MA,10121,7033.78,45.888,46.433,59.458,31.773,59.295,30.279,35.882,60.275,61.824,45.066,61.553,69.387,23.567,28.686,49.864,24.977
5215256,Novo Planalto,GO,3716,43492.54,58.433,69.086,58.12,48.093,70.317,65.337,87.938,52.753,79.405,58.662,43.617,50.796,34.739,36.971,95.691,24.971
2801900,Cumbe,SE,3824,18304.46,59.475,78.011,61.782,38.632,78.438,65.437,90.976,77.194,59.549,62.923,57.457,67.198,26.45,48.357,54.751,24.97
5215009,Nova Veneza,GO,9481,20958.02,64.045,77.343,67.152,47.641,74.601,88.172,91.729,54.871,80.416,69.806,50.111,68.274,33.633,51.893,80.067,24.969
3509809,Campos Novos Paulista,SP,4888,40124.05,59.917,81.889,65.668,32.195,70.81,90.55,93.457,72.738,78.908,64.297,57.566,61.901,15.715,48.651,39.444,24.969
2607950,Jaqueira,PE,10247,10990.26,50.403,53.371,59.446,38.392,62.617,48.342,84.654,17.873,71.614,57.623,44.573,63.975,43.822,25.764,59.015,24.968
2914901,Itacaré,BA,27704,15506.69,54.802,66.079,60.817,37.51,67.194,60.566,73.752,62.803,56.002,56.332,64.674,66.262,25.028,33.232,66.817,24.962
2501500,Bananeiras,PB,23134,12144.03,55.741,64.122,57.819,45.282,67.482,37.215,88.184,63.606,52.194,52.24,62.182,64.658,28.041,46.201,81.926,24.96
2904704,Buerarema,BA,14804,14216.31,53.265,68.752,57.298,33.746,69.034,77.071,91.404,37.5,55.033,63.984,43.853,66.321,7.069,31.988,70.979,24.949
3102852,Angelândia,MG,7718,18864.49,57.473,72.378,65.34,34.701,67.131,66.383,82.664,73.336,70.829,58.521,66.659,65.352,20.746,34.477,58.632,24.949
2106326,Maracaçumé,MA,21149,9862.77,51.198,61.315,58.605,33.674,66.52,46.618,80.201,51.92,61.454,52.06,59.465,61.441,19.283,20.832,69.633,24.947
2303105,Cariré,CE,17632,11031.91,57.518,72.715,64.584,35.255,73.329,63.56,91.572,62.401,82.172,54.829,55.158,66.178,26.879,36.733,52.478,24.931
3138682,Luislândia,MG,6210,10620.28,55.06,65.183,63.148,36.85,62.648,51.855,77.533,68.696,74.318,59.361,57.738,61.174,13.718,41.379,67.384,24.92
4204178,Cerro Negro,SC,3317,42943.11,52.532,55.231,58.537,43.829,70.664,40.1,87.627,22.533,71.281,49.535,54.036,59.298,20.489,41.122,88.784,24.919
3554953,Tuiuti,SP,6778,27016.39,63.039,76.722,69.182,43.212,74.889,64.461,86.752,80.785,79.551,68.055,60.915,68.207,17.743,50.289,79.9,24.917
4205175,Entre Rios,SC,3402,18172.56,49.987,62.718,59.969,27.274,75.209,29.414,74.174,72.076,69.886,60.279,45.44,64.27,22.364,26.797,35.019,24.915
3116001,Chalé,MG,6075,18932.43,55.765,72.593,63.816,30.885,66.877,52.131,91.246,80.118,75.249,57.103,53.687,69.223,21.479,42.554,34.593,24.915
2913200,Ibotirama,BA,26309,15911.54,54.649,64.058,60.772,39.117,68.671,71.401,89.644,26.517,64.868,53.834,53.6,70.785,52.265,35.797,43.494,24.913
3136108,Joanésia,MG,4329,25648.34,55.488,69.622,60.091,36.751,62.274,45.755,85.71,84.747,69.341,44.558,61.645,64.82,28.613,39.003,54.476,24.912
3536257,Parisi,SP,2892,18676.15,62.726,84.025,68.461,35.692,67.514,85.876,96.156,86.553,83.986,65.832,60.693,63.333,20.755,44.185,52.924,24.904
3150307,Piedade do Rio Grande,MG,4604,24154.42,61.853,78.394,67.707,39.458,59.639,75.742,92.507,85.689,79.586,69.549,53.756,67.938,20.027,45.392,67.511,24.901
3154309,Resplendor,MG,17226,16247.84,56.654,73.783,65.403,30.776,58.269,76.955,94.471,65.434,73.002,66.382,58.351,63.879,17.41,42.166,38.629,24.9
5216809,Petrolina de Goiás,GO,9573,18810.83,55.48,66.68,64.619,35.141,52.139,65.868,90.561,58.154,75.921,60.77,58.789,62.997,25.769,40.969,48.932,24.895
4312500,Mostardas,RS,12090,53599.61,55.807,65.608,56.855,44.958,79.247,39.759,88.989,54.437,61.574,56.684,53.367,55.793,35.886,55.622,63.432,24.894
3137700,Lajinha,MG,20835,19322.8,58.31,67.811,64.222,42.899,66.69,64.887,88.662,51.003,70.645,58.088,59.661,68.492,28.219,39.052,79.434,24.889
2503605,Caiçara,PB,6602,10018.23,58.193,73.987,61.226,39.365,71.274,71.933,90.96,61.782,66.165,59.884,59.287,59.57,15.481,31.251,85.84,24.887
4121000,Querência do Norte,PR,10685,24809.94,53.271,65.328,61.869,32.617,67.332,65.546,92.402,36.033,73.724,59.062,54.033,60.655,21.867,31.15,52.572,24.879
2928802,Santo Estêvão,BA,52276,17613.12,54.553,61.314,63.256,39.088,69.786,58.594,87.109,29.769,58.713,62.339,58.862,73.11,19.398,46.906,65.175,24.873
2312007,Santana do Acaraú,CE,30628,9211.07,58.44,67.601,63.588,44.132,77.415,47.382,83.461,62.145,74.827,51.19,58.396,69.94,31.162,44.844,75.649,24.872
2201988,Brejo do Piauí,PI,3904,11347.09,52.136,55.963,53.193,47.252,65.434,47.64,83.837,26.942,62.897,39.64,47.298,62.938,33.059,35.771,95.308,24.87
2309904,Pacujá,CE,6175,9777.74,61.487,71.738,67.981,44.741,73.995,61.112,93.637,58.208,84.397,59.122,59.686,68.719,40.73,29.406,83.963,24.865
3532058,Motuca,SP,4034,30138.1,63.519,84.101,69.222,37.234,73.141,83.771,95.533,83.96,72.67,68.041,68.571,67.607,11.62,53.375,59.077,24.863
4123857,Santa Maria do Oeste,PR,9934,27107.16,55.626,66.27,58.502,42.105,60.517,48.059,78.84,77.663,75.047,45.009,51.117,62.834,21.364,34.391,87.807,24.858
3157609,Santa Fé de Minas,MG,3522,17143.55,49.72,67.048,49.994,32.117,76.553,61.176,75.207,55.258,69.834,41.314,43.007,45.822,30.866,37.07,35.675,24.858
4119509,Piraquara,PR,118730,13099.3,58.672,77.524,66.031,32.462,68.098,89.572,88.728,63.696,69.431,66.684,56.586,71.422,29.397,45.457,30.14,24.854
2311264,Quiterianópolis,CE,20213,9205.39,53.904,64.259,62.885,34.567,70,40.112,89.249,57.676,77.746,46.371,62.666,64.755,30.176,28.257,54.979,24.854
2303709,Caucaia,CE,355679,29494,58.566,66.582,65.816,43.3,76.233,60.49,82.253,47.351,73.514,68.137,55.47,66.144,39.571,55.96,52.817,24.853
2926400,Riacho de Santana,BA,30711,10419.43,57.966,67.013,60.823,46.061,72.236,55.131,74.508,66.178,71.105,45.386,60.55,66.249,33.522,42.466,83.406,24.85
1504802,Monte Alegre,PA,60012,13551.18,50.696,59.059,52.547,40.481,69.58,28.04,72.118,66.496,59.104,47.137,58.529,45.418,17.438,49.802,69.844,24.839
5203302,Bela Vista de Goiás,GO,34445,43308.96,54.576,66.53,64.879,32.319,57.926,69.197,94.687,44.313,77.24,61.887,57.016,63.372,31.341,38.442,34.659,24.836
4317004,Santana da Boa Vista,RS,7024,52329.55,56.353,65.562,58.241,45.258,78.249,50.467,84.84,48.691,59.907,56.463,53.039,63.555,27.502,44.539,84.154,24.835
4116307,Munhoz de Melo,PR,3951,34912.85,62.71,84.866,68.325,34.938,73.513,87.467,95.637,82.845,76.246,67.09,59.464,70.501,20.412,56.322,38.184,24.834
2300200,Acaraú,CE,65264,15746.02,55.421,62.675,63.307,40.283,74.581,46.422,81.791,47.905,79.39,56.31,55.231,62.295,29.562,38.794,67.943,24.834
4315156,Progresso,RS,5340,31410.41,51.651,58.8,63.387,32.768,56.602,36.635,86.274,55.688,78.421,47.861,60.594,66.67,27.022,38.494,40.723,24.833
1200500,Sena Madureira,AC,41343,18226.91,47.725,56.729,52.081,34.365,62.221,38.537,77.954,48.204,53.846,54.666,64.398,35.414,30.243,27.851,54.534,24.833
2510501,Olivedos,PB,3580,12263.46,60.463,74.267,63.45,43.673,78.034,56.681,90.912,71.44,71.883,58.959,56.882,66.078,26.939,37.214,85.705,24.833
2612505,Santa Cruz do Capibaribe,PE,98254,19742.62,61.074,75.572,69.128,38.52,73.672,69.047,97.851,61.72,72.73,70.193,63.941,69.65,18.838,48.558,61.852,24.831
3128253,Guaraciama,MG,5051,15560.6,59.089,74.424,66.589,36.253,74.16,57.662,89.886,75.989,77.643,58.739,64.049,65.926,29.306,42.367,48.517,24.823
3170750,Varjão de Minas,MG,6969,45703.44,58.596,78.104,65.736,31.948,77.573,87.325,96.33,51.189,73.165,63.817,62.583,63.379,31.094,42.457,29.426,24.817
2513927,São Bentinho,PB,4327,12810.66,61.11,72.748,68.711,41.871,73.146,71.645,96.55,49.652,74.032,70.776,62.04,67.997,21.135,33.774,87.758,24.816
2111029,São João do Carú,MA,12251,10116.5,47.625,60.996,48.759,33.12,68.163,58.608,55.518,61.696,60.933,37.24,47.969,48.893,15.364,10.199,82.102,24.815
5211404,Itauçu,GO,7736,28546.46,60.889,71.687,65.977,45.003,69.144,84.132,92.647,40.825,79.467,67.295,53.135,64.01,21.079,48.225,85.906,24.803
2311009,Poranga,CE,12065,9133.91,52.979,57.025,60.139,41.772,66.656,48.571,88.585,24.287,75.726,50.895,53.003,60.933,25.11,39.16,78.019,24.801
2105351,Itaipava do Grajaú,MA,13828,7816.99,49.693,60.534,54.394,34.152,55.871,71.916,51.561,62.788,61.313,38.861,63.548,53.854,23.33,24.44,64.041,24.796
2308351,Milhã,CE,14123,13928.74,54.961,65.409,64.08,35.395,71.353,46.509,85.462,58.313,82.121,53.044,58.65,62.508,22.877,37.613,56.295,24.794
3158201,Santa Maria do Suaçuí,MG,12788,13456.92,55.628,65.887,62.338,38.66,64.012,74.302,87.592,37.643,72.109,59.414,56.616,61.212,27.64,37.109,65.098,24.792
2923308,Ouriçangas,BA,7716,10527.83,56.773,78.1,57.39,34.83,74.9,72.952,88.173,76.375,54.322,54.825,54.921,65.491,14.316,49.196,51.02,24.789
3134301,Itumirim,MG,6638,13903.41,66.42,84.821,69.586,44.852,72.804,85.461,95.644,85.375,74.268,72.081,63.041,68.955,21.938,51.387,81.296,24.787
4200903,Angelina,SC,5358,32814.14,53.591,70.073,61.662,29.039,63.517,35.268,94.952,86.553,80.274,52.197,52.75,61.427,16.199,42.066,33.111,24.78
5211800,Jaraguá,GO,45223,20486.37,61.103,72.075,67.166,44.068,67.623,82.864,93.821,43.991,78.192,63.631,56.865,69.976,33.698,44.703,73.09,24.779
5221858,Valparaíso de Goiás,GO,198861,15016.28,62.357,79.739,70.324,37.007,70.171,88.434,97.143,63.209,76.803,72.975,62.73,68.789,31.833,47.085,44.333,24.775
3142007,Mirabela,MG,13651,12028.94,56.23,66.76,64.074,37.856,62.223,68.152,89.272,47.394,76.089,60.161,56.872,63.173,20.291,37.917,68.448,24.768
2903409,Belmonte,BA,20121,18708.92,45.517,54.348,46.983,35.22,53.276,77.833,83.691,2.593,40.541,49.611,46.923,50.858,23.393,33.461,59.266,24.761
4210308,Major Vieira,SC,7425,40739.55,54.938,65.091,60.702,39.023,56.61,40.782,86.949,76.023,75.061,52.87,53.064,61.812,20.61,33.232,77.491,24.758
2910404,Encruzilhada,BA,19107,13505.79,51.882,65.744,51.926,37.975,59.204,55.823,86.592,61.356,49.168,45.535,53.921,59.082,28.153,30.598,68.404,24.744
2111573,São Pedro dos Crentes,MA,5783,14553.33,55.54,69.602,58.792,38.225,62.975,74.952,77.855,62.625,72.397,50.656,61.38,50.736,22.534,24.125,81.504,24.739
3163508,São José do Jacuri,MG,6197,16240.17,51.069,57.904,63.583,31.721,59.932,45.208,78.527,47.948,75.649,45.833,68.72,64.13,23.179,34.301,44.665,24.737
1301159,Careiro da Várzea,AM,19637,21204.44,50.311,60.484,51.384,39.066,87.848,11.335,68.734,74.022,64.626,30.839,65.87,44.2,23.397,26.123,82.013,24.73
2313302,Tauá,CE,61227,11711.05,55.915,67.894,65.266,34.586,68.106,50.176,91.15,62.144,80.956,57.98,55.673,66.454,26.454,49.215,37.946,24.728
3519808,Icém,SP,7819,26962.12,58.833,78.053,68.425,30.019,65.421,94.172,95.076,57.544,80.152,65.819,55.217,72.513,26.069,40.926,28.366,24.716
3513603,Cunha,SP,22110,14868.59,58.842,70.851,66.641,39.034,59.702,68.581,89.155,65.965,79.528,57.158,61.328,68.551,14.926,60.785,55.727,24.698
3156403,Romaria,MG,3386,80782.43,55.124,71.485,64.136,29.749,60.413,81.742,94.964,48.823,78.704,64.087,51.09,62.663,19.869,32.904,41.529,24.694
2203354,Dirceu Arcoverde,PI,7054,9637.75,55.154,63.888,57.922,43.652,70.408,38.781,63.137,83.228,67.398,42.949,59.716,61.627,46.053,8.271,95.596,24.689
1507003,Santo Antônio do Tauá,PA,27461,17444.4,52.237,59.377,56.719,40.616,48.858,65.235,75.253,48.163,57.202,53.627,56.952,59.096,28.26,28.704,80.812,24.686
2924207,Pedro Alexandre,BA,13954,8612.87,50.343,58.809,53.46,38.759,74.367,33.412,74.317,53.139,51.329,33.433,65.312,63.768,25.988,25.315,79.047,24.685
2501104,Areia,PB,22633,11447.87,60.674,72.194,59.985,49.842,68.815,62.339,86.995,70.626,69.202,58.231,52.014,60.493,56.438,36.62,81.632,24.679
2300408,Aiuaba,CE,14076,10848.44,57.037,70.017,59.819,41.276,75.583,50.522,87.199,66.763,76.634,41.071,56.206,65.363,34.761,36.107,69.56,24.673
2805000,Pedra Mole,SE,2778,17409.1,58.997,80.152,55.791,41.047,78.8,70.331,93.368,78.11,56.543,67.132,30.947,68.543,31.508,36.614,71.393,24.673
3303203,Nilópolis,RJ,146774,20997.04,63.511,78.507,67.564,44.46,67.305,86.879,93.104,66.741,70.518,72.825,55.306,71.608,36.28,44.681,72.211,24.67
2613602,São José do Egito,PE,31004,14331.61,58.854,72.405,66.108,38.049,73.515,73.704,92.818,49.582,80.863,60.312,53.015,70.242,35.004,38.349,54.173,24.669
3304144,Queimados,RJ,140523,31265.76,55.509,68.379,66.445,31.703,66.152,80.243,79.255,47.867,66.554,70.243,53.33,75.651,24.435,37.719,39.987,24.669
4310652,Itati,RS,2638,33120.24,57.102,73.367,56.881,41.057,75.878,67.446,89.339,60.804,68.166,39.017,52.881,67.462,39.553,41.331,58.681,24.665
2927705,Santa Cruz Cabrália,BA,29185,18929.09,51.498,59.059,59.641,35.795,67.829,59.509,82.948,25.949,57.454,67.721,55.377,58.011,11.051,36.088,71.381,24.659
3201803,Divino de São Lourenço,ES,5083,16364.51,57.735,72.999,64.938,35.267,66.707,52.731,85.141,87.418,77.757,62.155,55.344,64.498,16.934,40.037,59.443,24.655
2912103,Ibicaraí,BA,21665,9615.08,55.078,70.406,55.533,39.297,68.88,92.797,96.547,23.399,53.316,60.594,41.4,66.821,12.228,38.16,82.145,24.655
4102802,Bela Vista do Paraíso,PR,14833,35572.03,59.843,79.198,67.529,32.803,65.674,86.605,95.028,69.483,74.571,67.598,58.872,69.074,24.685,44.171,37.721,24.635
4102604,Barracão,PR,9759,27275.03,59.072,73.216,66.336,37.666,68.219,70.079,91.732,62.833,78.381,63.407,54.224,69.331,25.389,37.356,63.283,24.635
3144003,Mutum,MG,27635,18537.93,57.77,68.251,66.701,38.359,61.35,59.123,92.029,60.502,78.225,59.875,59.968,68.737,18.093,46.246,64.464,24.631
2109205,Presidente Juscelino,MA,11356,7495.23,46.729,48.099,56.486,35.602,55.929,17.315,46.948,72.205,68.972,38.591,64.376,54.003,17.023,22.661,78.107,24.617
1721257,Tupirama,TO,1909,62706.4,56.008,75.016,50.718,42.289,65.169,78.359,83.96,72.577,77.02,19.809,61.573,44.469,42.536,41.579,60.428,24.614
4306551,Dom Pedro de Alcântara,RS,2562,25765.57,60.936,81.984,61.447,39.378,74.992,87.514,91.81,73.621,69.45,50.122,56.254,69.962,25.48,35.278,72.143,24.612
2210201,São José do Piauí,PI,6597,10394.41,57.463,75.259,55.087,42.042,68.363,67.758,87.698,77.216,70.793,39.712,45.652,64.191,37.029,34.298,72.229,24.612
2912301,Ibicuí,BA,13934,14194.23,51.362,63.888,52.113,38.085,69.523,80.742,96.468,8.82,41.209,47.315,56.76,63.169,13.152,31.775,82.804,24.608
4321477,Tiradentes do Sul,RS,5129,38540.37,55.776,64.889,61.419,41.018,68.968,42.114,81.311,67.164,72.619,48.897,54.666,69.495,22.546,46.812,70.112,24.602
5000906,Antônio João,MS,9303,78766.57,52.155,64.896,62.187,29.381,71.396,69.559,80.064,38.565,65.135,63.617,59.472,60.522,36.718,28.316,27.896,24.594
3148707,Pedra Azul,MG,24410,16566.1,53.337,68.162,62.702,29.146,69.598,78.904,90.13,34.018,65.61,59.975,60.412,64.809,26.86,28.237,36.893,24.593
2930204,Sento Sé,BA,38154,45271.9,54.381,69.469,59.198,34.477,64.827,75.49,80.631,56.929,58.946,48.305,59.519,70.022,40.95,28.456,43.919,24.582
2913457,Igrapiúna,BA,13151,16172.64,51.491,58.127,57.066,39.28,57.033,44.125,72.565,58.785,54.642,47.349,65.362,60.913,25.45,28.828,78.259,24.581
2502706,Borborema,PB,4214,16542.52,59.083,76.199,61.009,40.042,78.302,73.329,93.923,59.243,62.25,59.962,59.257,62.567,38.68,29.398,67.509,24.581
2508554,Logradouro,PB,4797,10216,58.089,71.331,60.851,42.087,80.78,61.446,97.297,45.8,72.284,54.54,60.781,55.799,17.342,42.639,83.787,24.579
3523503,Itatinga,SP,19070,20952.05,58.625,80.002,63.847,32.027,71.049,87.793,97.564,63.604,74.284,69.234,43.289,68.581,25.269,39.832,38.429,24.577
2804300,Muribeca,SE,7822,12447.66,61.622,75.355,63.357,46.155,63.687,81.174,93.854,62.706,68.879,62.892,55.398,66.26,36.052,36.832,87.161,24.576
2901353,Andorinha,BA,15012,14993.55,55.193,67.994,54.128,43.458,64.791,57.086,81.434,68.665,55.189,39.536,54.736,67.052,30.711,35.818,82.729,24.574
2201919,Bom Princípio do Piauí,PI,5636,12540.49,56.413,75.587,53.083,40.569,64.84,78.403,77.577,81.527,47.916,43.52,54.727,66.17,14.042,25.381,98.281,24.571
3542305,Redenção da Serra,SP,4494,14978.38,59.304,74.603,67.116,36.192,72.657,56.566,83.5,85.689,78.854,62.086,64.905,62.617,16.546,46.616,57.037,24.569
1303403,Parintins,AM,96372,14915.13,57.982,74.992,60.709,38.246,71.53,85.159,83.772,59.505,72.924,52.216,60.705,56.989,31.074,43.329,54.016,24.564
2922250,Muquém do São Francisco,BA,10443,20283.93,54.769,69.123,48.182,47.001,72.182,51.846,84.142,68.321,57.615,28.046,58.923,48.146,53.773,38.885,70.791,24.553
2313104,Tabuleiro do Norte,CE,30652,14807.59,54.983,61.314,63.846,39.79,70.615,47.341,91.158,36.141,80.243,60.552,48.966,65.622,23.155,43.667,67.789,24.549
5220686,Simolândia,GO,5742,30404.43,53.876,65.348,56.924,39.357,65.764,74.202,88.457,32.967,74.807,45.623,48.052,59.213,32.174,19.01,81.696,24.549
5101852,Bom Jesus do Araguaia,MT,7280,106423.87,50.315,60.131,47.241,43.574,78.128,32.844,83.336,46.218,60.665,33.557,62.21,32.53,32.61,28.946,88.194,24.546
4320354,Sentinela do Sul,RS,5306,25868.97,49.734,54.649,58.7,35.853,61.566,38.596,78.048,40.385,64.011,56.013,60.284,54.492,18.46,45.914,54.497,24.542
1300706,Boca do Acre,AM,35447,14572.16,50.052,68.155,46.166,35.835,69.58,70.447,82.793,49.8,66.634,34.759,66.401,16.869,26.603,23.738,68.457,24.542
3139201,Malacacheta,MG,17516,13561.34,51.08,64.356,62.208,26.677,50.672,67.515,77.727,61.511,70.318,56.539,54.681,67.295,31.122,47.908,3.137,24.54
4215356,Saltinho,SC,3632,25964.88,59.023,72.208,64.862,39.998,72.41,47.651,82.218,86.553,76.832,57.732,63.596,61.286,30.67,42.249,62.535,24.54
3203007,Iúna,ES,28590,18970.78,55.327,66.45,65.584,33.947,58.257,65.232,85.597,56.717,76.821,65.5,55.93,64.082,14.807,37.412,59.031,24.536
3130556,Imbé de Minas,MG,6986,14588.11,56.168,70.639,61.155,36.709,72.337,50.093,89.56,70.567,71.757,50.679,58.744,63.439,34.177,35,53.124,24.534
2927507,Santa Bárbara,BA,20952,8681.47,54.094,59.383,62.301,40.597,70.032,50.12,86.369,31.012,59.406,62.225,61.654,65.917,37.549,35.184,65.123,24.534
3163607,São José do Mantimento,MG,2753,16163.27,58.126,73.814,62.727,37.836,58.094,64.348,91.694,81.12,72.376,56.512,54.637,67.383,21.479,29.15,76.189,24.526
2606804,Igarassu,PE,115196,30354.95,57.885,65.283,66.961,41.412,65.005,59.956,87.479,48.692,75.906,66.143,56.003,69.79,25.779,48.246,67.101,24.523
3170057,Ubaporanga,MG,13017,12999.72,57.747,68.566,65.689,38.988,74.117,54.285,86.456,59.405,72.181,58.959,64.271,67.345,21.853,52.544,57.031,24.523
5207501,Estrela do Norte,GO,3205,23507.02,56.66,69.577,60.045,40.359,72.343,76.458,96.463,33.043,77.888,50.175,51.325,60.79,23.821,47.97,65.125,24.522
2206951,Novo Santo Antônio,PI,2827,11130.18,54.746,63.499,56.277,44.462,63.302,64.179,65.141,61.372,59.869,49.359,54.182,61.697,34.441,30.77,88.118,24.52
2512762,Riachão do Poço,PB,4738,11945.37,57.961,70.34,58.103,45.439,70.569,63.53,82.139,65.121,58.025,49.729,58.674,65.986,32.313,29.42,95.504,24.52
5218706,Rianápolis,GO,3980,21061.18,60.814,70.964,69.685,41.793,65.215,80.509,93.698,44.434,78.832,70.984,66.029,62.895,22.695,49.109,70.852,24.517
5207352,Edealina,GO,4001,102014.74,54.558,69.923,56.392,37.359,82.183,70.5,90.677,36.334,74.993,50.327,51.674,48.575,32.34,40.771,51.815,24.511
5211305,Itarumã,GO,6101,53630.92,53.142,66.202,56.154,37.069,63.95,73.787,91.174,35.898,70.444,49.907,55.355,48.91,29.373,30.513,63.881,24.509
3113503,Carbonita,MG,8512,26115.25,59.128,80.159,63.973,33.252,71.612,83.159,91.036,74.829,77.869,54.59,63.135,60.298,27.381,43.393,37.725,24.508
3532504,Neves Paulista,SP,9699,28690.03,63.076,83.26,69.874,36.094,75.87,85.794,95.453,75.923,79.629,71.205,59.561,69.101,27.335,57.774,34.763,24.503
5106299,Paranaíta,MT,11671,68720.11,53.109,70.42,53.114,35.792,71.443,55.13,92.267,62.841,73.623,60.038,58.064,20.729,31.776,41.755,45.137,24.501
5209804,Hidrolina,GO,3545,24931.88,57.64,75.943,61.187,35.791,70.663,68.773,91.402,72.932,75.766,45.566,61.284,62.132,18.428,35.695,64.54,24.501
2922805,Nova Itarana,BA,7780,9488.69,61.151,73.996,59.682,49.774,67.386,65.148,92.668,70.783,70.218,46.768,56.904,64.837,50.651,39.289,84.655,24.501
5219506,Santa Rosa de Goiás,GO,2820,24398.09,58.115,71.654,65.073,37.618,58.05,69.723,94.692,64.151,85.196,65.347,47.335,62.414,27.63,30.823,67.522,24.498
2313559,Tururu,CE,15412,9024.59,56.334,62.966,63.013,43.023,66.808,46.662,77.271,61.123,79.447,59.27,49.264,64.072,37.011,33.179,77.413,24.491
3541059,Pratânia,SP,5126,24832.13,62.264,84.451,69.188,33.155,79.466,89.033,95.02,74.283,83.178,78.937,45.587,69.049,21.676,53.397,33.059,24.489
2206753,Nossa Senhora de Nazaré,PI,5228,9226.2,55.966,69.73,60.984,37.183,59.513,65.113,75.219,79.075,70.538,48.639,57.237,67.523,42.349,19.104,62.789,24.488
3538907,Pirajuí,SP,22431,24252.17,60.925,83.726,68.475,30.573,71.45,94.592,94.748,74.113,82.276,70.357,52.069,69.2,24.98,48.565,24.258,24.487
3505609,Barrinha,SP,32092,19611.65,67.038,86.429,71.96,42.725,78.263,95.856,99.197,72.399,79.773,73.376,62.69,72.002,15.066,49.228,82.127,24.481
2917300,Ituberá,BA,21902,16909.09,55.581,68.006,59.733,39.004,67.372,64.172,81.703,58.779,56.604,57.142,60.887,64.3,37.928,31.685,61.937,24.465
3200508,Apiacá,ES,7223,16482.88,60.305,80.956,65.506,34.453,75.644,74.934,89.939,83.306,74.656,65.396,53.74,68.232,15.085,39.524,58.744,24.461
4202107,Barra Velha,SC,45369,52666.43,60.064,74.621,68.064,37.508,77.961,82.223,91.794,46.504,67.859,83.238,64.7,56.459,28.187,40.91,56.481,24.456
1717008,Pindorama do Tocantins,TO,4478,19121.6,52.833,64.195,56.553,37.751,66.061,55.348,75.873,59.498,73.175,54.338,46.185,52.514,45.759,27.648,53.145,24.452
2207793,Pau D'Arco do Piauí,PI,3880,8726.13,56.478,72.538,59.384,37.512,73.49,64.489,70.513,81.659,60.289,44.82,64.952,67.473,26.996,19.598,79.006,24.448
2201507,Batalha,PI,26300,9605.85,53.735,61.067,58.01,42.13,56.278,50.037,74.68,63.272,64.552,44.075,59.051,64.36,23.78,38.671,81.624,24.445
3302270,Japeri,RJ,96289,16007.8,53.194,68.42,63.072,28.089,61.575,75.96,73.403,62.743,65.307,62.219,54.321,70.44,29.252,34.685,23.972,24.445
4112900,Jundiaí do Sul,PR,3333,38705.65,58.821,70.03,62.969,43.466,67.551,73.457,90.472,48.639,79.841,60.601,45.527,65.907,28.528,33.379,87.518,24.438
2310100,Palmácia,CE,10242,11322.44,52.462,63.989,63.747,29.651,76.926,46.121,80.992,51.918,81.059,53.341,51.919,68.668,22.893,25.429,45.847,24.435
2412203,São José de Mipibu,RN,47286,22174.92,50.654,58.56,56.866,36.536,70.37,54.331,90.457,19.081,48.281,65.675,49.445,64.064,17.106,39.753,64.85,24.434
3500808,Alfredo Marcondes,SP,4445,27274.15,62.377,78.254,70.507,38.371,67.342,92.821,95.723,57.132,79.674,70.716,61.645,69.991,20.033,42.178,66.844,24.43
2901809,Antônio Gonçalves,BA,10862,7669.46,57.585,68.795,60.26,43.701,63.079,65.074,88.284,58.743,65.369,54.985,58.834,61.851,32.127,35.751,82.5,24.429
3171030,Verdelândia,MG,7672,15158.21,54.072,72.809,61.395,28.01,74.676,59.523,85.462,71.577,72.614,51.311,62.142,59.514,21.648,27.775,38.188,24.428
2410900,Riachuelo,RN,7389,26195.8,58.046,76.841,59.489,37.809,77.394,68.003,94.146,67.82,55.952,57.873,60.496,63.636,18.895,36.868,71.049,24.425
1100106,Guajará-Mirim,RO,39387,26960.03,54.608,62.15,60.377,41.298,56.722,41.254,85.309,65.314,67.725,63.55,56.57,53.665,46.871,32.833,61.065,24.422
3501400,Álvaro de Carvalho,SP,4808,12274.06,62.236,82.918,67.658,36.131,70.22,84.98,94.036,82.436,76.677,63.964,58.07,71.92,22.64,34.367,63.105,24.412
3525508,Joanópolis,SP,12815,20559.3,62.475,77.155,68.28,41.99,78.21,73.927,81.995,74.486,80.408,71.48,52.615,68.617,22.883,51.047,69.624,24.404
3538204,Pinhalzinho,SP,15224,20818.97,57.677,69.775,67.448,35.809,76.934,66.589,86.008,49.569,80.735,70.802,48.495,69.76,18.019,46.654,54.165,24.399
2517407,Zabelê,PB,2228,12189.32,60.459,71.991,66.836,42.551,80.441,65.236,91.271,51.016,72.902,64.185,64.636,65.62,31.842,28.103,85.861,24.397
2612406,Sanharó,PE,18624,13427.64,56.707,69.482,63.052,37.585,78.528,63.806,90.987,44.608,76.092,56.592,50.754,68.771,31.57,39.197,55.182,24.393
1508407,Xinguara,PA,52893,30566.17,50.855,61.625,57.882,33.057,68.642,40.241,91.747,45.872,59.102,64.131,60.192,48.105,27.518,29.925,50.395,24.392
3116100,Chapada do Norte,MG,10337,10828.89,52.369,70.078,65.747,21.282,64.216,46.881,84.173,85.041,75.818,49.822,71.32,66.028,20.191,36.321,4.227,24.39
5210802,Itajá,GO,4380,30241.08,60.236,78.47,60.472,41.764,60.294,84.72,95.764,73.102,67.906,60.417,57.263,56.303,26.455,41.668,74.549,24.385
4314159,Paverama,RS,7978,30612.43,56.36,70.386,61.113,37.58,75.61,52.678,94.536,58.72,73.96,59.868,48.78,61.844,19.788,52.794,53.359,24.381
1101104,Itapuã do Oeste,RO,8548,24750.14,53.624,61.143,56.307,43.422,78.833,40.92,86.142,38.677,62.688,62.428,56.74,43.373,36.387,34.99,77.943,24.369
2200954,Aroeiras do Itaim,PI,2690,9221.1,56.521,68.159,60.181,41.221,62.351,66.405,72.158,71.724,65.89,45.772,65.184,63.879,31.27,26.786,82.461,24.367
5200050,Abadia de Goiás,GO,19128,18626.2,55.609,61.03,67.849,37.947,63.685,65.342,91.104,23.989,76.545,64.322,59.546,70.984,22.131,60.161,45.131,24.367
4126900,Tapira,PR,5745,26902.89,56.6,71.083,62.43,36.287,79.638,76.686,94.166,33.842,81.137,60.695,42.541,65.346,27.314,44.297,49.174,24.364
3140902,Matipó,MG,18552,23093.3,59.032,74.281,64.046,38.768,59.22,81.33,96.035,60.539,72.305,60.619,52.671,70.589,22.879,37.102,70.727,24.363
4203204,Camboriú,SC,103074,21911.13,65.081,80.782,68.635,45.828,72.975,92.31,88.848,68.994,68.809,71.526,62.046,72.159,39.445,46.143,73.368,24.354
3550209,São Miguel Arcanjo,SP,32039,30000.65,58.185,74.544,67.722,32.288,70.287,77.238,87.831,62.823,81.498,67.401,53.49,68.501,9.846,49.082,45.871,24.352
2614501,Surubim,PE,64120,14383.06,62.145,71.582,65.325,49.527,73.421,77.564,90.943,44.401,77.101,63.636,50.629,69.935,54.622,41.042,78.095,24.349
4115101,Mariluz,PR,9847,29090.48,60.227,73.941,63.328,43.412,69.419,95.485,94.726,36.135,74.378,63.094,47.016,68.827,47.441,37.878,63.983,24.345
1718402,Presidente Kennedy,TO,3047,21542.73,53.599,77.725,58.876,24.195,74.087,83.362,87.908,65.544,72.215,62.048,45.129,56.111,25.679,40.327,6.439,24.336
2616183,Vertente do Lério,PE,7558,9870.42,55.98,64.286,62.233,41.422,75.874,31.591,88.866,60.815,78.17,53.719,53.275,63.767,38.047,17.396,85.918,24.328
2929370,São José do Jacuípe,BA,10187,12529,54.815,67.182,59.009,38.253,77.355,84.888,91.945,14.539,52.52,62.889,51.934,68.694,34.298,20.19,74.198,24.325
1501501,Benevides,PA,63567,31482.25,59.872,71.874,64.594,43.147,72.416,77.74,78.004,59.335,68.889,68.057,57.817,63.611,34.164,33.196,80.906,24.323
2106607,Matões,MA,32174,8027.5,50.873,58.287,58.075,36.256,69.933,58.774,60.686,43.756,56.478,46.912,65.111,63.797,32.377,27.383,60.943,24.32
3138302,Leandro Ferreira,MG,3199,17478.97,57.624,75.294,64.99,32.587,74.152,69.583,88.816,68.625,75.067,62.668,63.024,59.2,20.772,48.497,36.765,24.316
1505437,Ourilândia do Norte,PA,32467,40408.31,50.388,57.483,57.14,36.541,50.611,83.336,85.665,10.321,53.28,61.999,62.134,51.145,24.016,28.385,69.453,24.312
2208502,Porto,PI,12052,9908.1,54.472,61.296,59.324,42.796,57.844,66.768,63.298,57.274,58.333,47.788,61.641,69.533,40.55,30.285,76.041,24.309
3543501,Riversul,SP,5599,16694.66,63.377,84.874,66.436,38.821,76.235,85.183,91.527,86.553,75.928,62.983,56.798,70.036,15.744,47.31,67.922,24.307
3203809,Muqui,ES,13745,17172.17,59.188,76.608,68.382,32.576,67.343,71.18,91.33,76.577,74.839,68.942,54.099,75.647,25.068,42.029,38.913,24.294
2804805,Nossa Senhora do Socorro,SE,192330,16930.78,60.58,73.32,65.524,42.894,68.539,80.075,92.323,52.345,63.469,71.071,56.031,71.525,38.688,49.546,59.05,24.293
2612455,Santa Cruz,PE,13841,9722.36,53.292,65.95,59.736,34.19,63.615,41.409,85.46,73.317,69.031,42.008,63.51,64.396,45.301,34.771,32.406,24.283
2602803,Buíque,PE,52097,10615.25,52.266,58.156,61.835,36.808,65.001,33.498,81.243,52.881,72.129,50.597,60.363,64.253,36.997,34.569,51.384,24.28
2209500,Santo Inácio do Piauí,PI,3646,11155.17,58.021,75.721,56.478,41.865,62.939,62.68,92.439,84.824,67.678,56.827,49.011,52.397,19.992,37.353,85.835,24.28
2933000,Valente,BA,24362,11118.59,60.541,72.814,63.853,44.954,75.333,78.982,91.092,45.849,65.592,61.547,55.764,72.511,42.588,34.329,78.626,24.274
2207306,Paes Landim,PI,4088,10903.14,55.893,67.617,56.914,43.148,71.186,62.818,76.332,60.133,59.95,57.693,44.389,65.624,19.992,33.892,94.448,24.262
3127057,Fronteira dos Vales,MG,4345,11348.76,56.325,67.086,61.925,39.964,44.892,73.149,89.798,60.506,71.404,48.951,65.831,61.514,44.085,41.279,50.233,24.259
1501451,Belterra,PA,18099,13201.15,53.121,66.853,56.128,36.382,58.382,70.025,75.944,63.061,65.1,42.255,61.947,55.209,20.914,25.912,74.445,24.257
4312443,Morrinhos do Sul,RS,3071,26720.84,62.374,76.829,62.03,48.262,67.072,79.645,87.642,72.959,80.256,38.764,60.63,68.471,16.838,57.448,94.509,24.253
4316428,Sagrada Família,RS,2480,33555.68,59.91,79.482,65.643,34.606,73.994,85.139,82.563,76.231,79.857,52.68,58.908,71.129,31.215,28.136,54.822,24.251
2805901,Riachuelo,SE,8748,25608.66,56.835,67.784,58.597,44.123,52.921,75.427,87.588,55.2,60.398,58.007,51.539,64.444,39.715,33.521,79.006,24.25
3521150,Ipiguá,SP,6761,18512.96,59.201,80.757,66.89,29.956,73.273,69.911,95.018,84.824,76.652,67.237,53.856,69.815,20.92,51.608,23.048,24.246
3556107,Valentim Gentil,SP,14098,31262.6,62.642,84.443,67.525,35.96,71.418,94.48,96.955,74.919,78.424,67.108,53.074,71.493,20.755,50.996,47.842,24.245
2104107,Fortaleza dos Nogueiras,MA,12640,27630.62,49.764,56.5,60.572,32.219,59.135,35.751,68.231,62.882,76.431,50.161,59.184,56.513,34.858,23.379,46.399,24.24
2807402,Tobias Barreto,SE,50905,12976.69,61.334,76.446,63.413,44.144,74.999,72.003,93.656,65.126,64.685,61.226,59.184,68.558,25.995,41.949,84.392,24.239
5007505,Rochedo,MS,5199,54334.53,55.31,73.286,55.65,36.995,74.738,67.038,91.23,60.137,69.93,49.487,49.342,53.843,31.11,33.74,58.892,24.239
2603900,Carnaíba,PE,18644,10456.92,61.188,73.683,63.595,46.285,72.15,60.611,89.046,72.924,78.124,49.567,57.314,69.377,50.869,42.167,67.878,24.228
4112306,Japira,PR,4972,33110.43,60.953,75.96,68.509,38.39,64.922,64.975,91.402,82.544,79.745,66.588,57.404,70.299,31.742,36.186,61.411,24.222
2506707,Imaculada,PB,10392,9529.61,55.18,66.388,58.089,41.062,75.614,44.576,82.285,63.077,67.731,43.43,55.661,65.534,26.385,31.699,81.946,24.219
3100906,Águas Formosas,MG,18448,15703.52,54.813,63.419,62.643,38.377,57.692,78.97,89.981,27.033,65.347,57.15,61.311,66.763,32.114,41.098,56.08,24.216
2614402,Solidão,PE,5210,10954.82,55.954,64.959,66.389,36.515,68.101,35.096,88.286,68.352,80.031,54.432,60.845,70.247,33.471,16.264,72.114,24.213
3153202,Presidente Juscelino,MG,3465,14272.26,56.313,71.016,60.9,37.022,68.551,58.951,86.529,70.033,77.64,43.823,58.673,63.465,41.644,43.619,38.621,24.204
3108503,Botumirim,MG,5790,13178.93,52.938,65.093,62.04,31.679,69.576,50.958,81.482,58.358,73.504,47.266,61.683,65.707,27.254,35.578,39.686,24.2
3155306,Rio Manso,MG,5568,20577.47,59.663,73.064,71.37,34.555,78.735,64.488,86.667,62.364,78.137,64.299,76.211,66.833,21.052,40.901,52.07,24.198
1502400,Castanhal,PA,192256,24673.82,55.392,58.36,61.77,46.047,66.778,36.274,88.172,42.216,61.204,71.225,56.588,58.063,41.181,48.487,70.329,24.189
2931608,Teolândia,BA,15332,14241.35,47.64,50.087,49.896,42.937,54.719,42.45,72.89,30.288,43.794,40.931,52.545,62.315,34.721,31.802,81.045,24.178
2910602,Esplanada,BA,32554,22647.05,54.498,64.051,54.804,44.638,65.553,64.534,86.307,39.809,49.438,56.397,56.517,56.866,37.042,34.366,82.972,24.174
3539400,Piratininga,SP,15108,18566.31,65.329,80.112,71.321,44.553,71.49,85.751,88.606,74.602,79.435,73.19,62.285,70.375,25.65,58.902,69.489,24.172
3122900,Dona Euzébia,MG,6093,18169.59,60.822,83.569,63.444,35.453,65.893,85.423,98.553,84.406,73.948,60.343,55.101,64.383,38.873,37.516,41.253,24.171
2902807,Barra da Estiva,BA,26026,14617.31,58.857,73.097,59.805,43.668,71.702,73.826,85.727,61.133,60.405,51.545,60.497,66.774,32.138,37.628,80.739,24.169
2506400,Gurinhém,PB,13766,11046.93,52.276,57.54,57.764,41.524,68.499,55.931,91.606,14.123,57.902,58.751,54.995,59.41,32.855,32.365,76.71,24.164
2926806,Rio do Antônio,BA,13146,8865.02,58.922,73.944,58.762,44.06,71.87,54.135,85.809,83.96,57.464,42.633,62.973,71.979,28.515,44.145,79.416,24.162
5005608,Miranda,MS,25536,26080.93,53.225,68.682,56.343,34.651,75.13,63.29,72.223,64.083,58.652,58.261,50.215,58.244,26.913,37.409,50.125,24.157
2611200,Poção,PE,10500,9795.46,54.159,60.845,61.73,39.903,70.219,42.994,89.938,40.228,76.344,55.872,48.356,66.346,42.026,34.838,58.591,24.156
3115904,Chácara,MG,3075,15445.59,56.467,68.745,67.64,33.016,75.561,73.503,92.524,33.391,64.677,68.791,67.235,69.858,24.29,46.5,37.128,24.146
4209151,José Boiteux,SC,5985,21957.29,54.785,75.566,62.26,26.53,78.692,59.669,78.213,85.689,68.157,51.964,62.097,66.823,34.949,21.544,25.483,24.143
3146305,Padre Paraíso,MG,17334,12431.1,52.011,69.279,61.325,25.43,61.955,66.361,83.769,65.03,63.051,54.578,55.711,71.96,35.552,34.324,7.706,24.14
3149101,Pedralva,MG,10760,17101.45,57.515,74.027,66.704,31.814,67.587,54.906,88.792,84.824,74.803,60.72,60.322,70.973,25.178,41.449,36.49,24.139
3553203,Taiúva,SP,6548,21482.96,66.09,89.572,67.099,41.599,79.311,97.381,96.234,85.359,81.642,62.026,57.233,67.493,23.794,48.966,69.498,24.137
1505809,Portel,PA,62503,15241.46,42.229,47.628,42.503,36.556,71.161,22.192,45.302,51.859,38.019,34.634,62.175,35.183,42.944,13.823,65.322,24.136
2804102,Moita Bonita,SE,11050,18821.29,60.74,62.98,66.311,52.93,68.672,55.152,95.277,32.818,72.514,60.605,63.194,68.932,37.04,55.352,95.197,24.132
2804409,Neópolis,SE,16426,20296,57.396,66.912,59.891,45.385,74.37,60.213,85.808,47.256,71.023,54.876,46.069,67.594,55.217,26.383,75.809,24.132
2302206,Beberibe,CE,53114,20083.91,53.532,60.81,65.704,34.084,74.194,27.279,81.058,60.708,80.426,64.162,55.172,63.054,26.312,45.029,40.865,24.131
3201704,Conceição do Castelo,ES,11937,23549.91,55.667,70.456,64.678,31.866,72.397,64.505,89.928,54.994,75.386,61.032,53.654,68.64,22.513,44.607,36.217,24.125
2921708,Morro do Chapéu,BA,33594,18768.33,56.138,67.527,57.608,43.28,57.159,60.502,88.801,63.647,58.601,47.262,57.132,67.437,53.172,37.498,58.325,24.125
2202604,Castelo do Piauí,PI,19288,10572.42,54.236,62.089,62.629,37.991,53.032,53.137,79.026,63.162,76.491,51.311,54.983,67.731,33.598,31.449,62.8,24.116
2910503,Entre Rios,BA,38098,18022.63,53.577,60.744,56.798,43.191,63.455,62.627,77.541,39.352,48.553,60.014,60.34,58.284,40.027,40.326,68.298,24.112
4300307,Alecrim,RS,6123,26662.6,57.718,64.718,60.133,48.304,67.833,53.673,85.998,51.368,76.153,55.241,38.709,70.43,21.063,62.984,85.061,24.106
2504405,Conceição,PB,18260,11529.89,57.561,70.096,58.566,44.021,78.34,52.055,90.996,58.991,60.393,52.302,57.015,64.555,39.92,36.517,75.548,24.099
2514602,São José do Bonfim,PB,3242,10056.22,54.581,59.336,61.389,43.017,70.498,58.119,89.151,19.576,66.871,57.51,51.506,69.671,36.531,17.199,94.24,24.097
5208509,Goiandira,GO,4973,40955.16,61.555,79.338,66.024,39.302,74.184,85.121,96.523,61.524,81.812,67.054,53.719,61.512,23.179,57.98,51.952,24.096
2516508,Taperoá,PB,14068,9966.46,57.722,71.317,58.668,43.179,67.03,71.225,86.599,60.417,59.341,52.756,54.248,68.328,23.349,41.857,83.417,24.094
1500503,Almeirim,PA,34280,20227.4,50.755,61.897,52.691,37.679,63.443,65.72,74.838,43.586,41.534,59.804,62.034,47.392,23.482,23.011,80.129,24.093
1504950,Nova Esperança do Piriá,PA,20478,17257.7,46.969,53.667,49.494,37.747,75.915,39.163,62.434,37.158,49.885,43.879,58.496,45.717,39.36,24.656,62.879,24.091
2911204,Gandu,BA,32178,14438.44,54.503,64.876,62.91,35.723,66.569,77.385,89.585,25.965,60.452,65.539,58.528,67.12,38.046,36.357,44.407,24.084
2900603,Aiquara,BA,4447,12167.79,56.225,74.267,55.678,38.728,70.809,73.804,91.788,60.669,53.091,50.264,58.406,60.95,18.595,37.521,74.718,24.08
1507458,São Geraldo do Araguaia,PA,24255,29514.41,48.164,60.362,51.458,32.673,62.484,52.94,82.185,43.839,65.669,41.537,56.072,42.555,22.383,26.686,57.545,24.077
3108552,Brasilândia de Minas,MG,15020,27837.9,56.106,72.03,63.421,32.868,75.848,72.293,91.458,48.521,69.312,65.106,61.965,57.302,22.74,45.79,38.868,24.074
3159902,Santo Antônio do Amparo,MG,17285,20654.87,62.824,76.755,69.192,42.525,66.156,87.648,97.594,55.624,75.906,67.265,62.691,70.907,20.743,49.42,75.864,24.071
3166709,Serra dos Aimorés,MG,6944,13205.44,56.635,69.233,61.473,39.199,69.455,75.482,94.964,37.032,72.226,58.73,47.409,67.528,17.597,37.554,77.577,24.067
4322533,Vale do Sol,RS,9897,27756.17,56.239,71.016,58.479,39.223,65.803,68.277,86.184,63.798,63.586,60.215,41.544,68.573,18.7,34.6,79.528,24.065
5221403,Trindade,GO,142431,18858.87,61.164,76.756,68.437,38.299,68.417,82.83,93.016,62.761,79.717,66.763,53.319,73.949,32.337,55.733,41.063,24.064
2701357,Campestre,AL,6665,13263.26,57.847,69.264,63.849,40.429,67.703,65.318,85.518,58.518,65.837,63.143,56.509,69.906,33.694,15.752,88.209,24.061
3168903,Tiros,MG,7883,48538.88,55.568,69.968,63.515,33.221,74.146,82.157,92.34,31.227,68.565,61.988,63.718,59.789,28.11,45.913,34.808,24.053
3556602,Vera Cruz,SP,10176,23776.18,63.497,78.103,69.155,43.232,69.3,81.644,96.07,65.399,83.042,67.608,55.501,70.468,26.173,50.788,71.922,24.046
3529708,Miguelópolis,SP,19441,52649.29,63.6,77.714,67.188,45.897,64.562,86.226,95.24,64.828,77.854,70.683,52.287,67.931,32.02,41.255,86.273,24.04
5106851,Porto Estrela,MT,3224,26107.63,53.066,60.444,55.934,42.821,61.34,61.111,77.891,41.435,62.821,54.103,58.77,48.041,23.245,30.358,93.642,24.039
3163904,São Pedro da União,MG,4885,30552.22,63.478,81.23,67.691,41.514,68.757,73.772,96.7,85.689,77.968,65.239,56.476,71.081,26.634,42.637,72.746,24.039
3159357,Santa Rita de Minas,MG,6773,22578.07,54.233,68.201,61.148,33.349,73.724,75.819,91.771,31.49,65.216,60.062,50.429,68.887,21.853,28.579,58.925,24.039
2516607,Tavares,PB,14101,9993.71,57.865,72.589,60.504,40.503,74.408,65.177,93.113,57.657,66.971,55.509,54.102,65.433,40.129,20.037,77.809,24.037
2106003,Lima Campos,MA,11297,24482.46,56.544,69.015,61.774,38.842,55.849,67.717,79.282,73.212,75.81,53.421,52.133,65.732,26.274,30.076,74.983,24.037
1400159,Bonfim,RR,13923,37794.91,42.275,54.807,48.738,23.279,68.098,52.336,53.066,45.727,58.8,36.92,52.281,46.951,21.318,23.254,24.51,24.036
2924504,Pindaí,BA,14731,20277.49,56.961,65.338,61.266,44.278,77.545,32.225,79.488,72.093,63.168,46.275,67.27,68.352,37.154,32.582,83.345,24.029
1500131,Abel Figueiredo,PA,6136,15116.09,51.063,66.229,53.688,33.272,64.438,70.629,92.062,37.788,55.064,61.134,51.872,46.684,27.391,24.598,57.074,24.027
3548302,Santo Expedito,SP,3000,15872.7,62.494,80.714,70.265,36.501,67.355,95.567,94.587,65.348,75.822,76.583,59.524,69.133,12.588,48.052,61.343,24.022
2205532,Jurema,PI,4425,9917.3,51.401,67.5,52.722,33.98,66.499,41.579,79.729,82.193,51.619,43.182,57.623,58.463,16.652,23.158,72.095,24.017
2918704,Lafaiete Coutinho,BA,4075,13661.46,56.371,65.464,61.555,42.094,71.121,59.164,78.756,52.815,73.77,47.934,57.449,67.069,24.919,45.396,74.056,24.004
2900405,Água Fria,BA,14497,11010.89,51.107,59.325,53.221,40.775,69.308,45.911,81.407,40.675,51.372,42.199,59.601,59.713,33.556,37.589,67.954,24.002
3107208,Bocaina de Minas,MG,5348,15109.69,55.736,69.622,61.634,35.951,67.284,73.381,89.501,48.319,74.571,45.542,59.993,66.432,33.396,42.856,43.552,24.002
2703007,Ibateguara,AL,13731,14412.44,53.696,67.322,56.997,36.769,64.87,61.219,84.036,59.162,72.345,43.033,43.616,68.995,19.896,29.528,73.653,24.001
2311355,Quixelô,CE,15910,12587.77,57.338,70.61,58.458,42.945,68.865,61.254,86.83,65.491,73.159,48.4,48.583,63.69,35.996,41.859,69.923,24.001
4125001,São João do Ivaí,PR,10667,34110.52,56.98,75.529,63.659,31.754,61.675,84.909,94.085,61.445,77.348,56.584,48.22,72.482,26.309,38.829,37.882,23.995
2407401,Martins,RN,8179,13324.96,59.382,68.207,63.632,46.306,71.247,80.6,96.35,24.633,58.059,65.383,62.857,68.229,30.138,35.993,95.116,23.976
3159506,Santa Rita do Itueto,MG,5826,30962.63,56.125,74.216,63.855,30.303,71.35,58.545,87.991,78.979,74.429,52.912,59.516,68.562,20.78,38.838,37.624,23.97
4301651,Barão,RS,6461,48034.38,61.351,82.782,63.765,37.506,81.479,72.325,91.636,85.689,76.9,57.918,53.042,67.198,16.455,57.899,51.701,23.969
4103107,Bocaiúva do Sul,PR,13299,21234.65,56.012,73.281,58.188,36.567,64.051,78.738,88.513,61.824,69.969,55.253,46.653,60.878,31.975,30.162,60.164,23.968
3103009,Antônio Dias,MG,9219,97749.73,55.563,62.595,62.447,41.647,64.093,45.003,85.329,55.954,76.687,56.138,60.664,56.301,28.428,52.543,61.65,23.968
3530102,Mirandópolis,SP,27983,26592.39,61.648,78.041,70.614,36.29,67.049,91.258,95.307,58.549,82.218,66.051,60.357,73.831,20.533,49.217,51.45,23.96
3528601,Manduri,SP,9871,29788.16,66.778,84.5,69.039,46.797,74.821,92.369,97.233,73.576,76.616,71.289,60.365,67.885,34.319,46.437,82.478,23.953
1304005,Silves,AM,11559,15253.9,54.094,69.753,59.703,32.825,64.83,62.234,76.928,75.019,69.398,44.408,63.239,61.769,17.49,20.638,69.224,23.947
2806305,Santa Luzia do Itanhy,SE,13616,14255.04,53.162,63.117,53.612,42.758,62.931,41.443,89.172,58.92,52.977,46.076,54.45,60.944,29.95,32.992,84.154,23.937
2510600,Ouro Velho,PB,2918,13213.99,57.124,64.83,62.298,44.244,81.486,53.351,92.64,31.843,77.498,59.828,51.322,60.545,18.69,37.292,97.057,23.936
2401602,Bento Fernandes,RN,4807,18530.38,58.942,76.697,59.864,40.264,70.993,55.925,93.315,86.553,52.605,57.541,67.56,61.751,20.43,30.333,86.36,23.932
2917201,Ituaçu,BA,17914,14439.97,53.294,67.007,54.317,38.558,74.488,35.734,87.235,70.57,56.13,44.446,52.747,63.947,36.021,36.802,57.476,23.932
4104709,Carlópolis,PR,16905,27329.86,63.746,76.43,69.896,44.912,72.531,87.339,90.381,55.471,81.55,65.017,62.241,70.774,27.413,46.75,81.553,23.931
2613701,São Lourenço da Mata,PE,111249,13076.46,54.009,63.744,65.619,32.664,61.773,64.623,82.328,46.25,71.797,63.669,57.953,69.059,25.637,40.156,40.939,23.924
1700350,Aliança do Tocantins,TO,5147,120666.79,55.136,72.549,60.172,32.688,62.946,66.714,92.323,68.213,76.997,63.933,48.845,50.915,26.368,39.573,40.889,23.923
2615409,Toritama,PE,41137,18721.67,57.961,65.851,65.725,42.309,66.564,52.577,94.449,49.813,65.117,70.606,59.456,67.72,30.684,31.829,82.799,23.922
2806404,Santana do São Francisco,SE,7346,14640.95,57.484,73.287,58.547,40.62,67.865,75.053,93.17,57.06,63.746,54.312,50.72,65.408,23.301,28.287,86.971,23.92
2915106,Itagi,BA,13803,9386.73,52.861,65.673,56.209,36.699,66.504,78.697,85.919,31.574,55.726,55.306,45.303,68.501,14.768,27.715,80.396,23.918
1101708,Urupá,RO,10725,25687.42,52.877,54.725,60.565,43.341,64.044,26.194,85.5,43.163,74.494,53.193,62.393,52.18,45.262,34.041,70.143,23.917
2404606,Ielmo Marinho,RN,11615,12203.9,52.565,68.07,48.261,41.364,73.965,41.895,88.982,67.439,44.195,40.234,53.448,55.165,24.493,37.604,79.448,23.914
4315404,Redentora,RS,9738,24091.52,49.241,57.704,56.193,33.826,64.066,46.125,62.232,58.394,57.582,48.766,50.168,68.258,36.975,29.505,44.912,23.912
2106102,Loreto,MA,11597,35897.56,54.989,67.587,57.413,39.968,66.389,51.717,67.227,85.014,74.55,46.61,61.706,46.787,29.308,29.186,77.467,23.911
3142908,Monte Azul,MG,20328,12691.94,56.124,69.871,65.785,32.715,61.242,73.386,84.652,60.205,79.553,54.357,63.759,65.473,22.645,38.457,45.848,23.909
2933455,Wanderley,BA,12968,13030.66,52.765,61.603,57.213,39.48,50.83,58.882,75.495,61.206,66.272,43.176,65.709,53.694,27.342,30.131,76.541,23.906
1200179,Capixaba,AC,10392,49662.55,46.495,59.627,49.009,30.849,68.717,29.02,84.352,56.418,59.968,44.46,59.213,32.395,17.015,24.053,58.423,23.903
4307831,Eugênio de Castro,RS,2633,155109.28,58.179,75.923,62.788,35.825,75.167,70.646,73.919,83.96,67.636,60.568,60.263,62.685,16.247,46.324,56.828,23.9
3514809,Eldorado,SP,13069,25384.75,61.074,75.63,65.835,41.757,72.651,58.072,86.44,85.357,76.937,59.783,60.895,65.725,37.481,43.839,61.81,23.899
2512804,Riacho dos Cavalos,PB,8493,10980.91,55.15,59.339,61.788,44.322,75.156,42.701,89.296,30.204,72.915,53.792,55.74,64.705,28.371,32.217,92.808,23.893
2505204,Cuitegi,PB,6730,9989.48,56.519,72.8,56.884,39.874,61.245,78.674,94.376,56.903,59.397,62.692,42.922,62.525,21.515,23.761,90.335,23.886
1100338,Nova Mamoré,RO,25444,29402.16,45.33,52.408,46.495,37.087,67.25,15.84,83.437,43.106,63.958,46.38,59.566,16.075,24.085,37.068,63.313,23.883
2612307,Saloá,PE,13836,12453,56.435,63.755,60.909,44.642,69.891,45.029,91.82,48.281,72.736,56.434,50.23,64.235,42.806,42.193,69.69,23.878
2210938,Sussuapara,PI,6220,12451.65,59.445,79.966,56.804,41.564,60.4,91.392,96.034,72.037,67.212,48.793,42.933,68.279,36.853,35.16,70.369,23.876
1502202,Capanema,PA,70394,20421.66,51.318,53.565,61.163,39.225,70.46,29.548,83.774,30.479,59.418,67.39,61.806,56.037,34.095,41.462,57.493,23.849
2102606,Cândido Mendes,MA,19932,7419.87,51.137,56.671,56.988,39.753,59.649,29.765,64.753,72.517,60.018,51.233,63.468,53.234,31.299,22.768,81.099,23.845
2304236,Croatá,CE,17481,12932.63,53.455,65.866,60.87,33.628,71.79,57.861,92.975,40.839,77.4,52.515,47.783,65.781,15.435,34.936,60.3,23.842
3551900,Severínia,SP,14576,18790.95,61.221,79.789,68.464,35.409,72.228,95.022,86.001,65.905,79.608,70.278,56.9,67.071,45.212,40.245,32.34,23.841
2504504,Condado,PB,6451,14111.41,61.388,76.048,64.295,43.822,69.408,79.995,94.012,60.779,73.69,59.008,56.603,67.878,29.086,38.253,84.121,23.828
2202133,Campo Grande do Piauí,PI,6020,10396.77,55.069,68.979,60.644,35.583,72.633,50.406,83.563,69.314,71.673,53.677,53.569,63.656,27.626,19.962,70.919,23.826
3121407,Desterro de Entre Rios,MG,7653,34380.08,59.423,76.268,64.968,37.032,66.215,67.428,88.489,82.938,78.516,59.573,50.944,70.837,26.09,46.262,51.952,23.825
2206357,Milton Brandão,PI,6542,8247.33,55,72.431,56.155,36.413,68.287,57.842,78.77,84.824,59.535,32.493,62.513,70.079,16.097,32.33,73.407,23.82
2301604,Assaré,CE,21697,11014.93,57.512,68.998,62.827,40.71,76.017,61.493,88.685,49.796,79.001,51.875,58.95,61.484,27.084,36.944,74.992,23.82
3108008,Bom Sucesso,MG,17151,26140,62.929,78.86,68.845,41.082,69.027,91.678,97.434,57.299,82.651,67.241,54.845,70.642,15.688,46.417,78.41,23.815
5007703,Sete Quedas,MS,10994,35244.78,55.762,70.311,59.747,37.228,62.084,71.482,92.37,55.307,69.913,58.086,50.792,60.197,22.088,31.669,71.353,23.801
3122108,Divino das Laranjeiras,MG,4178,14874.43,58.903,75.363,64.407,36.938,64.044,81.291,94.913,61.203,73.881,61.214,53.845,68.69,36.295,45.537,42.135,23.786
5206800,Damolândia,GO,2724,19412.34,63.106,77.069,68.256,43.992,75.821,83.75,87.25,61.456,82.17,67.963,53.684,69.206,25.231,42.115,84.839,23.783
2912905,Ibirataia,BA,18792,11116.27,53.092,64.173,55.36,39.742,50.116,79.426,88.231,38.918,47.27,54.247,52.365,67.56,22.618,33.979,78.6,23.771
2202539,Caraúbas do Piauí,PI,5630,10276.43,56.031,74.204,54.152,39.737,72.795,65.857,73.339,84.824,51.175,37.88,60.191,67.363,31.421,22.786,80.975,23.766
3155603,Rio Pardo de Minas,MG,28271,12309.04,55.584,66.993,63.64,36.118,63.399,45.111,83.584,75.878,77.243,47.395,67.707,62.216,27.894,39.768,53.049,23.764
2205508,José de Freitas,PI,42559,9247.64,59.387,68.264,60.923,48.975,56.127,66.675,80.82,69.432,67.3,47.836,60.271,68.286,48.113,44.065,79.957,23.763
2110237,Santana do Maranhão,MA,10567,7064.25,55.412,70.881,56.867,38.487,75.42,78.459,58.642,71.002,70.655,31.818,64.496,60.5,26.952,30.023,73.212,23.761
3515707,Ferraz de Vasconcelos,SP,179198,26648.06,59.259,79.026,67.312,31.438,67.695,93.095,88.408,66.906,74.998,69.902,57.121,67.227,26.397,42.233,33.36,23.76
2616209,Vertentes,PE,21959,8922.58,54.25,65.225,62.289,35.234,70.742,54.415,91.46,44.284,69.53,52.689,58.999,67.938,15.266,30.672,71.241,23.759
3554904,Três Fronteiras,SP,6804,18066.85,67.291,89.296,70.449,42.129,77.853,96.301,99.069,83.96,84.518,65.755,60.267,71.257,20.946,49.901,73.913,23.758
3132701,Itambacuri,MG,21042,16326.47,56.965,71.061,60.694,39.139,62.929,81.317,81.435,58.564,63.786,57.798,58.272,62.919,32.189,45.188,55.422,23.755
4305116,Centenário,RS,2721,44711.39,63.195,81.37,71.574,36.639,78.919,72.038,89.981,84.544,80.573,62.076,72.845,70.803,18.924,46.209,57.671,23.753
2308500,Mombaça,CE,37735,11928.16,57.716,67.892,62.847,42.41,71.912,41.815,88.012,69.827,78.84,52.959,52.387,67.202,28.918,40.74,76.234,23.746
2102325,Buriticupu,MA,55499,13578.5,52.898,58.882,56.714,43.097,60.204,45.406,79.6,50.318,64.865,56.733,55.071,50.188,47.008,31.856,69.779,23.745
4209177,Jupiá,SC,2555,34785.16,64.466,75.328,67.838,50.232,63.111,64.4,88.975,84.824,73.648,69.368,65.61,62.725,31.864,52.579,92.743,23.741
5214408,Nazário,GO,8189,34061.72,59.39,73.942,64.734,39.493,76.173,71.483,96.117,51.996,72.738,70.875,52.71,62.613,18.023,36.3,79.911,23.739
2614105,Sertânia,PE,32811,11278.87,55.021,64.805,63.667,36.59,62.969,46.319,87.203,62.727,77.065,52.245,57.824,67.533,40.619,36.391,45.613,23.738
2516003,Solânea,PB,26774,13283.61,56.136,64.773,57.644,45.993,44.735,55.7,93.872,64.783,49.046,66.588,51.379,63.564,37.777,36.403,86.055,23.736
3546009,Santa Branca,SP,13975,22547.59,59.803,76.811,68.111,34.486,75.306,70.257,86.076,75.604,75.197,69.788,59.006,68.454,34.768,43.652,35.795,23.728
2929057,São Félix do Coribe,BA,15194,15805.67,56.865,65.837,60,44.758,68.041,72.711,88.925,33.673,67.773,52.203,56.596,63.429,31.314,46.929,77.062,23.727
3129806,Ibirité,MG,170537,18921.94,60.225,78.668,66.928,35.079,71.854,83.877,88.69,70.251,70.093,67.484,61.19,68.943,31.765,40.43,44.396,23.726
2906857,Capela do Alto Alegre,BA,10744,12144.42,58.363,69.581,60.121,45.387,76.443,73.358,92.472,36.053,62.479,54.719,54.688,68.597,43.04,33.098,81.689,23.722
5200829,Amaralina,GO,3268,33620.95,53.849,59.867,58.749,42.93,66.937,49.359,84.69,38.483,76.614,43.738,66.983,47.66,20.827,31.469,95.701,23.722
1506161,Rio Maria,PA,18384,32977.9,47.317,47.782,53.604,40.566,54.631,35.339,83.561,17.596,56.7,60.32,54.25,43.146,21.95,42.214,74.382,23.72
1715101,Novo Acordo,TO,3969,21502.01,54.426,73.816,54.588,34.874,74.788,85.197,74.877,60.4,67.91,61.792,54.209,34.442,21.702,31.799,62.273,23.72
5108055,Terra Nova do Norte,MT,10616,47661.53,54.601,68.205,53.784,41.814,66.689,67.241,90.349,48.543,71.037,54.177,51.313,38.608,26.948,36.014,80.579,23.715
3166956,Serranópolis de Minas,MG,4399,10866.66,54.345,69.037,61.74,32.259,64.273,62.431,86.04,63.402,75.77,46.836,59.911,64.442,12.583,22.935,69.808,23.71
2307205,Jati,CE,7861,16623.33,56.355,68.091,62.632,38.343,63.75,58.443,91.42,58.752,73.955,49.333,61.651,65.589,24.1,34.715,70.847,23.71
2908705,Condeúba,BA,17053,10104.66,55.633,67.192,58.086,41.62,68.258,57.523,79.868,63.119,66.78,38.433,64.07,63.062,38.114,36.258,68.415,23.695
3200359,Alto Rio Novo,ES,7434,15316,60.552,73.596,66.907,41.153,72.207,63.962,89.768,68.446,76.763,60.904,64.718,65.243,18.996,35.381,86.539,23.695
3300902,Cambuci,RJ,14616,27605.85,61.277,74.333,65.788,43.709,59.327,80.791,95.753,61.463,75.239,58.402,60.139,69.372,31.095,37.871,82.179,23.691
3157377,Santa Cruz de Salinas,MG,3910,12625.77,54.419,67.595,58.043,37.618,66.625,49.209,89.872,64.674,75.329,39.476,60.564,56.803,31.703,29.444,65.647,23.68
5106208,Nova Brasilândia,MT,3932,27958.47,54.893,67.928,49.591,47.16,69.85,75.902,89.796,36.162,57.045,41.805,56.714,42.799,27.889,43.002,94.084,23.666
2912202,Ibicoara,BA,20785,21486.19,52.792,65.202,55.74,37.433,70.969,63.814,94.966,31.058,56.555,45.19,56.25,64.965,26.907,29.465,69.698,23.663
4311734,Mampituba,RS,3131,22588.81,54.041,62.153,57.309,42.66,67.581,66.427,91.744,22.861,71.557,38.265,53.201,66.212,23.578,41.714,81.689,23.657
5102694,Canabrava do Norte,MT,4485,60009.48,45.132,65.077,35.187,35.131,70.721,40.913,86.829,61.847,53.544,22.988,55.211,9.004,29.985,31.145,55.738,23.656
3135456,Jenipapo de Minas,MG,6100,13124.62,56.837,71.501,65.495,33.516,61.201,57.749,82.647,84.407,77.473,53.217,66.798,64.493,24.858,41.545,44.007,23.655
2922102,Mundo Novo,BA,17305,11597.08,54.935,69.233,58.345,37.227,72.983,66.795,84.645,52.508,67.525,48.756,52.205,64.894,14.867,43.916,66.47,23.653
5106307,Paranatinga,MT,26423,81425.51,53.141,69.583,49.832,40.006,73.453,61.647,86.135,57.097,70.097,46.357,52.439,30.436,37.277,35.017,64.079,23.652
2309607,Pacajus,CE,70983,19306.76,57.831,68.346,66.975,38.172,77.571,45.767,91.445,58.602,80.578,69.165,54.33,63.825,36.507,45.63,46.899,23.651
2919306,Lençóis,BA,10774,15860.72,55.222,66.485,60.046,39.134,64.238,71.843,81.101,48.759,59.866,55.625,60.896,63.796,29.299,38.162,65.424,23.65
3107901,Bom Repouso,MG,12649,12760.04,59.395,74.561,65.061,38.565,70.792,59.261,92.135,76.054,66.139,62.423,61.85,69.832,30.198,32.434,67.978,23.649
2612471,Santa Cruz da Baixa Verde,PE,11567,9888.73,53.806,61.692,64.434,35.292,73.641,25.139,90.61,57.378,76.566,53.869,57.874,69.426,21.308,37.039,59.175,23.648
5203500,Bom Jesus de Goiás,GO,23958,51699.2,58.722,75.389,64.467,36.31,61.351,86.394,95.996,57.816,81.007,57.995,57.668,61.199,33.838,42.851,44.911,23.641
2206506,Monsenhor Hipólito,PI,7577,9689.06,52.614,63.796,56.468,37.579,68.63,45.617,84.083,56.855,70.733,41.489,49.766,63.883,23.021,21.6,82.058,23.637
1716109,Paraíso do Tocantins,TO,52360,29120.38,60.161,75.78,67.774,36.93,69.215,79.252,94.651,60.002,76.775,68.588,57.998,67.733,23.528,48.035,52.521,23.637
2309300,Nova Russas,CE,30699,11055.4,59.597,76.83,67.061,34.9,70.625,73.712,95.991,66.994,82.763,63.494,53.564,68.426,36.124,43.217,36.638,23.621
2306553,Itarema,CE,42957,17980.39,52.28,56.013,62.324,38.502,71.476,31.955,79.105,41.516,77.792,52.86,52.436,66.21,18.728,42.54,69.128,23.611
3519402,Ibirá,SP,11690,27412.17,61.355,81.707,67.639,34.719,71.183,93.196,95.582,66.865,77.978,69.471,51.175,71.933,30.181,49.095,35.994,23.606
3122470,Dom Bosco,MG,3697,18882.31,56.476,79.299,62.163,27.966,77.385,75.199,90.363,74.25,75.691,47.814,64.405,60.742,13.303,48.788,26.169,23.605
2603108,Cachoeirinha,PE,19899,12876.32,57.226,78.127,63.984,29.565,68.264,83.634,94.862,65.749,73.769,62.147,48.861,71.16,30.352,27.218,37.09,23.601
2108801,Pirapemas,MA,17714,7437.95,54.493,58.742,59.213,45.524,65.357,40.056,55.569,73.987,68.795,45.795,60.146,62.117,58.867,26.184,73.445,23.599
1302553,Manaquiri,AM,17107,18332.13,53.149,64.719,54.226,40.503,73.628,29.208,81.294,74.745,64.496,39.924,62.824,49.659,34.163,28.185,76.07,23.593
2100907,Araioses,MA,39052,7295.08,51.886,57.741,56.548,41.369,67.987,22.92,68.951,71.104,59.071,41.667,59.995,65.458,29.643,23.218,89.022,23.592
3102704,Cachoeira de Pajeú,MG,9110,13887.47,51.37,63.33,60.937,29.842,56.075,62.038,90.828,44.379,71.302,48.093,57.074,67.281,20.727,38.006,37.049,23.586
2305506,Iguatu,CE,98064,19566,61.097,68.863,69.344,45.085,71.783,67.26,95.637,40.77,78.661,70.087,59.046,69.583,44.069,45.173,67.517,23.582
4213302,Ponte Alta,SC,4437,39901.52,58.976,69.243,62.798,44.887,71.14,85.836,65.46,54.537,73.445,61.448,52.683,63.614,28.623,36.083,91.262,23.582
2904050,Bonito,BA,15844,17212.66,56.642,70.407,58.916,40.603,68.976,47.377,94.275,70.999,60.224,50.521,58.697,66.222,29.103,29.415,80.314,23.579
3134004,Itinga,MG,13745,10865.06,52.253,63.339,59.525,33.894,59.891,62.666,83.345,47.453,69.236,49.978,62.7,56.184,17.645,30.118,64.237,23.579
2930006,Sebastião Laranjeiras,BA,9360,11541.23,56.097,78.335,53.501,36.456,75.475,74.032,87.782,76.051,64.982,31.907,56.878,60.236,8.61,36.188,77.455,23.571
3105004,Baldim,MG,7492,27061.71,55.228,61.971,64.685,39.029,69.17,66.322,88.365,24.028,77.727,66.429,52.405,62.178,24.187,44.902,63.461,23.569
2202703,Cocal,PI,28212,9739.05,55.581,62.554,59.926,44.263,68.785,31.68,83.503,66.248,70.382,43.999,58.342,66.98,43.294,33.081,77.12,23.558
2703205,Igreja Nova,AL,21372,26950.74,50.612,62.03,55.962,33.845,74.248,34.193,86.517,53.162,60.685,44.751,53.414,64.998,18.304,31.609,61.908,23.558
3127388,Goianá,MG,4053,15476.08,60.939,79.137,66.819,36.862,71.067,71.785,90.799,82.895,72.032,67.311,54.61,73.324,24.25,50.263,49.383,23.554
2301307,Araripe,CE,19783,10589.91,55.348,62.138,60.655,43.25,65.909,42.104,89.986,50.552,74.35,52.987,52.831,62.452,38.315,34.467,76.669,23.549
3138500,Liberdade,MG,4737,22888.7,55.853,74.959,65.446,27.152,74.442,77.505,94.909,52.98,73.968,66.445,54.929,66.442,26.655,35.324,23.082,23.548
5004502,Itaporã,MS,24137,49290.18,58.895,76.452,62.34,37.893,75.637,68.127,94.012,68.03,67.478,56.001,58.707,67.172,26.268,50.85,50.907,23.547
3518909,Guzolândia,SP,4246,22201.64,62.303,81.845,65.941,39.122,72.962,90.051,97.767,66.601,82.752,68.561,48.09,64.359,17.517,48.76,66.683,23.527
2410306,Serra Caiada,RN,10125,10874.66,58.045,77.602,53.994,42.539,68.961,74.099,93.672,73.676,56.681,43.686,51.962,63.645,32.755,26.298,87.58,23.523
2411205,Santa Cruz,RN,37313,16711.63,56.43,68.723,63.152,37.415,70.15,77.148,94.63,32.963,64.689,62.578,56.091,69.249,27.289,42.752,56.102,23.516
2603454,Camaragibe,PE,147771,15198.9,59.414,63.279,66.042,48.92,61.174,56.76,81.461,53.72,75.602,67.689,53.51,67.366,47.513,46.601,78.059,23.507
2611309,Pombos,PE,27552,19471.21,56.089,60.108,65.892,42.268,65.506,64.481,81.194,29.251,71.923,66.369,57.967,67.308,32.206,37.885,75.475,23.505
2504801,Coremas,PB,14683,17123.41,60.216,76.337,62.324,41.987,74.91,84.131,92.896,53.41,67.747,55.902,52.94,72.706,23.341,35.455,85.648,23.502
2301257,Ararendá,CE,11096,9693.9,57.267,66.722,64.819,40.261,73.048,70.762,90.201,32.876,88.97,55.882,46.189,68.233,32.555,35.408,69.598,23.485
4308052,Faxinalzinho,RS,2520,41237.74,57.301,68.095,61.643,42.166,75.812,46.377,63.639,86.553,60.932,61.698,57.378,66.564,27.139,51.058,66.985,23.481
2102077,Bom Lugar,MA,12212,9731.76,55.731,70.598,59.25,37.344,80.964,48.625,69.674,83.128,67.452,47.805,63.548,58.196,17.644,22.5,85.753,23.481
2106508,Matinha,MA,22034,8996.17,48.506,53.53,56.86,35.128,73.034,32.276,60.641,48.169,64.546,46.839,59.374,56.682,10.469,25.252,81.312,23.477
3102902,Antônio Carlos,MG,11095,21962.14,59.871,74.879,67.998,36.736,66.644,71.837,87.023,74.013,78.741,69.151,57.972,66.128,20.027,55.198,48.246,23.473
3147956,Patis,MG,4837,11457.44,56.7,71.514,61.037,37.55,68.246,47.442,87.049,83.32,75.092,49.383,58.071,61.6,46.976,36.737,43.02,23.469
2413201,Senador Georgino Avelino,RN,4065,28865.28,58.62,82.011,59.558,34.291,75.315,80.722,96.588,75.419,49.058,64.481,56.47,68.221,27.27,21.531,64.897,23.466
5209952,Indiara,GO,17061,38748.67,58.865,67.669,67.28,41.647,58.723,84.208,95.388,32.356,79.663,65.702,61.505,62.25,38.174,27.334,77.623,23.459
2109502,Riachão,MA,22145,30623.42,51.12,54.775,56.839,41.745,51.015,56.357,68.928,42.8,70.741,45.822,58.648,52.144,32.741,30.086,80.697,23.458
2203255,Curralinhos,PI,4413,9052.69,56.872,69.856,59.409,41.351,62.189,78.818,67.061,71.357,60.759,51.359,61.736,63.781,36.752,25.142,80.057,23.454
2924603,Pindobaçu,BA,19083,8293.35,55.303,67.949,57.459,40.5,62.406,74.6,89.261,45.531,58.628,60.038,49.077,62.094,36.087,33.823,68.637,23.453
5221452,Trombas,GO,3120,22639.71,56.904,72.16,60.105,38.449,75.649,68.804,85.056,59.13,77.526,52.297,60.913,49.682,21.122,30.939,78.285,23.45
1506302,Salvaterra,PA,24129,8782.24,55.504,62.923,59.343,44.246,64.168,63.104,57.257,67.165,57.258,48.519,59.617,71.979,38.135,33.471,81.935,23.443
3163201,São José do Alegre,MG,4133,14121.21,62.894,80.977,72.06,35.647,58.78,83.838,97.491,83.797,77.143,72.048,69.635,69.414,25.178,46.927,47.043,23.439
2900207,Abaré,BA,17639,11910,52.392,71.234,56.915,29.026,76.501,70.812,82.246,55.378,67.285,48.743,53.184,58.449,17.418,25.119,50.131,23.437
2924108,Pedrão,BA,6235,8445.33,52.466,58.583,58.888,39.928,69.423,40.489,69.257,55.163,54.927,56.246,58.515,65.863,18.038,32.472,85.764,23.436
2405603,Jardim de Piranhas,RN,13977,15373.34,57.974,73.402,61.538,38.983,78.225,63.721,90.417,61.245,66.456,60.769,53.468,65.46,40.12,36.517,55.859,23.434
3157906,Santa Margarida,MG,16395,21753.44,53.555,67.419,61.639,31.606,60.744,56.864,92.948,59.119,60.806,56.552,62.25,66.95,22.879,44.361,35.753,23.43
2307502,Lavras da Mangabeira,CE,30802,11226.87,58.591,69.009,64.48,42.285,70.944,53.139,90.65,61.303,72.575,54.838,61.827,68.678,28.636,36.458,80.617,23.429
3515350,Euclides da Cunha Paulista,SP,7924,17351.65,55.475,72.614,62.374,31.438,66.208,74.527,92.244,57.475,82.721,59.41,44.725,62.639,21.248,37.941,43.144,23.418
3141009,Mato Verde,MG,12038,13185.61,60.308,75.546,66.197,39.181,65.829,76.395,91.731,68.229,77.059,59.989,63.227,64.513,34.44,42.896,55.972,23.417
2919504,Livramento de Nossa Senhora,BA,43903,13209.18,57.676,70.311,62.417,40.3,69.584,55.214,86.061,70.383,66.415,51.833,66.189,65.232,34.291,40.603,62.892,23.413
4126256,Sarandi,PR,118455,17627.19,58.662,76.734,67.48,31.772,69.71,83.73,96.764,56.734,73.343,70.355,55.772,70.449,20.993,43.655,39.038,23.405
2401008,Apodi,RN,36093,19803.59,60.211,69.272,62.606,48.756,76.94,61.378,90.598,48.172,66.355,56.066,55.11,72.893,48.689,45.067,77.867,23.402
4110201,Inácio Martins,PR,9670,27680.54,53.564,64.468,56.349,39.875,73.929,63.349,72.695,47.9,75.45,51.687,42.188,56.072,33.427,38.64,64.032,23.402
2205904,Manoel Emídio,PI,5209,10598.4,55.778,73.74,57.557,36.037,81.349,73.218,78.059,62.336,71.749,50.822,56.49,51.167,26.721,29.08,64.951,23.398
1715002,Nova Rosalândia,TO,3362,30235.48,53.532,69.928,61.377,29.293,78.437,58.272,86.11,56.892,75.353,60.475,50.561,59.119,15.172,42.092,36.51,23.396
2902252,Arataca,BA,10191,10032.57,54.051,70.363,54.023,37.768,67.17,70.867,88.354,55.06,39.147,44.118,63.602,69.227,23.411,21.706,82.56,23.395
2211308,Valença do Piauí,PI,22279,13096.21,57.992,67.18,63.215,43.582,53.556,71.712,79.257,64.194,69.685,66.171,49.682,67.323,39.337,33.764,77.848,23.379
5202502,Aruanã,GO,8300,35432.93,59.453,74.257,62.307,41.795,61.443,81.653,94.987,58.945,79.353,62.111,53.182,54.58,21.821,37.208,84.773,23.378
4300604,Alvorada,RS,187315,17758.08,57.967,67.827,64.179,41.897,63.147,91.529,77.551,39.08,60.741,75.741,52.532,67.7,40.527,43.402,60.281,23.378
4218251,Timbó Grande,SC,7342,41607.99,57.847,68.189,66.639,38.712,68.049,58.057,85.999,60.65,75.882,62.731,66.293,61.651,26.679,20.88,83.911,23.377
3113602,Careaçu,MG,6816,25743.64,59.069,78.808,66.204,32.194,57.641,78.521,94.244,84.824,77.544,66.458,53.762,67.053,21.261,29.432,54.716,23.368
3125200,Fama,MG,2578,22910.41,63.034,79.107,70.809,39.186,59.09,77.699,94.816,84.824,74.908,73.377,67.824,67.127,19.779,43.72,69.883,23.361
2201408,Barro Duro,PI,6640,13627.37,59.936,79.082,59.266,41.46,78.064,78.364,81.827,78.072,64.394,54.027,49.065,69.579,39.063,28.789,74.629,23.358
2102309,Buriti Bravo,MA,22455,10708.2,53.997,59.106,60.579,42.306,51.078,51.521,71.333,62.493,72.696,49.474,58.398,61.75,29.636,34.135,82.099,23.355
5212907,Marzagão,GO,2758,25029.83,55.784,65.359,62.252,39.741,67.061,74.713,96.749,22.914,79.152,64.187,44.379,61.29,19.947,37.491,78.178,23.347
3538303,Piquerobi,SP,3264,20705.51,63.336,76.414,68.543,45.049,63.744,90.404,92.162,59.347,78.617,67.653,63.121,64.783,25.289,45.187,86.378,23.344
2309706,Pacatuba,CE,81524,15261.45,58.655,72.973,64.889,38.101,74.166,69.271,91.302,57.154,77.847,58.417,57.076,66.218,35.974,48.324,44.767,23.341
3150570,Pintópolis,MG,7084,10126.89,51.924,64.661,58.956,32.155,62.054,41.035,80.803,74.752,70.287,49.799,58.032,57.706,30.626,35.125,39.534,23.336
3144656,Ninheira,MG,10588,12023.67,52.728,64.522,58.651,35.012,67.911,44.261,78.34,67.577,74.283,32.965,70.742,56.613,24.081,40.159,52.477,23.331
2513307,Santa Helena,PB,5865,10676.18,61.624,78.112,63.273,43.487,78.431,60.211,88.115,85.689,70.981,51.047,62.335,68.73,39.526,28.738,82.361,23.323
3507704,Braúna,SP,5356,22697.54,63.17,84.867,69.863,34.782,76.676,92.578,98.141,72.071,78.25,67.123,62.77,71.31,15.538,36.695,63.581,23.314
1702000,Araguaçu,TO,8133,43231.04,53.401,70.365,59.428,30.411,72.71,61.908,91.347,55.497,78.548,52.625,59.436,47.102,23.373,26.602,48.359,23.308
4212700,Petrolândia,SC,6716,33528.12,59.686,72.01,63.155,43.893,70.535,54.858,81.915,80.732,76.431,61.047,50.129,65.014,34.357,44.817,73.098,23.302
3137536,Lagoa Grande,MG,8969,32851.08,55.59,70.726,61.883,34.162,71.336,73.999,92.896,44.675,71.76,58.958,54.134,62.679,29.378,32.398,51.572,23.301
4102752,Bela Vista da Caroba,PR,4031,26721.56,57.77,75.047,64.446,33.816,70.255,56.081,87.3,86.553,77.869,54.362,57.705,67.849,35.365,40.575,36.024,23.299
2302800,Canindé,CE,74174,12376.42,58.453,69.778,63.178,42.403,73.435,56.826,89.323,59.526,78.342,55.329,52.54,66.499,44.476,44.817,57.037,23.282
3160108,Santo Antônio do Grama,MG,4229,20406.1,60.173,78.201,63.075,39.242,62.359,85.307,95.98,69.157,65.24,66.923,52.633,67.506,36.111,49.929,47.651,23.276
5103056,Cláudia,MT,9593,112185.48,55.322,67.95,53.137,44.878,65.815,64.586,88.006,53.394,65.01,68.507,56.178,22.855,37.426,39.164,79.652,23.271
4201950,Balneário Arroio do Silva,SC,15820,14123.47,60.376,70.775,67.813,42.538,70.083,80.953,83.493,48.572,68.486,80.395,56.762,65.61,38.734,36.414,71.738,23.266
2921203,Miguel Calmon,BA,24661,11157.5,54.488,60.746,58.558,44.161,54.522,74.336,82.613,31.512,61.038,53.259,52.666,67.269,45.812,45.472,62.097,23.263
2911659,Guajeru,BA,8050,8594.71,54.242,67.525,55.969,39.231,69.176,34.44,83.601,82.882,66.109,35.2,61.236,61.33,19.209,36.905,77.551,23.261
1600105,Amapá,AP,7943,20232.62,51.009,59.425,55.003,38.599,76.139,25.011,76.143,60.406,64.51,38.41,57.145,59.949,34.998,30.379,65.758,23.259
3302056,Italva,RJ,14073,29973.92,59.509,75.516,66.467,36.543,76.953,71.675,92.154,61.283,77.157,62.686,56.118,69.905,16.667,33.375,72.876,23.252
1503408,Inhangapi,PA,10325,17036.59,51.059,61.749,50.389,41.039,74.842,47.778,69.272,55.104,51.021,46.972,49.177,54.387,38.154,32.132,70.618,23.252
2308104,Mauriti,CE,45561,11441.23,59.622,66.374,65.554,46.938,69.187,47.816,88.514,59.981,78.782,60.526,58.732,64.177,42.473,39.68,82.349,23.249
3111705,Canaã,MG,4715,16548.35,60.374,76.508,63.889,40.725,74.017,61.457,93.816,76.743,70.595,57.569,64.235,63.158,28.188,44.012,67.467,23.234
3545100,Salmourão,SP,4808,20299.99,62.318,82.644,67.361,36.947,66.356,91.306,89.614,83.301,80.806,69.052,50.356,69.231,14.03,43.163,67.365,23.231
5212808,Mara Rosa,GO,10700,27418.14,62.843,75.459,67.605,45.465,61.741,81.069,91.258,67.77,80.32,70.22,65.177,54.704,28.272,49.569,80.791,23.227
2202752,Colônia do Gurguéia,PI,6150,11556.76,55.753,68.769,59.721,38.769,76.03,68.808,79.636,50.602,68.858,54.333,55.272,60.42,19.276,23.449,89.127,23.225
2500908,Arara,PB,12212,9263.66,57.639,71.515,60.115,41.289,78.789,54.658,95.897,56.715,64.385,52.903,57.977,65.194,25.101,29.326,87.507,23.222
4121356,Rancho Alegre D'Oeste,PR,2618,90349.19,59.657,75.568,64.624,38.778,66.286,82.496,94.932,58.558,75.579,64.533,53.612,64.773,25.91,37.046,68.941,23.216
2514800,São José dos Cordeiros,PB,3411,10904.89,55.351,66.606,59.958,39.49,76.949,65.306,92.834,31.334,67.732,50.936,54.631,66.532,20.69,34.516,79.537,23.216
2906006,Campo Formoso,BA,71377,29249.86,55.542,65.362,56.434,44.831,68.191,62.258,86.003,44.994,50.722,50.552,57.656,66.806,43.118,42.529,70.469,23.208
3117702,Conceição do Rio Verde,MG,12541,27596.37,59.763,78.026,64.848,36.416,57.909,86.039,91.709,76.446,66.153,68.011,58.714,66.513,20.081,46.884,55.495,23.205
2911501,Gongogi,BA,5555,13865.92,54.076,66.523,54.323,41.382,65.051,79.857,91.76,29.422,52.105,49.01,49.784,66.393,28.099,37.686,76.541,23.201
2402105,Campo Redondo,RN,10215,10548.1,57.08,75.754,58.377,37.109,73.552,63.306,90.052,76.105,59.079,51.897,57.913,64.617,21.705,26.603,76.93,23.199
1718550,Riachinho,TO,3960,17433.41,54.428,72.4,55.347,35.538,70.34,59.103,80.146,80.011,69.036,47.992,60.657,43.702,19.727,29.924,69.305,23.196
3527801,Lupércio,SP,3981,24881.9,67.081,83.103,72.262,45.879,70.907,91.428,93.639,76.437,79.976,79.444,59.942,69.688,20.779,44.222,95.324,23.19
3100401,Acaiaca,MG,3909,16725.72,58.966,75.026,66.659,35.214,70.777,71.844,83.945,73.537,75.884,67.852,57.876,65.023,25.711,53.448,38.511,23.189
4100905,Amaporã,PR,4762,25622.06,57.104,68.59,62.262,40.46,60.112,71.493,97.998,44.756,71.474,61.302,47.59,68.682,26.305,33.739,78.612,23.182
2612554,Santa Filomena,PE,12106,9305,50.57,64.073,55.459,32.18,72.613,33.927,83.44,66.311,70.605,34.074,55.177,61.977,20.477,28.667,56.393,23.181
2908408,Conceição do Coité,BA,67825,13138.09,56.037,63.53,60.902,43.679,59.06,68.645,92.306,34.108,62.194,57.764,54.921,68.731,50.515,43.748,57.274,23.178
3203106,Jerônimo Monteiro,ES,11575,14978.96,56.885,75.229,66.9,28.524,65.647,82.353,88.592,64.326,72.951,71.297,53.365,69.988,13.48,42.081,35.358,23.177
3536802,Pedra Bela,SP,6557,18139.08,54.938,63.369,65.077,36.368,71.847,33.528,81.774,66.327,78.939,63.245,46.201,71.921,17.743,43.811,60.743,23.174
2209005,Rio Grande do Piauí,PI,5801,10677.45,55.987,70.21,59.161,38.59,64.045,69.623,78.102,69.069,58.005,56.118,59.452,63.068,36.286,11.208,83.706,23.16
2413706,Sítio Novo,RN,4654,11640.87,52.277,58.863,53.875,44.092,78.994,60.858,89.521,6.081,59.24,48.81,39.16,68.29,34.616,27.697,90.895,23.159
2920205,Malhada,BA,15398,12302.76,55.889,73.075,55.801,38.791,68.055,61.479,86.903,75.863,58.642,42.544,62.906,59.114,35.251,18.827,77.931,23.156
2104206,Fortuna,MA,16976,8504.2,52.802,58.367,59.82,40.218,55.303,42.393,77.628,58.145,69.141,47.975,58.766,63.398,29.547,25.292,82.885,23.147
3152907,Pratápolis,MG,8406,27399.26,65.019,86.074,66.926,42.056,69.081,91.993,98.464,84.759,67.805,70.394,60.07,69.437,27.77,51.49,65.815,23.147
2913507,Iguaí,BA,21491,11550.98,54.31,67.645,57.946,37.339,57.25,67.057,89.412,56.861,56.716,41.748,63.154,70.169,18.735,32.987,74.509,23.125
5006309,Paranaíba,MS,40957,40529.51,56.948,72.315,64.186,34.344,60.31,72.343,94.452,62.157,61.346,71.297,60.871,63.228,20.52,43.572,50.164,23.12
4120150,Porto Barreiro,PR,3110,55069.51,55.908,67.391,60.648,39.685,67.949,40.398,85.331,75.887,73.027,61.89,44.34,63.338,25.885,46.482,63.263,23.111
2512309,Princesa Isabel,PB,21114,12706.7,58.575,73.362,64.761,37.601,72.912,67.129,95.689,57.718,73.308,60.991,54.865,69.881,37.916,44.113,45.266,23.107
2921609,Morpará,BA,7996,9910.11,55.346,62.412,56.795,46.831,73.789,57.554,90.026,28.277,62.696,48.116,52.34,64.025,41.097,37.441,85.68,23.106
2205854,Madeiro,PI,8032,9423.5,56.287,67.648,63.609,37.605,65.497,74.813,75.878,54.403,70.309,52.125,61.681,70.319,33.824,15.452,78.038,23.105
1301852,Iranduba,AM,61163,16499.77,46.088,52.793,57.022,28.45,66.348,59.919,78.089,6.815,56.052,57.704,54.336,59.997,22.23,24.833,43.632,23.105
5215603,Padre Bernardo,GO,34967,30309.43,56.275,66.096,62.153,40.575,64.497,67.631,90.296,41.959,70.004,55.244,56.893,66.473,27.234,32.641,79.323,23.103
2601052,Araçoiaba,PE,19243,8474.03,52.261,60.822,64.926,31.035,60.241,33.27,84.604,65.175,76.252,60.779,54.577,68.096,23.389,35.028,42.629,23.095
4307302,Erval Seco,RS,6787,52534.4,56.264,70.63,61.189,36.974,77.204,56.447,84.62,64.248,70.522,60.498,45.778,67.959,15.999,41.086,67.72,23.092
2202505,Caracol,PI,10318,9517.02,52.749,61.004,58.545,38.698,68.88,38.591,79.012,57.532,55.188,49.413,65.514,64.064,23.392,26.202,82.11,23.087
3168507,Teixeiras,MG,12255,15725.72,54.438,69.417,63.048,30.848,71.627,69.936,92.882,43.226,76.557,60.175,52.909,62.55,16.94,44.495,38.877,23.081
3200169,Água Doce do Norte,ES,12042,15425.02,58.46,72.942,63.528,38.91,70.072,59.236,90.553,71.908,75.039,51.569,61.069,66.435,20.592,31.306,80.663,23.08
1502509,Chaves,PA,20757,12048.1,48.193,59.588,48.928,36.063,76.827,19.947,63.064,78.513,40.537,19.515,75.114,60.545,26.556,20.287,74.331,23.077
2508703,Mãe d'Água,PB,3583,10852.86,56.637,69.201,61.492,39.217,81.362,51.491,88.239,55.715,69.469,49.414,60.003,67.081,31.462,38.809,63.522,23.074
5209606,Heitoraí,GO,3354,25190.01,54.646,63.344,65.561,35.032,56.707,71.186,89.29,36.192,80.951,62.419,57.584,61.291,29.241,30.281,57.532,23.072
2205706,Luís Correia,PI,30641,12449.38,49.222,52.431,57.552,37.683,69.101,50.231,79.646,10.745,66.908,53.841,43.532,65.926,20.646,36.286,70.729,23.072
3556354,Vargem,SP,10512,14699.47,60.873,72.928,68.997,40.693,78.487,60.521,79.005,73.697,72.566,73.845,58.386,71.19,17.743,42.384,79.583,23.061
1711902,Lagoa da Confusão,TO,15288,65785.82,44.42,55.474,52.154,25.631,73.954,59.888,66.658,21.398,62.26,57.015,62.626,26.716,24.479,24.931,30.052,23.061
3144904,Nova Módica,MG,3663,16128.35,61.8,81.422,58.872,45.106,75.305,72.857,90.108,87.418,68.434,52.769,50.696,63.589,45.042,45.778,66.545,23.06
4321105,Tapes,RS,14695,41396.36,57.576,76.041,62.502,34.185,75.829,88.498,90.755,49.081,61.279,72.704,52.619,63.405,21.654,66.743,25.299,23.046
5003157,Coronel Sapucaia,MS,14289,24956,47.479,60.404,54.604,27.43,72.681,65.735,74.433,28.769,64.696,54.063,34.611,65.048,25.625,27.259,33.791,23.045
3158003,Santa Maria de Itabira,MG,10485,25847.12,59.259,71.381,63.493,42.904,70.684,57.183,80.744,76.911,73.862,56.521,58.575,65.015,31.149,42.607,74.818,23.041
2508307,Lagoa Seca,PB,27730,11252.23,58.494,71.449,61.406,42.629,72.083,51.041,88.499,74.172,57.223,63.538,58.407,66.455,33.612,37.066,76.798,23.039
2910107,Dom Basílio,BA,11884,12061.75,56.479,73.884,58.482,37.073,76.424,58.577,86.286,74.247,57.909,45.025,64.872,66.122,23.3,37.833,64.123,23.034
2807501,Tomar do Geru,SE,12012,12324.16,55.549,68.347,59.29,39.012,71.795,51.264,89.842,60.486,61.48,58.866,51.552,65.262,19.371,30.685,82.962,23.028
3160504,Santo Antônio do Rio Abaixo,MG,1808,15876.67,59.492,66.723,65.326,46.428,62.625,53.29,88.202,62.776,84.054,67.683,48.396,61.171,34.161,44.62,83.91,23.019
2708105,Santana do Mundaú,AL,11323,125306.5,56.411,71.149,61.168,36.917,69.801,59.535,89.171,66.088,81.853,48.35,49.083,65.387,18.32,29.404,76.924,23.019
1100148,Nova Brasilândia D'Oeste,RO,15679,35253.51,54.494,57.683,60.509,45.29,66.476,32.1,89.695,42.461,76.963,56.719,56.145,52.21,38.764,41.736,77.64,23.018
3116506,Claro dos Poções,MG,7166,11769.64,58.539,73,63.862,38.756,67.824,66.759,89.609,67.807,72.563,55.463,55.229,72.193,29.597,29.752,72.667,23.007
1716505,Pedro Afonso,TO,14055,60822.93,56.919,75.255,65.969,29.534,64.883,91.652,83.994,60.492,78.218,65.581,63.842,56.235,30.74,32.289,32.104,23.003
3526308,Lagoinha,SP,5083,14658.07,56.715,74.865,67.29,27.99,73.015,71.652,93.916,60.877,80.328,64.211,61.055,63.567,14.679,50.516,23.765,22.999
2701407,Campo Alegre,AL,32106,23048.99,53.117,70.984,60.146,28.221,75.038,57.131,95.886,55.88,75.942,46.737,49.839,68.068,33.186,27.895,28.811,22.992
5004106,Guia Lopes da Laguna,MS,9940,36914.3,57.106,74.482,61.23,35.605,64.63,73.561,94.996,64.743,74.18,62.127,42.777,65.836,49.35,29.71,40.368,22.991
3117900,Congonhal,MG,11083,20032.48,59.303,80.532,68.822,28.554,73.354,77.383,95.423,75.967,77.745,68.166,60.955,68.421,29.098,46.647,15.489,22.983
2704005,Junqueiro,AL,23907,23174.77,53.266,64.121,62.859,32.819,70.28,47.274,91.12,47.809,72.676,57.32,52.094,69.346,24.774,31.608,51.916,22.979
3156007,Rio Vermelho,MG,12641,11217.12,51.535,64.114,56.906,33.586,57.512,49.855,84.477,64.611,71.267,37.281,58.638,60.437,21.062,38.816,51.488,22.977
2201606,Beneditinos,PI,9929,9322.78,58.164,74.173,62.968,37.351,65.053,78.624,79.438,73.577,72.795,45.199,66.479,67.399,30.719,32.938,62.77,22.977
2112902,Vitória do Mearim,MA,30805,10405.68,52.279,56.727,60.546,39.562,61.822,49.368,73.934,41.784,68.148,56.128,56.194,61.715,32.911,31.595,70.768,22.975
2207900,Pedro II,PI,37894,10267.98,56.131,65.871,60.095,42.427,60.391,65.119,77.325,60.649,64.526,50.039,58.266,67.55,25.403,48.117,73.225,22.961
2929255,São Gabriel,BA,18600,8280.71,60.371,72.338,66.282,42.494,67.791,69.18,93.084,59.296,60.081,83.994,54.839,66.215,32.585,33.93,80.502,22.957
2312205,Santa Quitéria,CE,40183,15885.72,56.493,68.319,65.558,35.602,75.471,49.073,88.704,60.029,79.76,53.155,58.914,70.404,19.81,38.092,61.551,22.955
2501401,Baía da Traição,PB,9224,11778.12,51.588,61.93,59.922,32.91,70.183,63.805,68.589,45.144,62.92,60.351,50.763,65.656,41.447,20.468,46.771,22.954
4320677,Sinimbu,RS,8578,25068.59,51.107,62.481,55.464,35.375,66.618,52.517,56.946,73.844,69.427,38.458,50.044,63.927,29.761,44.565,44.224,22.948
2516805,Triunfo,PB,9892,8906.85,61.06,74.182,63.022,45.975,72.192,49.179,89.594,85.763,66.215,58.429,60.147,67.296,46.266,28.648,86.045,22.941
3167400,Silvianópolis,MG,6179,23076.45,59.774,79.63,64.934,34.757,72.351,72.38,90.633,83.158,72.037,58.881,62.968,65.849,19.438,46.548,50.105,22.938
5217708,Pontalina,GO,18309,39458.5,62.157,73.17,66.038,47.263,67.276,83.071,93.21,49.122,81.02,64.612,56.978,61.542,36.943,50.058,79.121,22.93
2709004,Tanque d'Arca,AL,5796,16016,58.23,75.704,60.184,38.803,70.79,74.004,93.974,64.047,74.833,43.916,55.749,66.238,27.139,30.133,75.011,22.927
4310504,Iraí,RS,7482,34262.07,52.839,61.435,58.212,38.871,62.733,56.94,83.126,42.942,63.403,62.244,40.633,66.567,30.934,46.894,54.735,22.922
2605004,Cupira,PE,23518,12145.85,61.534,73.364,66.38,44.857,70.623,86.729,95.945,40.161,78.627,62.722,52.226,71.946,43.744,39.218,73.546,22.918
3144300,Nanuque,MG,35038,23246.24,57.433,65.22,66.534,40.544,69.677,85.221,97.541,8.44,70.092,63.141,56.367,76.536,29.569,41.093,68.609,22.907
2104602,Governador Eugênio Barros,MA,13930,8565.16,50.804,60.57,56.851,34.991,63.077,46.511,61.073,71.621,62.287,46.253,58.4,60.465,13.396,24.732,78.929,22.906
1703701,Brejinho de Nazaré,TO,4725,58187.83,52.916,69.707,53.856,35.185,69.158,71.279,87.283,51.108,74.027,56.855,38.005,46.539,29.175,34.245,54.417,22.905
2408805,Parazinho,RN,4801,127195.7,51.541,69.946,52.749,31.929,82.252,60.75,91.834,44.947,51.936,54.006,39.551,65.502,20.43,20.302,64.083,22.901
4301636,Balneário Pinhal,RS,14955,21021.01,57.969,67.94,62.697,43.27,71.919,66.93,92.61,40.301,58.635,78.495,49.454,64.204,30.261,50.622,69.299,22.898
2801405,Carira,SE,19939,19188.06,55.131,70.235,58.264,36.895,73.783,61.031,92.148,53.979,51.031,58.657,61.036,62.332,24.759,29.665,70.268,22.887
2201960,Brasileira,PI,8436,8277.63,60.525,80.321,63.425,37.83,82.305,70.807,81.62,86.553,75.256,46.034,65.797,66.615,20.919,34.492,73.024,22.884
3204252,Ponto Belo,ES,6497,16674.33,59.092,79.404,63.76,34.113,63.48,75.671,91.913,86.553,76.823,61.951,45.387,70.878,11.257,38.839,63.481,22.877
3110202,Cajuri,MG,4088,23980.29,54.173,64.549,63.512,34.459,73.339,61.426,94.164,29.265,71.494,56.907,58.495,67.15,30.049,47.482,37.429,22.875
3165560,Sem-Peixe,MG,2433,15179.88,60.212,76.009,68.752,35.875,63.906,61.258,91.454,87.418,76.866,63.143,69.64,65.359,28.609,45.152,46.866,22.874
3120151,Crisólita,MG,5265,14620.49,52.284,69.761,58.97,28.121,60.021,69.173,79.74,70.112,64.448,43.008,65.699,62.726,26.354,27.032,36.225,22.872
1301407,Eirunepé,AM,33170,17250.1,44.821,54.451,52.647,27.364,55.277,41.907,67.059,53.56,63.243,31.586,52.538,63.22,26.809,17.637,42.145,22.866
2304350,Forquilha,CE,24173,12707.7,59.076,65.081,65.858,46.287,78.821,75.236,91.8,14.468,80.956,58.247,54.326,69.903,45.277,37.976,79.031,22.865
3135902,Jesuânia,MG,5138,20429.09,60.408,78.066,62.883,40.276,72.42,74.875,79.279,85.689,76.392,54.572,51.612,68.955,14.531,55.32,68.391,22.864
3165909,Senador Modestino Gonçalves,MG,4008,23173.68,53.675,61.017,65.713,34.296,43.574,54.329,71.443,74.722,75.574,50.989,70.008,66.282,25.997,41.287,47.04,22.861
2505006,Cubati,PB,7580,10207.75,54.402,73.98,60.438,28.788,73.809,62.4,91.626,68.086,65.864,59.897,53.548,62.444,13.91,31.119,47.269,22.853
2509206,Massaranduba,PB,14139,9288.69,56.418,69.301,60.664,39.289,68.608,55.246,88.163,65.187,64.557,58.288,55.776,64.036,22.973,33.647,77.688,22.847
3112653,Capitão Andrade,MG,4585,13360.29,59.132,76.53,62.683,38.182,64.736,84.371,95.289,61.723,62.545,61.079,56.446,70.662,30.619,36.188,63.083,22.839
3166303,Sericita,MG,7345,14397.74,55.01,70.852,63.686,30.49,65.3,63.49,89.692,64.927,75.271,55.401,60.587,63.487,22.879,40.858,35.404,22.82
4122156,Rio Bonito do Iguaçu,PR,13929,31930.95,50.414,59.296,57.954,33.993,75.684,41.387,78.163,41.952,75.405,49.976,50.859,55.575,32.273,40.159,40.723,22.817
2805307,Pirambu,SE,7913,17557.04,57.376,70.385,59.846,41.897,68.355,78.735,88.347,46.105,55.591,64.979,54.259,64.556,29.585,31.941,83.25,22.811
3146404,Paineiras,MG,4224,19751.33,55.914,72.368,62.743,32.63,75.49,68.52,96.76,48.704,74.189,60.854,55.931,59.999,27.901,39.948,39.866,22.805
2514008,São João do Cariri,PB,4226,13179.99,56.741,66.241,62.324,41.66,64.679,64.361,90.916,45.006,72.843,45.425,63.111,67.915,29.996,39.482,74.359,22.801
1507102,São Caetano de Odivelas,PA,16666,11072.14,50.877,61.129,54.404,37.098,75.991,47.043,73.302,48.179,48.938,53.131,55.37,60.178,37.976,25.421,62.197,22.799
2400109,Acari,RN,10597,13497.27,60.985,69.915,65.404,47.635,75.918,82.382,93.699,27.659,74.33,63.815,57.015,66.456,36.66,42.26,88.83,22.791
4123600,Santa Inês,PR,1748,29674.44,61.946,81.903,64.704,39.229,70.774,75.334,97.544,83.96,81.086,64.974,47.485,65.273,17.973,51.164,65.003,22.778
2803005,Itabaianinha,SE,40678,13267.82,59.691,73.129,64.679,41.266,68.658,63.666,90.161,70.03,62.668,62.001,62.255,71.791,37.656,38.135,66.497,22.776
2204709,Inhuma,PI,14958,11018.75,58.371,73.77,60.818,40.525,67.154,69.988,86.494,71.445,72.406,51.908,53.555,65.402,32.913,32.299,74.114,22.776
2407708,Montanhas,RN,11444,11467.59,55.474,68.571,58.186,39.664,75.329,76.901,94.417,27.637,52.875,61.702,56.843,61.325,14.186,35.657,86.047,22.765
3125705,Felixlândia,MG,13978,20260.94,58.631,76.503,67.213,32.175,73.531,80.786,92.18,59.517,70.633,60.144,67.77,70.307,30.477,35.164,40.301,22.759
2103901,Duque Bacelar,MA,10223,8565.06,49.767,54.301,57.005,37.995,69.01,32.379,57.796,58.019,64.068,36.229,61.861,65.861,25.03,25.974,78.221,22.756
2609808,Orocó,PE,13613,13796.3,54.797,65.859,62.128,36.404,69.238,60.994,73.763,59.441,72.013,46.567,64.278,65.656,38.127,31.621,53.13,22.738
2211704,Wall Ferraz,PI,4059,9432.24,56.824,73.135,56.848,40.489,55.551,73.297,80.795,82.898,71.418,32.923,57.187,65.864,21.159,30.52,87.541,22.734
2501534,Baraúna,PB,4762,10530.75,58.57,68.454,62.228,45.027,73.441,35.295,95.753,69.327,67.85,58.04,60.625,62.397,27.82,43.322,86.233,22.733
5107107,São José dos Quatro Marcos,MT,17849,25312.41,59.17,73.061,62.658,41.792,69.458,66.532,92.93,63.323,73.248,61.412,58.442,57.529,27.328,41.524,75.588,22.73
3141504,Mendes Pimentel,MG,5606,13906.71,53.171,70.021,61.832,27.661,56.228,64.274,87.958,71.624,77.97,50.855,53.114,65.388,21.808,41.301,24.804,22.73
4212254,Passo de Torres,SC,12897,18533.09,59.641,74.37,66.65,37.902,70.699,72.509,92.632,61.641,70.108,62.036,67.007,67.449,17.568,45.073,66.245,22.724
3539509,Pitangueiras,SP,33674,41566.34,61.891,81.163,68.168,36.342,70.69,93.738,94.842,65.382,80.163,72.325,50.83,69.353,16.243,48.492,57.908,22.723
1503002,Faro,PA,8728,8855.42,54.465,73.114,55.368,34.913,58.269,67.895,84.22,82.074,60.299,40.771,63.394,57.009,15.496,21.376,80.057,22.723
4108908,Guairaçá,PR,6587,41608.51,57.178,70.824,64.324,36.387,70.642,79.113,92.019,41.522,79.229,60.75,53.286,64.031,28.483,30.358,63.988,22.718
1508001,Tomé-Açu,PA,67585,15509.83,51.865,62.805,57.534,35.256,63.607,66.351,76.938,44.321,56.014,58.487,65.66,49.975,20.184,34.865,63.259,22.716
3109204,Buenópolis,MG,9150,19895.55,58.494,74.802,63.449,37.23,69.726,74.146,93.475,61.86,74.952,62.078,55.697,61.071,21.982,44.178,60.053,22.708
2927606,Santa Brígida,BA,14965,8032.15,51.744,58.386,52.307,44.54,69.227,45.851,76.409,42.059,54.251,39.937,52.111,62.93,31.852,37.791,85.807,22.707
2804458,Nossa Senhora Aparecida,SE,9232,11991.15,60.101,75.778,59.992,44.533,73.245,73.129,89.399,67.339,64.538,52.051,62.608,60.768,18.735,37.569,99.131,22.698
2205458,Joca Marques,PI,5394,8632.45,55.897,60.566,57.989,49.136,54.237,56.735,70.249,61.041,65.675,37.78,62.5,66.002,39.231,51.438,83.185,22.692
2300705,Alto Santo,CE,14155,16528.69,49.001,57.146,58.339,31.519,78.866,51.297,90.268,8.152,72.477,46.259,46.438,68.181,30.284,32.343,40.759,22.69
3526209,Juquitiba,SP,27404,21098.64,57.177,71.637,67.993,31.903,69.882,63.601,83.791,69.272,80.984,72.876,51.5,66.613,21.104,45.88,37.943,22.684
4210209,Major Gercino,SC,3214,19473.42,54.942,72.669,62.419,29.739,67.6,44.474,92.911,85.689,76.73,50.424,57.077,65.445,19.767,23.093,53.415,22.683
2409506,Pedra Grande,RN,3618,81654.5,52.136,65.225,56.404,34.778,66.501,63.529,93.408,37.461,57.589,45.43,56.545,66.051,13.319,25.33,77.78,22.683
2612802,Santa Terezinha,PE,10244,11290.73,58.153,76.495,62.186,35.779,79.151,70.899,92.795,63.136,73.489,55.214,53.291,66.748,29.42,30.588,60.432,22.675
2611408,Primavera,PE,13838,21233.23,54.116,55.173,64.59,42.584,71.884,47.98,80.63,20.2,71.604,66.818,54.141,65.798,32.515,27.983,87.163,22.674
3126307,Fortaleza de Minas,MG,3477,32245.77,57.335,71.434,64.681,35.889,64.939,78.593,97.46,44.742,71.643,64.599,52.832,69.65,20.184,48.962,51.74,22.671
1600204,Calçoene,AP,10612,17512.52,46.154,49.102,50.293,39.067,69.181,20.051,82.426,24.748,55.286,46.173,51.519,48.193,47.893,24.896,60.808,22.671
2109270,Presidente Sarney,MA,17511,9492.3,51.706,57.96,56.703,40.454,61.62,36.77,61.745,71.704,69.643,39.105,63.666,54.4,34.111,23.512,81.531,22.662
2204600,Hugo Napoleão,PI,3518,9754.03,59.675,78.227,62.131,38.666,72.667,72.32,83.591,84.331,68.451,64.751,48.036,67.288,17.316,33.055,81.634,22.658
5212006,Jaupaci,GO,2924,28643.97,57.403,71.868,54.216,46.125,72.428,68.159,88.961,57.925,78.656,26.755,55.965,55.489,24.208,43.379,94.264,22.65
2403004,Cruzeta,RN,8005,15495.43,58.766,74.037,61.632,40.629,78.608,75.868,95.456,46.218,67.335,67.817,45.257,66.12,37.668,42.509,59.693,22.648
3129004,Guiricema,MG,7778,14819.54,57.578,71.674,67.421,33.64,61.601,56.113,90.049,78.934,76.046,65.147,60.262,68.228,27.122,42.354,42.448,22.637
2202778,Colônia do Piauí,PI,6994,9809.58,55.628,71.47,54.695,40.719,71.139,48.075,86.061,80.605,69.302,37.552,52.29,59.636,19.025,29.618,91.597,22.635
3103306,Aracitaba,MG,2049,15417.74,63.03,82.44,64.036,42.613,72.055,74.934,95.355,87.418,63.758,61.399,62.439,68.55,20.209,48.668,78.943,22.633
1714880,Nova Olinda,TO,10367,31122.72,49.97,58.099,58.048,33.763,73.772,63.623,82.419,12.582,67.757,58.736,50.378,55.323,16.664,30.508,65.249,22.631
2909505,Cravolândia,BA,4415,10474.32,53.607,69.566,58.618,32.637,50.547,65.137,88.496,74.085,64.514,51.282,54.996,63.682,57.054,37.97,12.893,22.629
2923506,Palmeiras,BA,10339,10501.19,55.221,63.705,60.657,41.301,69.371,53.821,84.071,47.559,59.658,51.09,67.227,64.652,22.172,41.978,78.431,22.624
2211506,Vera Mendes,PI,3185,9828.53,58.77,75.842,57.752,42.716,55.696,80.377,85.79,81.505,58.047,50.856,56.928,65.178,37.552,27.455,83.233,22.624
2502904,Brejo dos Santos,PB,5742,11281.87,55.106,60.663,64.401,40.255,61.087,72.705,90.636,18.222,70.042,60.796,61.097,65.671,22.787,25.992,89.617,22.624
3161809,São Gonçalo do Pará,MG,11770,26637.22,62.331,76.72,69.077,41.197,70.719,83.254,97.761,55.146,80.904,62.883,63.606,68.915,37.671,49.102,55.399,22.616
2102705,Cantanhede,MA,24303,6359.55,52.905,59.738,59.298,39.678,63.281,40.971,70.215,64.486,56.844,48.03,67.845,64.473,44.33,29.796,61.975,22.612
1507466,São João da Ponta,PA,4430,13053.29,55.417,68.43,55.864,41.958,66.449,78.151,69.425,59.696,54.522,52.86,62.784,53.288,28.042,38.231,78.947,22.611
2803104,Itabi,SE,4745,17222.18,60.291,76.565,61.699,42.609,75.34,72.422,85.906,72.594,62.377,58.618,56.512,69.287,35.533,30.813,81.478,22.611
3170800,Várzea da Palma,MG,33744,31869.56,59.444,77.473,64.941,35.917,72.99,75.557,88.737,72.609,69.199,65.402,59.633,65.532,39.303,51.995,29.772,22.599
1501782,Breu Branco,PA,45712,17503.23,52.084,59.398,53.752,43.104,70.815,28.826,78.653,59.296,51.723,51.98,60.413,50.89,37.449,27.146,85.225,22.595
2110005,Santa Luzia,MA,57635,12995.24,51.507,61.644,54.868,38.01,66.424,51.265,75.133,53.753,69.579,51.786,54.766,43.343,23.363,24.198,81.884,22.595
2603504,Camocim de São Félix,PE,17419,10476.12,62.47,78.225,67.406,41.78,74.758,78.138,94.952,65.052,76.095,66.443,59.032,68.056,23.221,46.774,74.531,22.594
1200252,Epitaciolândia,AC,18757,34613.59,57.732,67.511,64.685,41.001,63.999,55.426,87.331,63.288,68.902,78.741,62.579,48.515,30.483,34.268,76.659,22.592
2610806,Pedra,PE,22795,13539.58,51.015,65.102,55.902,32.04,68.664,43.91,86.857,60.979,68.851,40.561,52.082,62.112,26.628,31.913,47.028,22.591
2207603,Parnaguá,PI,10103,11886.1,51.496,65.286,51.354,37.846,66.609,58.911,68.832,66.793,51.819,42.778,61.14,49.68,31.894,22.541,74.37,22.581
2604007,Carpina,PE,79293,22166.56,62.73,74.084,68.098,46.007,67.565,72.562,93.814,62.395,77.294,68.569,56.576,69.953,36.581,43.588,81.28,22.58
3112208,Capela Nova,MG,4362,14427.34,55.747,70.646,69.989,26.606,67.316,54.261,95.096,65.911,78.352,69.798,64.327,67.478,19.054,46.305,18.491,22.573
2500775,Aparecida,PB,7960,13315.85,59.517,69.498,63.883,45.17,75.052,59.061,89.563,54.315,74.279,54.641,57.491,69.12,36.713,26.039,95.362,22.565
2414605,Upanema,RN,13577,15888.51,56.027,73.336,56.702,38.045,76.029,66.912,86.398,64.004,57.682,49.383,50.994,68.748,23.611,45.066,60.939,22.562
2919058,Lajedo do Tabocal,BA,7494,10531.62,58.211,70.383,54.626,49.623,60.86,58.918,76.93,84.824,54.919,46.074,53.43,64.08,51.075,43.53,81.327,22.559
2802601,Gracho Cardoso,SE,5834,17435.58,56.183,70.034,61.262,37.254,73.369,78.63,88.147,39.99,66.492,57.625,51.862,69.069,35.875,16.058,74.536,22.548
2307700,Maranguape,CE,105093,15810.47,60.023,69.272,68.067,42.731,75.049,57.298,90.646,54.094,80.101,63.627,55.317,73.221,49.225,45.9,53.254,22.545
4118808,Peabiru,PR,13346,34285.41,57.311,73.53,68.589,29.815,70.588,69.644,94.154,59.733,79.034,67.464,58.959,68.9,20.852,41.151,34.738,22.521
2402303,Caraúbas,RN,19727,19079.88,54.27,60.134,60.362,42.312,76.429,58.838,90.959,14.311,64.526,58.429,52.326,66.167,29.954,43.74,73.036,22.521
2931053,Tanque Novo,BA,17158,10739.56,59.672,69.821,63.934,45.262,65.358,50.964,86.839,76.123,69.087,48.828,68.48,69.343,33.884,38.88,85.768,22.515
4323002,Viamão,RS,224112,19484.44,58.709,72.545,63.105,40.476,70.106,79.57,80.215,60.288,60.903,75.91,58.723,56.885,39.669,47.814,51.919,22.504
1300144,Apuí,AM,20647,14529.18,43.923,57.693,42.753,31.322,75.191,27.98,77.419,50.184,56.376,31.014,59.597,24.023,36.144,25.804,40.846,22.495
3123528,Durandé,MG,7817,15836.01,55.823,69.497,65.587,32.386,70.285,54.263,89.738,63.703,75.619,53.081,68.351,65.295,20.664,38.337,48.058,22.484
3125804,Fernandes Tourinho,MG,2789,16561.76,49.515,66.581,62.73,19.235,66.068,63.68,91.456,45.119,69.025,60.196,53.738,67.962,17.931,32.334,4.196,22.481
4304713,Caraá,RS,7394,22568.07,59.471,80.341,57.313,40.759,79.946,78.957,89.347,73.114,63.521,49.539,53.469,62.722,18.556,40.315,81.689,22.476
3108107,Bonfim,MG,7434,18357.68,59.774,75.962,66.666,36.694,67.164,59.692,93.595,83.398,75.219,59.649,62.455,69.34,20.741,45.444,58.119,22.473
2930501,Serrinha,BA,80435,13609.89,56.795,70.708,61.241,38.434,65.084,85.104,89.78,42.863,51.985,63.858,59.581,69.541,29.731,50.955,50.579,22.472
4104253,Campo Magro,PR,30160,18090.72,55.274,71.728,66.1,27.992,74.519,73.972,79.793,58.63,72.413,65.377,54.968,71.642,22.238,38.678,28.582,22.469
2204352,Geminiano,PI,5445,10961.53,53.113,66.77,57.879,34.69,71.315,75.138,90.06,30.567,67.021,43.116,57.857,63.523,23.021,23.836,69.437,22.465
3161205,São Francisco de Paula,MG,6187,24499.68,59.866,83.357,65.26,30.98,68.612,84.803,96.851,83.161,75.87,61.629,55.211,68.331,25.279,52.917,23.261,22.461
2608602,Lagoa do Ouro,PE,11933,11752.23,54.415,70.234,63.258,29.753,66.931,66.167,88.417,59.422,76.597,55.007,51.85,69.576,25.565,48.13,22.859,22.459
3135076,Jampruca,MG,4296,19353.48,55.268,69.783,61.139,34.881,64.797,65.781,86.219,62.335,66.355,54.07,56.516,67.616,27.134,33.931,56.007,22.453
2106631,Matões do Norte,MA,17432,5740.49,50.94,55.626,56.713,40.482,69.37,32.695,54.969,65.471,55.984,36.709,75.946,58.212,35.376,26.321,77.781,22.45
2801009,Campo do Brito,SE,18149,13191.47,58.952,72.618,63.949,40.289,70.473,59.686,94.218,66.097,64.207,62.407,61.239,67.943,21.271,34.952,82.483,22.45
2929305,São Gonçalo dos Campos,BA,39513,29453.32,55.474,62.828,62.411,41.183,67.03,62.452,86.261,35.569,60.918,59.677,60.268,68.78,39.401,40.716,62.173,22.441
3116803,Coluna,MG,8163,14955.38,54.769,65.208,61.955,37.143,67.322,56.169,83.647,53.695,66.164,49.99,67.461,64.206,25.328,38.633,62.177,22.436
1707405,Esperantina,TO,7530,15881.9,50.337,61.862,53.45,35.699,64.706,59.298,72.441,51.005,63.306,59.768,41.964,48.761,30.698,19.124,70.539,22.434
1200807,Porto Acre,AC,16693,28440.4,48.294,56.457,52.884,35.542,74.456,21.814,68.879,60.678,56.358,47.927,63.785,43.467,18.592,24.653,76.497,22.425
5203401,Bom Jardim de Goiás,GO,7826,33163.93,59.628,74.749,62.815,41.32,72.025,68.217,87.943,70.813,79.076,68.297,53.699,50.189,31.498,32.614,78.749,22.42
1507300,São Félix do Xingu,PA,65418,30936.27,46.104,52.681,41.327,44.304,73.569,15.903,70.569,50.684,38.875,46.314,62.47,17.648,37.578,27.715,89.503,22.418
2108306,Penalva,MA,32511,7863.3,49.12,51.519,56.577,39.263,60.463,29.356,53.404,62.852,68.497,44.896,54.683,58.234,28.74,23.223,82.675,22.415
3170909,Varzelândia,MG,18840,10009.16,51.803,65.478,64.614,25.318,65.443,57.427,79.054,59.988,71.919,58.865,59.062,68.611,13.801,34.119,30.949,22.403
2411502,Santo Antônio,RN,22177,13741.51,54.963,71.184,59.128,34.577,69.499,50.138,95.59,69.507,54.21,63.897,62.02,56.385,31.638,35.995,48.274,22.402
3119906,Córrego do Bom Jesus,MG,4272,10761.04,65.878,85.483,69.214,42.938,79.804,77.442,97.269,87.418,85.097,62.591,63.968,65.199,21.853,50.071,77.429,22.399
2414001,Tangará,RN,13281,15304.42,54.725,69.383,56.244,38.548,69.919,84.98,92.46,30.172,48.009,58.407,51.844,66.714,29.032,34.539,68.228,22.394
5202809,Avelinópolis,GO,2868,23900.55,57.808,66.82,67.202,39.402,61.348,67.754,92.303,45.873,81.924,63.716,58.491,64.678,22.476,35.912,76.828,22.393
5215207,Novo Brasil,GO,3527,24342.56,58.705,74.77,58.276,43.068,63.349,74.087,87.903,73.74,82.183,27.672,65.918,57.333,18.201,39.901,91.778,22.391
3137007,Ladainha,MG,14383,10318.12,47.421,54.801,57.575,29.887,60.733,41.63,57.29,59.549,66.155,37.093,62.648,64.403,26.951,27.066,43.148,22.383
2200509,Amarante,PI,17234,11256.7,54.016,61.425,60.292,40.332,52.52,54.398,72.046,66.734,63.04,54.421,54.62,69.086,24.467,34.793,79.688,22.383
2205250,Jardim do Mulato,PI,4180,9550.55,54.261,71.278,57.472,34.032,62.596,65.356,72.337,84.824,61.537,48.866,60.049,59.435,17.395,27.141,69.208,22.382
1700707,Alvorada,TO,8802,54257.22,57.202,76.49,63.651,31.465,69.362,85.019,94.474,57.103,74.262,62.79,57.555,59.995,33.339,36.435,33.708,22.377
4301859,Barra do Guarita,RS,3161,18103.68,56.211,60.013,64.49,44.128,72.79,69.028,50.234,48.001,71.373,61.539,54.532,70.518,18.678,48.778,86.684,22.374
4111704,Jaboti,PR,5427,29709.32,60.366,78.479,63.172,39.448,72.557,74.921,91.781,74.656,77.175,60.016,42.621,72.876,24.546,37.792,73.084,22.369
5212709,Mambaí,GO,8124,13332.71,59.336,70.088,66.702,41.217,80.471,59.654,88.308,51.92,77.7,57.503,65.059,66.547,34.916,32.813,74.773,22.367
1400050,Alto Alegre,RR,21096,18407.34,38.381,36.8,48.26,30.084,39.37,44.555,63.274,0,65.235,25.874,52.049,49.881,42.194,20.943,34.835,22.365
5201702,Aragarças,GO,18390,15211.38,55.008,67.919,62.968,34.136,67.201,86.605,90.899,26.972,70.381,60.499,57.053,63.938,31.498,42.174,40.512,22.361
5106653,Pontal do Araguaia,MT,6932,17906.46,60.287,81.327,55.968,43.567,76.962,82.234,93.348,72.762,53.772,60.363,57.339,52.398,27.87,43.056,80.983,22.358
2922300,Muritiba,BA,28707,9711.86,59.163,70.409,59.368,47.713,74.653,79.211,87.786,39.986,54.164,55.207,60.144,67.956,46.163,40.63,81.701,22.356
2925501,Prado,BA,35003,17975.34,48.38,55.726,55.565,33.848,54.8,58.443,85.283,24.379,50.957,54.256,54.045,63,19.962,30.732,62.35,22.349
2920908,Mascote,BA,13544,12010.92,54.813,70.065,56.95,37.423,70.18,75.37,90.486,44.226,58.649,47.963,54.78,66.408,18.356,24.809,84.178,22.349
3154457,Riachinho,MG,6863,23081.89,53.827,64.872,60.916,35.692,69.554,52.679,86.24,51.016,76.53,48.411,61.625,57.096,13.303,44.042,63.077,22.346
3542800,Ribeira,SP,3132,19966.22,60.424,80.042,59.996,41.235,76.067,69.852,90.289,83.96,83.913,40.646,45.849,69.576,25.34,41.914,75.341,22.344
2920452,Mansidão,BA,13919,6780.08,56.064,67.227,57.948,43.016,71.892,50.62,76.252,70.146,67.929,30.38,73.812,59.672,31.279,25.707,92.736,22.343
2614857,Tamandaré,PE,23561,16923.03,55.39,56.324,66.908,42.937,59.87,60.196,78.719,26.511,73.462,72.538,52.891,68.742,45.037,38.108,66.282,22.319
1100254,Presidente Médici,RO,19327,29186.01,54.851,63.139,61.352,40.061,66.626,48.45,91.315,46.166,78.109,60.473,55.442,51.384,25.083,42.991,69.855,22.316
2210508,São Pedro do Piauí,PI,13755,9873.15,55.298,70.534,59.518,35.843,67.986,76.425,77.137,60.586,61.886,51.736,56.916,67.533,39.029,30.392,51.642,22.31
1400506,São João da Baliza,RR,8858,37272.6,51.402,61.308,58.413,34.485,63.149,62.158,73.717,46.209,63.106,51.428,65.792,53.327,39.678,31.235,44.717,22.309
5106109,Nossa Senhora do Livramento,MT,12940,30191.37,55.201,66.222,56.328,43.052,71.804,53.103,80.915,59.068,72.297,43.532,61.561,47.921,28.425,43.193,78.297,22.293
2403301,Encanto,RN,6016,10430.14,57.542,71.123,56.374,45.127,70.749,64.551,84.09,65.104,54.791,52.869,50.024,67.813,28.724,34.525,94.975,22.285
5003504,Douradina,MS,5578,36294.22,56.491,69.847,62.167,37.459,77.234,59.974,75.925,66.253,57.059,72.243,51.132,68.235,20.684,32.846,74.026,22.279
2308708,Morada Nova,CE,61443,20932.98,55.708,64.188,64.321,38.616,74.784,74.436,88.787,18.745,74.81,61.274,53.042,68.158,21.297,39.88,71.008,22.278
2915502,Itajuípe,BA,18781,13706.86,57.144,67.687,58.658,45.087,48.922,79.704,91.495,50.628,49.687,62.888,51.564,70.491,31.945,44.826,81.301,22.276
2807303,Telha,SE,3274,13574.55,57.205,73.375,55.246,42.994,66.141,78.053,93.592,55.715,66.249,54.915,39.406,60.414,35.421,24.017,90.262,22.275
2208205,Pio IX,PI,17613,11588.38,53.328,66.943,55.156,37.885,73.323,50.044,87.301,57.105,64.582,37.853,55.151,63.035,23.845,36.934,68.493,22.267
2207751,Passagem Franca do Piauí,PI,4135,11877.61,57.197,70.34,57.371,43.88,77.094,67.739,66.995,69.534,59.252,46.696,63.864,59.671,44.647,30.392,78.215,22.267
4100400,Almirante Tamandaré,PR,119825,16277.98,57.729,75.879,65.222,32.086,71.128,85.439,88.079,58.872,66.669,66.454,54.969,72.796,32.645,49.65,23.784,22.266
2407005,Luís Gomes,RN,9070,9753.93,56.171,65.674,58.323,44.516,73.806,43.752,93.929,51.207,57.088,61.844,44.578,69.781,22.151,37.507,96.143,22.264
2111532,São Pedro da Água Branca,MA,14338,9563.06,55.13,69.387,58.028,37.975,48.25,77.166,86.315,65.816,69.184,55.054,58.808,49.068,22.357,29.039,78.242,22.264
5102793,Carlinda,MT,10332,29187.03,54.957,70.003,56.94,37.93,73.133,48.253,92.867,65.757,66.767,59.716,56.033,45.243,28.991,35.995,64.472,22.26
3127404,Gonçalves,MG,4727,20091.66,59.401,71.059,63.747,43.398,67.038,47.473,83.174,86.553,72.991,64.828,49.54,67.628,29.605,76.626,45.106,22.254
1502855,Curuá,PA,14117,10682.86,51.637,64.737,54.267,35.906,62.037,53.411,67.868,75.632,59.918,42.43,63.069,51.651,21.146,25.997,74.231,22.249
1200336,Mâncio Lima,AC,19294,14054.64,53.182,64.1,58.846,36.599,69.284,50.419,80.666,56.033,59.043,51.87,66.948,57.524,32.089,26.687,65.377,22.242
3123858,Entre Folhas,MG,5179,12627.91,60.018,80.521,68.3,31.232,72.307,72.311,94.153,83.315,80.535,58.75,63.036,70.877,25.223,28.697,48.779,22.229
3517307,Guaimbê,SP,5512,80949.86,61.722,81.064,64.967,39.134,70.22,97.281,93.618,63.138,73.885,65.735,52.178,68.07,15.917,40.568,77.824,22.226
3144201,Nacip Raydan,MG,2459,15314.73,59.672,75.563,67.678,35.776,66.146,68.794,92.088,75.222,75.059,55.957,65.569,74.128,14.578,41.333,64.968,22.223
2916203,Itapé,BA,10341,10372.92,59.213,75.431,56.835,45.372,62.579,83.719,94.469,60.96,53.451,55.484,55.341,63.065,27.181,40.015,92.074,22.215
4107751,Figueira,PR,8062,20179.61,60.102,73.336,67.901,39.067,61.404,79.931,87.475,64.536,76.228,63.427,57.247,74.703,33.639,37.571,62.848,22.212
5103908,General Carneiro,MT,6037,80379.94,49.187,72.035,50.234,25.292,56.839,68.798,81.134,81.37,69.32,40.807,53.176,37.632,33.45,17.637,27.87,22.212
5003454,Deodápolis,MS,13663,36447.85,54.936,73.875,62.642,28.291,75.233,78.595,95.291,46.382,66.186,63.748,57.34,63.292,13.165,39.592,38.204,22.205
5219803,São Domingos,GO,9711,21393.33,53.399,62.394,57.01,40.794,68.341,53.44,78.889,48.907,73.544,42.147,59.93,52.418,27.419,30.039,83.513,22.205
5104203,Guiratinga,MT,10966,66795.12,61.065,77.165,57.908,48.121,65.782,87.036,94.297,61.546,64.47,62.049,48.189,56.924,40.445,37.313,92.526,22.199
2803401,Japoatã,SE,13407,15826.94,56.89,70.915,57.339,42.415,65.154,67.993,85.94,64.573,57.214,57.599,47.763,66.778,39.347,28.384,79.732,22.198
4318101,São Francisco de Assis,RS,17618,45975.09,56.533,75.3,57.214,37.085,75.768,66.351,92.248,66.832,68.425,55.832,54.323,50.278,29.232,37.575,59.344,22.189
2507903,Juripiranga,PB,10012,11807.81,50.269,58.383,55.136,37.289,68.648,54.765,93.864,16.257,67.196,54.386,30.869,68.091,17.707,29.596,79.671,22.183
1506583,Santa Maria das Barreiras,PA,16548,65269,45.833,56.418,39.084,41.997,77.31,23.911,72.354,52.094,43.454,30.568,63.656,18.66,27.592,29.178,89.037,22.183
5100805,Apiacás,MT,8590,27422.01,49.456,65.891,48.819,33.659,73.178,41.711,94.661,54.015,68.385,51.724,56.83,18.338,35.045,25.942,51.467,22.181
2916856,Itatim,BA,15737,27530.01,53.751,58.735,62.622,39.895,73.02,73.967,87.09,0.864,64.614,65.108,57.313,63.452,30.567,33.082,73.75,22.18
2916500,Itapicuru,BA,31679,13962.32,52.869,62.329,55.616,40.664,63.869,54.028,85.209,46.21,51.637,47.724,55.726,67.375,45.44,33.649,61.398,22.169
2920106,Mairi,BA,17674,9051.28,56.005,68.579,58.288,41.147,61.841,71.409,91.218,49.846,61.107,45.177,62.59,64.279,66.703,40.789,34.932,22.165
2909208,Coronel João Sá,BA,17056,10350.34,57.022,72.436,55.956,42.674,77.163,54.851,85.641,72.088,55.86,48.94,56.446,62.579,25.008,38.271,85.26,22.157
2902302,Aratuípe,BA,8677,9284.29,53.382,63.315,55.244,41.588,68.644,53.479,76.091,55.046,56.354,46.537,55.35,62.733,28.192,33.635,82.371,22.155
4308805,General Câmara,RS,7612,36572.45,61.851,76.799,58.868,49.885,67.949,71.72,82.864,84.662,53.778,67.902,59.597,54.195,58.47,44.187,74.73,22.154
3202702,Itaguaçu,ES,13589,24155.26,54.729,69.56,65.495,29.132,79.693,77.835,93.88,26.831,80.878,60.609,52.342,68.153,20.696,39.184,34.501,22.149
5221007,Taquaral de Goiás,GO,4026,22342.49,61.215,71.922,67.134,44.59,68.21,73.646,94.31,51.523,77.888,63.206,62.747,64.693,29.876,31.336,95.003,22.144
3109501,Cabo Verde,MG,11410,25676.26,58.948,73.292,66.582,36.971,65.66,69.843,89.315,68.349,76.077,61.196,59.206,69.849,22.917,47.468,55.371,22.129
2306108,Irauçuba,CE,23915,9278.79,59.638,73.513,65.461,39.94,80.598,55.543,90.007,67.906,81.95,53.355,57.689,68.849,28.132,35.212,74.29,22.124
2302404,Boa Viagem,CE,50411,10774.52,54.363,63.817,62.52,36.751,74.325,66.364,86.312,28.268,75.284,55.745,53.722,65.328,23.869,38.687,62.331,22.118
2516904,Uiraúna,PB,14930,12988.97,58.331,70.393,62.411,42.188,64.582,76.908,95.433,44.647,60.018,62.775,57.972,68.88,32.638,32.012,81.987,22.113
5213004,Maurilândia,GO,10304,24233.37,58.091,72.766,66.705,34.803,72.766,71.281,90.693,56.321,79.834,66.672,52.261,68.052,31.759,33.065,52.28,22.11
3534104,Oriente,SP,6085,21480.73,64.716,85.365,69.6,39.183,72.157,92.515,94.111,82.675,83.363,72.595,50.515,71.928,20.041,45.953,68.629,22.108
2608107,João Alfredo,PE,27725,11504.26,57.434,67.155,62.314,42.834,76.246,49.55,86.403,56.423,77.821,60.345,45.301,65.789,34.417,40.033,74.779,22.106
2514552,São José de Princesa,PB,3416,10034.96,60.403,71.371,64.016,45.822,72.675,47.69,83.143,81.976,72.616,51.142,67.547,64.759,43.852,44.702,72.641,22.094
5007950,Tacuru,MS,10808,29836.7,47.584,64.657,52.608,25.486,72.13,62.276,77.147,47.076,53.632,41.845,56.918,58.037,14.518,22.899,42.443,22.086
5107008,Poxoréu,MT,23283,46627.22,55.526,68.747,57.432,40.398,59.913,71.172,87.138,56.765,68.916,47.415,61.751,51.646,38.869,31.878,68.761,22.086
5210109,Ipameri,GO,25548,95785.88,64.149,77.938,63.64,50.868,73.245,87.555,94.16,56.793,73.819,63.893,56.011,60.836,46.861,54.583,79.954,22.074
4301750,Barão do Triunfo,RS,5889,24343.17,50.931,57.565,58.865,36.362,80.423,29.292,69.685,50.861,67.567,45.691,53.387,68.815,22.73,40.252,60.394,22.074
4216404,São João do Sul,SC,8668,32873.91,53.704,56.189,64.746,40.178,72.431,25.776,84.095,42.455,71.991,65.692,56.241,65.059,27.854,42.187,68.6,22.072
3102308,Alvinópolis,MG,15059,22757.06,57.831,73.727,68.575,31.191,67.233,69.305,88.657,69.712,75.237,66.432,65.193,67.438,28.609,36.083,38.004,22.07
2704401,Major Isidoro,AL,17700,16129.6,54.718,61.424,62.653,40.078,73.874,36.241,88.431,47.151,74.245,55.27,59.893,61.203,25.637,33.606,79.002,22.067
3140605,Materlândia,MG,3963,15386.3,53.38,64.078,58.527,37.536,54.324,58.474,74.977,68.537,69.461,49.085,56.296,59.265,33.7,28.835,65.543,22.066
2804607,Nossa Senhora das Dores,SE,24996,16753.52,60.42,68.51,61.607,51.142,75.406,67.447,90.404,40.783,66.261,59.33,49.164,71.674,44.005,47.122,91.38,22.063
4114708,Maria Helena,PR,5865,23092.5,59.944,79.127,60.954,39.751,76.944,77.504,91.19,70.871,75.674,55.833,43.823,68.486,23.848,44.9,68.204,22.052
4310439,Ipê,RS,5399,55706.73,54.203,63.907,63.504,35.198,78.237,55.937,90.695,30.759,80.095,61.645,50.448,61.827,16.329,43.087,59.331,22.045
5100359,Alto Boa Vista,MT,5715,46539.55,57.119,74.703,51.991,44.663,73.941,55.835,86.461,82.573,65.925,42.826,63.327,35.885,29.545,30.009,97.072,22.027
2913408,Igaporã,BA,15527,12866.8,62.097,75.166,60.455,50.671,69.97,64.473,90.337,75.884,62.149,48.439,62.792,68.441,38.283,55.958,86.424,22.02
3126505,Francisco Badaró,MG,7366,10641.06,56.545,69.473,63.48,36.681,66.467,49.135,78.92,83.369,79.902,49.153,58.643,66.221,26.719,48.198,49.791,22.017
2505105,Cuité,PB,19719,11260.62,55.826,61.396,63.897,42.183,71.595,21.556,94.244,58.19,69.901,60.108,56.991,68.587,31.341,41.938,73.438,22.016
3140555,Mata Verde,MG,9112,10123.52,58.745,75.746,60.846,39.643,67.062,79.579,89.953,66.39,67.991,51.541,59.484,64.37,20.625,32.969,82.967,22.009
3546207,Santa Cruz da Conceição,SP,4277,38071.32,64.884,76.392,73.09,45.17,73.231,69.501,93.231,69.606,78.411,80.456,66.95,66.542,20.65,54.697,83.325,22.007
1501956,Cachoeira do Piriá,PA,19630,11680.88,45.95,55.167,48.415,34.269,71.711,41.987,54.519,52.451,46.788,37.441,65.812,43.618,18.869,19.822,76.383,22.002
2615607,Trindade,PE,30321,13920.48,56.14,70.043,65.329,33.047,65.002,69.274,85.38,60.515,74.872,64.542,53.25,68.652,42.27,30.706,37.21,22.001
4323101,Vicente Dutra,RS,4665,27317.59,54.24,72.155,58.626,31.939,73.673,60.851,76.79,77.308,67.607,60.596,42.545,63.755,18.007,29.328,58.421,21.999
2207934,Pedro Laurentino,PI,2458,12835.9,57.888,72.778,61.024,39.862,66.625,59.15,80.513,84.824,71.081,50.097,64.284,58.635,25.681,27.735,84.036,21.997
3148202,Patrocínio do Muriaé,MG,5576,20967.05,58.137,74.951,61.879,37.58,59.897,81.431,97.83,60.645,63.951,61.291,51.319,70.956,28.438,48.039,51.859,21.984
2103109,Cedral,MA,10208,7756.25,54.026,63.127,64.395,34.555,57.53,46.361,65.894,82.724,71.863,51.582,67.852,66.286,12.328,30.285,73.626,21.978
4207205,Imaruí,SC,11881,21431.98,56.807,70.298,62.341,37.781,67.039,49.513,88.869,75.769,72.351,52.337,58.375,66.302,17.419,37.652,74.077,21.976
1508050,Trairão,PA,15242,21645.05,38.686,49.679,36.185,30.193,69.56,28.321,65.501,35.332,38.294,28.504,48.975,28.967,24.563,25.332,48.912,21.966
2413557,Serrinha dos Pintos,RN,4659,10764.21,58.993,78.91,59.605,38.464,81.984,79.288,94.24,60.13,56.415,52.838,62.856,66.31,32,37.162,62.732,21.963
2404705,Ipanguaçu,RN,14131,14007.18,53.868,63.435,58.071,40.098,71.689,40.708,85.503,55.838,60.517,53.95,53.077,64.742,17.972,34.371,86.088,21.963
1720903,Taguatinga,TO,14011,22880.33,52.512,65.283,59.894,32.359,72.691,62.126,73.339,52.977,70.08,56.573,54.515,58.407,21.195,32.185,54.095,21.96
4128500,Wenceslau Braz,PR,19188,37338.24,56.181,72.53,66.72,29.293,58.581,81.099,92.969,57.469,79.232,69.822,47.248,70.577,23.871,47.977,23.367,21.958
2204907,Isaías Coelho,PI,7774,10469.23,53.418,65.555,58.566,36.132,73.36,39.282,76.205,73.373,72.08,43.724,55.542,62.919,33.83,24.753,63.988,21.956
3155405,Rio Novo,MG,8518,14203.43,59.047,77.656,66.539,32.946,67.114,81.303,92.984,69.222,67.327,69.71,61.004,68.116,28.009,41.18,40.649,21.948
1503705,Itupiranga,PA,49754,17045.91,48.98,57.289,50.486,39.165,71.96,30.917,79.663,46.617,46.557,48.191,62.933,44.262,53.225,26.326,55.166,21.944
2412500,São Miguel,RN,23537,13683.91,56.487,67.303,58.713,43.446,75.575,45.616,90.351,57.67,55.728,63.168,48.418,67.538,28.09,35.347,88.423,21.926
3118106,Congonhas do Norte,MG,4831,10279.42,57.943,76.698,64.949,32.181,75.942,74.776,84.209,71.864,69.551,61.123,58.845,70.277,29.337,34.457,43.01,21.919
2208809,Regeneração,PI,17133,15551.56,53.655,64.412,60.153,36.399,54.687,63.191,72.511,67.259,61.777,57.731,53.565,67.538,16.063,30.895,76.722,21.917
2200251,Alagoinha do Piauí,PI,6819,9667.07,52.559,61.678,55.832,40.168,60.612,37.178,90.517,58.405,63.223,47.743,45.911,66.449,23.845,29.039,85.88,21.908
3539905,Poloni,SP,5592,27816.58,64.781,81.915,67.132,45.295,75.006,94.082,97.907,60.665,77.475,67.641,57.404,66.008,20.479,52.872,85.923,21.906
3143450,Montezuma,MG,6888,13318.21,55.747,70.37,63.247,33.623,67.041,45.829,83.785,84.824,78.093,37.523,68.942,68.431,18.65,47.132,46.804,21.905
2200400,Altos,PI,47453,11415.5,56.151,67.778,64.923,35.753,66.51,67.861,79.201,57.54,69.361,60.51,59.156,70.665,26.996,40.026,54.085,21.904
2605509,Ferreiros,PE,15026,8882.62,58.076,70.617,64.555,39.055,66.315,71.708,92.701,51.746,71.617,55.421,60.233,70.948,35.947,31.88,66.492,21.9
2507804,Junco do Seridó,PB,6793,14324.63,57.463,73.296,59.094,39.999,75.646,50.475,94.708,72.355,69.02,55.758,45.851,65.745,34.312,28.084,75.701,21.9
2412906,São Tomé,RN,9972,11290.81,54.532,63.452,55.413,44.731,71.056,61.171,89.784,31.798,53.78,52.479,49.04,66.354,46.209,35.726,75.099,21.892
3538501,Piquete,SP,12490,15956.63,58.371,78.759,66.939,29.414,66.163,92.675,95.34,60.859,78.605,70.265,51.126,67.759,20.965,50.842,23.956,21.891
3136603,Nova União,MG,5909,18328.46,60.967,73.318,67.357,42.226,62.84,58.741,87.326,84.366,76.867,67.025,57.865,67.67,25.657,43.149,78.211,21.886
1720655,Silvanópolis,TO,5108,47392.99,52.08,63.111,60.851,32.28,67.927,60.571,84.995,38.95,72.897,61.508,54.044,54.954,32.898,36.153,38.184,21.884
1502806,Curralinho,PA,33903,8393.78,48.097,59.69,50.898,33.702,70.223,30.492,73.694,64.351,38.244,29.975,68.033,67.339,17.799,21.129,74.003,21.878
2708303,São José da Laje,AL,20813,28456.12,60.285,76.975,65.543,38.338,66.6,87.401,93.9,59.999,78.078,61.509,56.497,66.09,25.48,31.738,74.257,21.877
3138005,Laranjal,MG,5963,16180.99,61.477,81.251,68.488,34.691,66.549,79.727,94.349,84.378,78.094,62.11,65.317,68.432,20.726,46.569,49.591,21.877
2513208,Santa Cruz,PB,5947,10520.84,60.142,74.692,61.613,44.122,80.087,57.393,86.83,74.457,72.201,45.762,60.796,67.692,27.231,38.112,89.286,21.858
3102100,Alto Rio Doce,MG,10891,16660.27,55.343,66.725,61.865,37.439,63.364,55.611,86.658,61.266,68.453,54.023,58.69,66.293,19.916,41.089,66.9,21.851
2306306,Itapajé,CE,46426,12900.56,59.057,68.692,63.955,44.523,72.919,71.061,90.823,39.964,81.91,60.096,49.367,64.448,24.41,51.055,80.782,21.847
2508802,Malta,PB,6046,13271.67,62.059,78.689,62.59,44.899,70.148,87.605,96.628,60.373,72.645,61.315,49.494,66.905,29.086,48.991,79.672,21.845
4306353,Dezesseis de Novembro,RS,2507,22972.23,59.943,75.946,58.724,45.159,78.462,96.379,82.992,45.95,69.264,59.48,39.035,67.117,21.248,52.434,85.118,21.836
2509057,Marcação,PB,8999,10708.79,47.358,56.27,52.327,33.478,73.778,69.973,69.113,12.215,46.51,50.456,44.727,67.613,27.262,28.22,56.593,21.836
3162559,São João do Manhuaçu,MG,11246,16400.11,56.108,70.345,63.402,34.578,72.902,57.904,93.347,57.227,62.231,60.841,63.416,67.119,30.762,35.893,49.835,21.822
2933109,Várzea do Poço,BA,8101,14447,60.044,72.475,60.904,46.752,67.262,81.967,92.27,48.4,59.5,66.692,54.3,63.123,37.805,41.926,85.464,21.813
2207777,Patos do Piauí,PI,5425,12000.15,55.184,64.845,57.523,43.183,68.64,50.829,78.837,61.074,71.895,39.338,54.602,64.258,34.366,28.311,88.245,21.811
2206654,Morro Cabeça no Tempo,PI,4377,9010.24,47.914,58.239,51.959,33.545,71.263,55.234,44.114,62.345,53.406,37.489,63.483,53.457,35.676,20.053,56.648,21.804
5106778,Porto Alegre do Norte,MT,12127,47237.78,48.706,61.682,45.356,39.079,79.708,48.351,86.271,32.4,51.179,38.311,61.347,30.589,44.617,25.41,64.485,21.804
3510906,Cássia dos Coqueiros,SP,2799,105484.36,62.415,80.474,65.259,41.514,73.817,79.143,87.767,81.167,80.456,59.66,55.719,65.199,13.578,35.139,95.554,21.787
4106704,Cruzeiro do Sul,PR,4494,46030.74,62.056,75.836,63.824,46.51,68.024,79.188,95.135,60.997,75.464,61.621,52.896,65.314,41.884,42.256,80.12,21.779
2401404,Baía Formosa,RN,8825,37099.69,55.714,73.999,59.733,33.41,68.28,66.329,95.566,65.82,54.475,66.487,51.46,66.51,31.112,35.42,45.333,21.776
2302602,Camocim,CE,62326,13567.83,60.469,74.694,66.775,39.937,65.798,79.899,87.891,65.189,80.944,60.718,56.11,69.329,32.303,43.123,62.552,21.771
2407302,Marcelino Vieira,RN,7896,10574.35,55.325,65.466,57.66,42.849,77.337,65.164,93.064,26.3,56.261,53.829,54.475,66.076,23.551,32.966,93.108,21.77
3552007,Silveiras,SP,6186,15071.89,59.544,80.571,63.664,34.397,74.46,70.417,91.717,85.689,72.989,64.202,52.867,64.597,19.118,39.632,57.073,21.765
4122206,Rio Branco do Sul,PR,37558,36895.61,54.474,69.936,62.958,30.529,62.892,68.3,89.176,59.376,74.68,64.095,55.965,57.092,26.858,31.644,41.854,21.759
5204854,Campo Limpo de Goiás,GO,8081,20579.66,58.741,78.48,65.815,31.929,74.286,81.999,94.768,62.866,73.57,63.863,59.057,66.771,17.826,30.025,58.107,21.757
1505403,Ourém,PA,17855,11318.6,54.376,61.848,57.657,43.622,73.585,47.635,77.363,48.811,63.311,56.43,53.903,56.983,57.21,26.396,69.128,21.752
2706406,Pão de Açúcar,AL,23823,11272.39,57.047,76.673,57.943,36.525,73.554,72.753,88.548,71.837,64.812,44.703,58.435,63.823,32.442,38.595,53.314,21.75
3302858,Mesquita,RJ,167127,15786.49,60.061,77.584,65.706,36.892,67.575,88.21,83.458,71.093,66.007,67.883,55.129,73.805,55.917,41.116,28.786,21.749
3163300,São José do Divino,MG,3464,15425.3,58.644,80.708,65.4,29.824,65.122,76.595,94.56,86.553,72.395,51.974,68.074,69.156,27.134,33.602,36.815,21.746
2708808,São Sebastião,AL,31786,27215.29,51.817,59.071,60.688,35.691,75.051,22.821,88.303,50.11,68.859,54.445,54.382,65.068,14.052,34.131,72.837,21.743
2500502,Alagoinha,PB,13725,10165.47,55.431,70.383,60.375,35.536,70.937,75.044,88.503,47.047,69.61,51.896,57.517,62.476,17.259,23.568,79.583,21.735
2800407,Arauá,SE,10318,13679.48,55.643,71.33,58.484,37.116,72.407,74.197,91.618,47.097,66.248,51.673,47.801,68.215,24.076,35.038,67.616,21.733
2602605,Brejo da Madre de Deus,PE,48648,9552.81,55.089,64.537,60.387,40.344,70.15,49.934,89.194,48.869,66.798,53.375,52.612,68.763,39.506,39.747,60.395,21.726
3167806,Soledade de Minas,MG,5613,14693.52,61.89,75.883,67.869,41.919,64.907,65.526,91.589,81.51,76.743,63.008,67.082,64.642,26.817,58.038,61.097,21.725
3162252,São João da Lagoa,MG,4822,12621.12,55.329,80.73,58.18,27.078,74.843,83.116,81.001,83.96,73.188,52.288,46.89,60.353,35.078,46.361,5.148,21.723
2510907,Paulista,PB,11834,13364.9,57.699,69.93,60.105,43.062,77.081,48.007,87.008,67.626,72.297,45.836,54.29,67.995,25.903,32.586,92.039,21.721
2917607,Jaguaquara,BA,45964,14861.97,57.106,69.928,61.716,39.673,65.928,69.053,85.534,59.198,61.004,58.048,57.159,70.653,29.798,31.148,76.03,21.717
2604155,Casinhas,PE,12967,7886.33,50.846,51.55,60.332,40.656,76.673,24.436,83.841,21.251,79.839,51.621,45.22,64.646,34.677,28.358,77.873,21.715
2513802,Santa Teresinha,PB,4402,13086.89,54.974,61.309,62.776,40.838,75.558,57.402,87.566,24.709,72.899,52.423,62.722,63.06,23.502,32.905,85.231,21.715
4302451,Boqueirão do Leão,RS,6247,24250.18,53.591,60.7,59.388,40.685,60.286,32.179,91.003,59.329,65.262,57.532,48.456,66.304,15.688,41.953,83.385,21.713
2703809,Joaquim Gomes,AL,17150,30598.13,46.963,60.01,55.615,25.265,68.669,48.944,72.988,49.44,57.757,54.308,50.239,60.154,20.659,19.798,38.89,21.712
2802304,Frei Paulo,SE,14530,22512.84,59.278,74.334,60.653,42.847,75.66,64.723,94.946,62.007,62.593,60.733,55.107,64.178,28.314,46.755,74.61,21.708
2303501,Cascavel,CE,72720,14882.01,57.524,60.268,67.328,44.975,67.057,51.708,89.725,32.584,80.06,69.525,55.107,64.618,35.063,49.892,73.237,21.707
3510609,Carapicuíba,SP,386984,17842.46,62.479,79.909,70.064,37.463,72.922,90.032,88.648,68.037,77.665,73.984,59.457,69.148,24.386,48.174,55.59,21.7
2914406,Iraquara,BA,23879,37854.05,55.928,67.625,59.064,41.095,59.583,56.531,86.481,67.903,67.987,48.035,52.753,67.483,27.756,38.389,76.541,21.693
3106507,Berilo,MG,9826,11566.83,58.322,66.155,65.985,42.825,57.833,51,81.211,74.578,81.098,53.232,64.334,65.277,32.93,41.928,74.752,21.691
5205497,Cidade Ocidental,GO,91767,11044.22,61.381,77.714,66.891,39.539,75.02,83.628,94.302,57.905,76.07,67.254,61.416,62.825,31.909,40.259,64.303,21.686
1718808,Sampaio,TO,4215,34858.32,56.109,69.35,56.833,42.144,63.785,82.071,80.583,50.961,68.349,61.266,47.025,50.691,42.317,23.779,80.797,21.684
3517604,Guapiara,SP,17071,25910.46,51.597,67.874,63.183,23.735,68.063,59.539,76.489,67.406,81.335,55.099,49.189,67.109,29.679,39.633,3.944,21.683
3518503,Guareí,SP,15013,21046.48,58.301,79.809,62.842,32.25,75.089,77.017,92.897,74.235,76.7,60.369,47.604,66.696,11.702,42.51,53.108,21.68
2200301,Alto Longá,PI,13479,9786.41,55.071,66.915,57.845,40.453,77.416,48.64,71.904,69.7,66.521,40.813,57.102,66.945,26.996,32.793,80.342,21.68
2706109,Ouro Branco,AL,11446,9720.01,53.711,61.836,60.898,38.4,64.272,32.034,87.621,63.418,65.934,54.994,52.04,70.624,40.868,26.757,64.294,21.679
2108900,Poção de Pedras,MA,17161,9574.08,53.853,61.842,60.369,39.349,60.039,45.108,68.375,73.845,70.045,48.553,60.262,62.616,35.951,15.894,83.887,21.665
5214861,Nova Glória,GO,8310,17110.77,62.13,78.633,66.253,41.505,68.126,72.575,94.574,79.255,81.167,59.15,62.635,62.06,29.333,44.259,70.768,21.66
2303006,Caridade,CE,16377,11450.7,54.995,64.658,63.386,36.94,75.96,55.577,85.431,41.663,75.741,51.772,58.881,67.151,20.088,37.041,68.971,21.658
2903805,Boa Vista do Tupim,BA,16873,9272.26,55.484,72.502,55.901,38.05,76.785,62.978,87.656,62.59,60.058,35.942,62.17,65.433,10.965,35.248,84.328,21.657
5209903,Iaciara,GO,10584,21557.69,56.317,73.463,60.778,34.711,72.819,65.833,86.779,68.421,77.222,59.263,52.388,54.24,43.656,27.036,46.496,21.656
2921054,Matina,BA,10330,8945.57,50.49,63.822,56.999,30.648,68.554,36.548,77.299,72.888,63.815,43.918,55.4,64.863,29.975,38.363,32.602,21.651
2920502,Maracás,BA,27620,23939.86,57.157,70.472,61.989,39.009,60.407,62.256,92.517,66.71,65.401,57.282,55.74,69.53,37.597,41.357,55.442,21.64
1705607,Conceição do Tocantins,TO,3887,17577.61,47.681,63.77,49.426,29.849,65.675,66.226,73.122,50.057,60.646,39.65,59.583,37.824,18.711,39.11,39.943,21.631
3102050,Alto Caparaó,MG,5795,16880.05,60.885,82.827,67.682,32.145,64.105,83.845,96.806,86.553,69.88,73.983,62.321,64.544,22.525,42.026,42.401,21.629
2109551,Ribamar Fiquene,MA,7420,16861.82,52.226,60.876,58.343,37.458,69.459,44.356,75.801,53.89,65.678,48.524,62.844,56.324,17.79,23.817,86.595,21.628
2612901,São Benedito do Sul,PE,13113,8988.88,54.492,64.027,61.364,38.085,70.682,46.572,84.806,54.049,73.529,52.186,57.004,62.738,26.699,30.703,73.318,21.619
3506607,Biritiba Mirim,SP,29683,32951.67,57.772,74.789,68.277,30.251,76.54,68.816,83.847,69.952,77.548,70.894,59.798,64.867,39.192,34.602,25.622,21.589
2602100,Bom Conselho,PE,44294,14626.04,58.876,73.597,62.081,40.949,69.304,67.486,92.49,65.109,74.787,52.902,51.862,68.774,27.538,34.188,80.48,21.588
1720309,São Sebastião do Tocantins,TO,4100,15184.19,51.85,71.475,59.201,24.873,65.154,71.852,77.941,70.951,72.153,61.887,54.238,48.528,19.531,19.739,38.636,21.587
2205003,Itainópolis,PI,10790,10100.26,52.35,63.221,56.975,36.855,69.164,31.224,86.579,65.917,67.543,38.933,53.09,68.333,26.737,34.177,64.92,21.587
2901957,Apuarema,BA,6913,10826.33,56.968,69.327,55.106,46.471,68.012,70.724,89.465,49.106,46.897,59.479,47.657,66.391,46.508,35.218,82.572,21.584
2400604,Almino Afonso,RN,4687,10759,58.646,65.703,62.582,47.654,78.756,55.025,91.769,37.264,62.923,60.078,57.611,69.716,34.125,39.571,95.345,21.575
2917409,Jacaraci,BA,14436,8577.33,60.026,72.263,61.373,46.441,67.551,59.691,87.199,74.61,78.367,32.692,68.906,65.529,41.896,45.62,76.679,21.57
2413508,Serrinha,RN,6436,11252.93,55.553,75.515,55.06,36.083,76.845,72.702,88.339,64.175,57.915,52.26,47.397,62.668,22.332,23.522,76.909,21.568
2307635,Madalena,CE,16896,10423.02,53.836,62.647,62.99,35.87,74.115,52.002,80.729,43.743,73.936,52.368,59.001,66.657,32.294,33.196,56.423,21.567
3510153,Canitar,SP,6283,26343.87,62.07,81.112,66.347,38.752,65.164,89.476,97.686,72.122,79.238,68.89,46.736,70.525,27.853,38.182,67.413,21.559
3148608,Peçanha,MG,17446,15597.85,56.196,62.299,63.3,42.989,62.39,58.784,84.97,43.053,70.569,48.491,68.706,65.434,23.179,56.473,70.77,21.535
1500347,Água Azul do Norte,PA,18080,35831.13,50.092,64.417,50.874,34.984,73.305,43.897,83.574,56.892,56.906,39.017,67.808,39.766,25.656,24.85,67.896,21.534
4117057,Nova Laranjeiras,PR,12074,25721.19,45.608,56.509,55.63,24.685,62.212,37.487,64.137,62.2,75.932,44.267,49.228,53.095,18.44,32.257,26.51,21.532
1501253,Bannach,PA,4031,32237.35,38.895,51.073,41.192,24.419,68.871,47.273,76.536,11.61,44.987,41.689,66.823,11.268,23.811,12.837,39.499,21.531
2503506,Cacimba de Dentro,PB,16064,9658.89,56.462,69.028,59.112,41.247,78.956,45.78,94.856,56.521,61.739,53.614,58.914,62.182,39.031,35.511,68.915,21.53
3170305,Umburatiba,MG,2684,16577.67,54.991,74.255,58.714,32.004,52.873,87.835,94.802,61.51,68.936,45.397,54.875,65.646,24.669,28.606,53.22,21.522
2501203,Areial,PB,7128,8843.27,57.353,68.935,64.359,38.764,79.37,31.147,92.305,72.917,68.955,64.528,59.164,64.791,15.169,23.158,95.208,21.519
3516309,Francisco Morato,SP,165139,11421.51,61.175,76.108,68.559,38.857,71.428,85.797,83.053,64.153,79.231,72.818,55.622,66.563,45.662,44.239,44.016,21.512
2805703,Propriá,SE,26618,20976.23,55.486,67.561,64.035,34.862,68.665,84.296,93.446,23.838,70.371,68.655,49.963,67.149,32.305,37.464,48.169,21.511
1600055,Serra do Navio,AP,4673,19864.7,55.042,66.447,55.232,43.446,75.38,44.8,74.818,70.788,53.859,51.155,57.929,57.987,31.479,32.907,87.899,21.499
3121209,Delfinópolis,MG,8393,29673.52,59.495,77.497,64.122,36.868,70.954,74.752,90.401,73.879,69.668,61.449,62.857,62.514,29.694,61.357,34.921,21.499
2930774,Sobradinho,BA,25475,33341.14,59.245,77.47,60.395,39.87,72.045,93.758,92.412,51.666,61.853,62.607,49.519,67.601,35.757,34.097,68.13,21.495
2903003,Barra do Mendes,BA,13836,8438.58,54.473,67.302,60.158,35.959,59.018,52.581,84.858,72.75,72.289,44.691,56.82,66.831,22.469,43.802,56.069,21.494
3112406,Capetinga,MG,6562,31818.52,60.526,83.053,63.82,34.705,65.686,87.736,97.215,81.577,75.61,61.86,49.245,68.564,36.081,41.277,39.974,21.489
3127073,Fruta de Leite,MG,4647,10206.53,53.326,62.662,58.7,38.617,64.179,44.357,77.262,64.849,75.621,47.581,47.978,63.62,25.139,34.19,73.652,21.489
2510402,Olho d'Água,PB,6060,10280.94,56.47,72.148,57.628,39.636,70.206,66.243,92.618,59.524,63.513,45.973,52.242,68.784,30.202,27.568,79.289,21.483
4306056,Cristal,RS,7299,42630.64,56.191,69.643,58.226,40.705,69.536,73.332,84.008,51.697,68.711,63.63,49.958,50.606,36.708,51.944,52.686,21.48
2111003,São João Batista,MA,18544,7367.08,45.122,40.072,58.764,36.529,57.587,21.889,32.451,48.36,62.136,44.425,63.495,65.001,19.952,25.719,78.966,21.479
2614709,Tacaimbó,PE,13738,10936.66,54.837,66.366,59.729,38.414,72.636,60.432,91.505,40.893,64.882,52.223,54.905,66.907,31.208,29.524,71.464,21.462
2109452,Raposa,MA,30839,9348.17,60.216,74.061,63.773,42.815,75.412,77.949,79.219,63.663,70.097,64.28,54.744,65.973,48.475,32.218,69.107,21.461
3204005,Pancas,ES,18893,19113.75,57.149,68.941,66.232,36.275,76.206,57.511,84.642,57.406,79.826,51.542,59.248,74.313,33.19,37.807,52.654,21.449
2931707,Terra Nova,BA,10798,15896.27,53.576,63.598,56.204,40.927,60.268,77.623,85.858,30.642,48.495,61.917,48.941,65.463,25.097,36.822,80.345,21.446
2608503,Lagoa de Itaenga,PE,19003,25595.11,55.967,66.712,61.792,39.396,69.147,56.961,94.947,45.795,71.081,55.659,53.642,66.785,36.153,34.902,65.082,21.446
2807204,Siriri,SE,7834,22724.81,55.564,63.979,59.096,43.618,70.153,48.243,87.233,50.288,62.894,57.705,51.102,64.681,42.144,35.709,75.175,21.443
2701803,Carneiros,AL,8999,10160.87,53.183,67.433,60.659,31.458,69.385,52.11,87.541,60.697,68.415,55.134,49.309,69.776,30.623,29.514,44.255,21.442
3170008,Ubaí,MG,11708,10084.96,52.615,61.536,60.206,36.104,68.888,44.065,75.73,57.459,63.868,49.561,61.487,65.909,25.513,28.99,68.478,21.435
2207504,Palmeirais,PI,13264,10532.6,52.347,61.711,56.533,38.796,62.42,63.04,60.193,61.19,63.489,35.102,59.837,67.705,28.718,27.537,77.501,21.428
3146701,Palma,MG,5707,18298.55,57.58,73.945,66.658,32.136,71.229,78.717,94.095,51.739,69.982,60.73,64.049,71.871,17.501,39.035,50.586,21.423
3523008,Itapura,SP,3979,26487,58.753,77.084,62.829,36.345,74.046,78.668,87.048,68.576,79.474,69.069,36.717,66.056,17.21,50.086,56.663,21.422
3158953,Santana do Paraíso,MG,44800,16873.69,61.304,77.76,67.68,38.473,71.261,81.018,90.109,68.652,73.448,65.548,64.697,67.027,24.612,44.215,63.675,21.389
2928307,Santanópolis,BA,8716,7958.2,52.773,63.765,57.411,37.143,72.627,36.548,76.452,69.431,55.164,51.433,58.241,64.805,26.287,40.685,60.218,21.382
4108320,Francisco Alves,PR,8116,36062.23,58.11,75.985,62.32,36.024,76.318,85.26,96.441,45.918,76.912,57.806,49.328,65.233,23.099,40.088,59.54,21.37
3132305,Itaipé,MG,10463,11706.94,49.735,61.736,57.049,30.42,55.461,54.81,80.006,56.665,59.854,47.974,52.138,68.229,38.262,31.912,30.149,21.356
3121803,Dionísio,MG,6847,13370.3,61.035,80.238,67.076,35.792,69.8,72.761,96.406,81.986,79.037,61.544,67.118,60.604,23.417,29.861,68.537,21.353
2111789,Serrano do Maranhão,MA,10202,7154.77,49.971,52.027,56.489,41.397,42.855,58.899,39.449,66.905,62.284,42.029,63.243,58.397,37.508,24.502,82.227,21.352
1200344,Manoel Urbano,AC,11996,15526.33,47.453,65.772,48.172,28.415,61.461,46.398,80.087,75.142,60.314,50.19,57.725,24.46,19.923,22.111,50.279,21.347
2611705,Riacho das Almas,PE,20639,12716.95,55.217,63.737,62.644,39.269,71.905,48.218,88.531,46.292,71.492,64.73,48.774,65.579,27.965,34.665,73.105,21.343
1718758,Rio Sono,TO,4841,23188.71,46.945,63.788,50.937,26.109,70.454,59.924,65.193,59.581,68.811,44.21,57.92,32.807,21.702,29.038,32.359,21.338
3139805,Mar de Espanha,MG,12721,18020.54,62.428,75.838,69.223,42.224,62.468,86.918,92.903,61.064,66.293,72.568,65.013,73.016,22.489,51.353,73.718,21.337
5203559,Bonfinópolis,GO,10296,11851.43,59.314,77.009,66.692,34.242,78.231,87.415,91.371,51.018,78.097,64.932,53.562,70.175,19.657,25.823,70.161,21.327
2503753,Cajazeirinhas,PB,2740,15443.67,53.401,60.259,58.784,41.16,74.263,45.221,76.314,45.236,71.753,47.551,49.049,66.783,26.719,26.095,90.501,21.325
1501907,Bujaru,PA,24383,22173.16,50.643,61.481,51.45,38.997,61.812,64.536,61.85,57.724,52.119,35.218,61.682,56.78,33.032,22.327,79.306,21.323
1503309,Igarapé-Miri,PA,64831,10739.91,47.282,43.826,58.736,39.285,57.262,22.011,68.463,27.568,58.994,47.175,63.184,65.592,20.793,33.016,82.008,21.321
2920403,Manoel Vitorino,BA,13860,10164.5,52.605,67.472,53.149,37.193,72.208,50.315,79.78,67.584,58.023,30.859,62.192,61.52,23.369,31.677,72.419,21.308
2513703,Santa Rita,PB,149910,17583.4,55.729,64.894,60.557,41.736,62.326,69.696,90.867,36.688,53.921,62.843,50.459,75.005,25.469,39.498,80.671,21.305
2705101,Matriz de Camaragibe,AL,23857,16292.19,48.745,52.803,60.309,33.122,59.759,31.969,91.89,27.594,65.917,60.884,47.058,67.379,25.118,30.062,56.007,21.3
4314209,Pedro Osório,RS,7484,36427.81,60.601,77.202,61.101,43.5,70.274,91.737,95.241,51.554,68.971,67.511,52.408,55.516,49.462,49.754,53.484,21.299
2930907,Tabocas do Brejo Velho,BA,11979,22562.46,55.569,68.584,59.787,38.335,73.172,50.677,81.878,68.611,65.062,40.91,65.571,67.606,12.037,31.831,88.18,21.295
2304905,Groaíras,CE,10910,10225.8,57.669,67.896,64.33,40.781,69.492,65.994,83.764,52.333,86.028,54.068,48.579,68.646,30.249,40.728,70.871,21.279
2101251,Bacabeira,MA,16966,35582.76,53.216,59.699,62.863,37.086,65.151,50.137,81.348,42.16,73.041,51.774,65.769,60.87,26.489,26.528,74.053,21.275
2929503,São Sebastião do Passé,BA,40958,20907.19,57.983,73.825,63.368,36.755,72.613,73.155,92.329,57.204,58.344,63.209,62.145,69.775,10.363,41.574,73.821,21.264
2927903,Santa Inês,BA,10300,7450.5,58.656,66.374,59.731,49.863,46.944,91.138,85.158,42.255,66.975,58.569,45.961,67.421,57.054,49.573,71.561,21.263
2111250,São José dos Basílios,MA,6957,8970.14,54.895,70.138,59.392,35.154,75.11,66.036,64.981,74.425,65.257,45.896,60.283,66.131,32.628,26.266,60.469,21.254
2304251,Cruz,CE,29761,12613.23,55.334,62.911,67.07,36.022,72.406,46.025,88.15,45.062,87.294,61.453,55.417,64.118,31.423,44.195,47.218,21.252
2510204,Nova Olinda,PB,5787,10061.16,57.927,75.201,61.678,36.902,68.552,56.844,91.45,83.96,69.19,57.608,55.7,64.216,27.636,25.921,72.804,21.247
5220702,Sítio d'Abadia,GO,2927,26126.13,55.412,70.556,60.143,35.536,79.417,37.867,83.651,81.289,77.02,40.718,72.459,50.374,31.194,30.423,59.296,21.231
3113008,Caraí,MG,19548,10843.26,50.542,61.056,55.415,35.155,63.792,47.616,83.857,48.959,62.516,34.957,58.143,66.044,29.132,31.78,58.485,21.224
3555802,Urânia,SP,8833,32616.54,61.93,83.591,67.4,34.8,68.563,93.998,97.786,74.017,80.977,67.43,52.54,68.653,27.079,50.146,40.758,21.217
5003108,Corguinho,MS,4783,31656.98,59.206,80.364,55.941,41.314,74.723,87.534,89.835,69.363,67.604,36.471,65.723,53.969,32.971,37.759,73.309,21.216
2903607,Biritinga,BA,15146,9672.5,51.493,63.722,53.196,37.562,70.8,51.943,73.051,59.096,48.621,41.68,55.132,67.35,18.564,37.424,73.042,21.216
2111706,São Vicente Ferrer,MA,19498,7531.3,49.655,49.207,59.139,40.619,55.471,25.209,50.894,65.254,64.635,51.607,66.757,53.559,30.836,28.148,82.282,21.211
2600054,Abreu e Lima,PE,98462,17639.75,59.828,71.07,66.916,41.499,64.187,70.408,87.945,61.74,74.08,66.444,57.765,69.377,29.972,39.986,74.827,21.209
2303303,Cariús,CE,17015,10714.38,54.162,64.615,64.666,33.204,70.059,45.044,90.696,52.659,81.279,50.168,60.025,67.193,37.127,38.148,36.335,21.207
3551405,Serra Azul,SP,12746,15451.93,61.848,77.329,63.004,45.211,71.535,80.133,94.99,62.657,70.609,59.552,52.924,68.931,23.762,46.764,89.113,21.204
2107506,Paço do Lumiar,MA,145643,8579.77,60.538,70.554,64.581,46.48,64.665,67.872,83.241,66.438,73.579,60.269,66.359,58.116,43.067,37.229,84.422,21.203
2931301,Tapiramutá,BA,15818,9481.6,54.51,69.251,64.182,30.098,65.057,70.011,79.176,62.761,69.149,57.347,60.499,69.735,11.144,33.123,54.922,21.201
2926509,Ribeira do Amparo,BA,13841,13997.98,51.315,57.892,52.134,43.919,74.019,24.917,67.878,64.756,51.39,45.415,49.639,62.09,34.399,33.309,86.768,21.201
2807600,Umbaúba,SE,23917,16912.68,56.161,62.483,61.833,44.169,75.227,26.682,91.856,56.167,61.781,66.073,53.949,65.528,48.902,33.159,73.416,21.198
5209291,Guaraíta,GO,2188,24017.29,59.365,78.965,61.268,37.863,77.045,63.388,88.872,86.553,77.974,42.071,62.903,62.123,32.083,27.169,71.003,21.197
4108650,Goioxim,PR,6566,47428.55,49.712,54.816,59.341,34.979,64.972,41.455,74.387,38.45,73.81,47.192,56.61,59.752,33.349,26.733,58.64,21.196
2608909,Limoeiro,PE,56510,14943.6,59.585,71.034,67.025,40.696,69.14,64.534,91.231,59.229,79.163,67.665,52.067,69.204,32.139,54.019,55.437,21.191
5221577,Uirapuru,GO,2798,27871.03,57.69,74.829,56.037,42.204,64.918,70.991,84.173,79.236,72.317,50.199,53.102,48.531,17.231,38.136,92.257,21.191
3157252,Santa Bárbara do Leste,MG,8458,13296.88,59.055,73.834,66.094,37.239,67.264,62.432,94.452,71.186,74.337,57.214,63.261,69.562,34,38.007,55.768,21.181
2928059,Santa Luzia,BA,13896,9009.88,49.775,64.698,53.426,31.201,64.762,71.048,85.651,37.333,44.792,48,54.304,66.606,23.94,21.791,57.892,21.181
2109304,Presidente Vargas,MA,10549,7275.31,49.933,53.197,59.14,37.462,57.901,23.537,48.503,82.847,68.268,49.158,59.691,59.443,26.365,21.34,80.967,21.177
2909109,Coribe,BA,13990,12175.15,53.794,69.739,58.057,33.587,58.155,66.221,84.563,70.018,68.302,46.742,61.565,55.621,18.544,30.32,64.308,21.176
2925402,Potiraguá,BA,10274,11272.37,57.792,78.186,57.107,38.083,73.426,88.958,89.451,60.91,62.576,50.33,52.588,62.935,33.067,34.315,63.78,21.171
2202059,Cabeceiras do Piauí,PI,10212,8496.16,54.566,65.515,57.493,40.689,64.733,40.024,75.441,81.861,69.376,38.986,56.35,65.261,30.892,31.48,79.221,21.164
5202601,Aurilândia,GO,3284,25020.85,60.811,78.048,62.229,42.156,71.461,73.409,95.265,72.055,76.404,64.33,51.052,57.131,25.289,28.376,93.798,21.163
2112308,Tuntum,MA,36251,10149.33,51.803,62.048,58.894,34.467,63.808,53.827,72.558,57.998,66.704,43.586,61.596,63.691,26.112,28.302,62.312,21.143
3160454,Santo Antônio do Retiro,MG,6629,10750.71,52.571,61.718,59.864,36.131,61.13,49.507,74.429,61.806,76.838,36.8,58.26,67.56,18.65,44.175,60.557,21.142
2515930,Sertãozinho,PB,5054,10897.34,63.241,81.64,63.567,44.515,82.525,74.945,96.375,72.714,65.947,70.367,55.549,62.407,23.376,49.353,84.193,21.138
2511905,Pitimbu,PB,16751,25876.5,49.401,55.904,55.702,36.597,70.399,53.712,88.759,10.745,61.076,55.747,44.498,61.487,14.158,37.034,74.06,21.134
2907806,Cícero Dantas,BA,30907,13038.91,57.494,67.675,58.258,46.547,65.397,68.623,89.206,47.475,61.035,56.079,52.577,63.342,41.024,38.887,85.147,21.13
2404408,Grossos,RN,9924,16068.69,57.013,65.779,59.048,46.21,71.792,61.793,89.951,39.582,51.127,61.48,59.994,63.593,43.271,32.257,88.189,21.125
4202057,Balneário Barra do Sul,SC,14912,17194.08,58.55,80.312,67.713,27.624,72.954,85.77,91.987,70.536,70.367,81.778,58.986,59.721,20.198,45.448,23.735,21.116
2601300,Barra de Guabiraba,PE,12263,12070.1,53.936,66.041,62.558,33.209,74.057,82.562,88.024,19.52,83.257,55.896,42.109,68.968,21.436,22.477,67.813,21.112
2415008,Vila Flor,RN,3174,14092.04,57.817,85.084,48.067,40.3,77.227,86.612,91.674,84.824,23.235,63.417,39.92,65.698,23.667,42.378,74.046,21.109
2106409,Mata Roma,MA,17090,10564.51,50.153,52.92,56.867,40.672,70.091,34.531,50.793,56.266,61.004,46.702,59.573,60.191,25.394,28.371,87.817,21.105
3542503,Reginópolis,SP,7662,24304.96,64.2,83.26,65.693,43.648,74.378,80.94,94.231,83.492,80.643,61.507,55.177,65.445,21.258,46.172,86.063,21.099
1506195,Rurópolis,PA,35769,13991.55,48.177,62.07,50.694,31.766,80.166,37.276,75.445,55.394,54.043,40.28,68.404,40.05,16.46,27.292,62.217,21.096
2911402,Glória,BA,15524,16489.44,54.979,71.619,56.077,37.241,69.602,62.673,81.7,72.5,59.333,43.275,57.085,64.614,24.584,36.442,66.843,21.096
3505351,Barra do Chapéu,SP,5179,26011.64,57.594,70.417,62.498,39.866,74.512,49.193,81.551,76.411,80.632,61.495,42.262,65.601,23.655,42.608,72.113,21.09
2919157,Lapão,BA,25736,11834.72,58.856,71.631,61.041,43.895,66.537,81.48,92.31,46.198,63.955,52.859,53.627,73.723,28.968,40.583,84.943,21.085
3149408,Pedro Teixeira,MG,1810,16844.73,58.42,71.783,63.963,39.515,56.02,70.228,76.923,83.96,79.6,64.588,46.765,64.899,28.679,41.081,67.216,21.082
2202802,Conceição do Canindé,PI,4932,12345.35,57.083,69.252,59.858,42.139,69.569,53.256,92.1,62.083,66.182,54.458,54.133,64.659,27.437,36.893,83.153,21.074
3108255,Bonito de Minas,MG,10204,9974.19,50.142,61.398,58.712,30.317,66.594,37.048,65.593,76.356,72.263,32.682,67.158,62.747,17.642,27.634,54.921,21.071
2304707,Granja,CE,53344,8863.86,56.856,66.925,65.303,38.34,71.896,53.995,75.935,65.876,79.293,49.861,65.339,66.717,24.168,36.297,71.825,21.071
3142700,Montalvânia,MG,14060,11850.89,53.673,66.451,59.716,34.851,53.955,55.637,80.59,75.621,72.583,46.834,55.502,63.946,28.692,42.111,47.533,21.069
3120201,Cristais,MG,12197,24406.61,58.136,76.796,67.936,29.676,75.147,83.863,93.654,54.522,75.288,69.384,57.463,69.611,20.286,48.574,28.78,21.067
2615904,Tuparetama,PE,8005,11216.7,56.333,74.724,60.937,33.337,75.516,78.05,95.544,49.784,78.729,57.904,42.03,65.085,25.792,42.047,44.446,21.065
3139250,Mamonas,MG,5997,10096.01,59.386,77.693,65.842,34.624,67.21,71.001,87.312,85.25,78.405,52.994,65.415,66.553,22.519,44.913,50.002,21.063
2614600,Tabira,PE,27681,11459.19,62.284,76.03,66.968,43.853,70.504,77.171,92.238,64.208,78.12,63.942,58.061,67.747,32.942,40.242,81.169,21.061
4128807,Xambrê,PR,5798,20786.38,60.577,76.891,62.26,42.579,69.945,87.34,96.11,54.171,77.548,62.217,43.192,66.084,36.141,49.281,63.847,21.048
4321352,Tavares,RS,5212,24013.82,47.597,50.273,61.342,31.178,67.479,37.78,88.746,7.085,65.006,60.314,58.658,61.387,19.135,19.427,65.103,21.046
2510006,Nazarezinho,PB,7203,9224.84,59.275,73.211,60.683,43.932,77.285,54.335,86.453,74.77,63.885,50.109,60.462,68.276,30.777,33.982,89.922,21.046
1718303,Praia Norte,TO,9044,10373.61,56.101,71.413,56.081,40.808,65.438,72.326,82.452,65.433,64.615,39.059,62.353,58.297,33.716,29.498,78.976,21.044
2904803,Caatiba,BA,6205,12565.03,54.935,74.015,51.53,39.26,68.016,67.811,86.87,73.361,55.054,38.172,55.488,57.405,19.183,23.37,93.444,21.043
2500403,Alagoa Nova,PB,21013,16061.58,55.22,69.584,58.485,37.592,70.117,48.915,86.482,72.82,62.572,57.968,51.162,62.24,38.006,37.889,53.435,21.038
1505007,Nova Timboteua,PA,12806,11601.41,53.057,56.44,57.793,44.938,78.764,51.257,73.03,22.709,57.059,58.452,60.14,55.519,44.246,30.642,83.825,21.037
4103206,Bom Sucesso,PR,6581,24074.03,58.747,77.394,64.553,34.295,70.699,79.524,95.045,64.309,72.017,65.783,55.465,64.945,40.621,25.841,49.685,21.033
2802502,General Maynard,SE,3037,14438.52,58.914,71.906,65.567,39.269,69.945,62.367,94.497,60.816,69.881,61.474,61.181,69.733,51.135,30.742,54.175,21.026
2918100,Jeremoabo,BA,37626,13421.54,55.742,66.445,57.722,43.06,69.775,57.297,86.24,52.467,57.222,49.512,55.435,68.719,49.303,34.244,67.682,21.013
2411403,Santana do Matos,RN,12456,11890.93,54.3,68.547,53.8,40.552,77.669,66.863,87.247,42.411,51.392,48.156,50.822,64.831,24.082,48.863,68.251,21.012
2922730,Nova Fátima,BA,7967,12036.27,58.35,74.266,62.342,38.441,75.509,85.783,95.897,39.876,68.267,62.003,52.411,66.687,47.291,36.102,49.362,21.012
5213400,Moiporá,GO,1685,31827.09,55.441,60.333,57.886,48.104,68.64,67.23,91.574,13.887,81.835,40.827,56.509,52.373,24.95,54.066,92.398,21.001
3523800,Itobi,SP,8046,24833.96,62.98,84.275,66.695,37.972,73.819,90.585,91,81.694,69.822,71.799,51.871,73.288,19.67,68.693,42.522,21.001
2605103,Custódia,PE,37699,15868.2,56.588,67.955,65.028,36.781,70.814,49.017,88.672,63.319,79.197,55.394,58.787,66.732,31.315,35.385,59.431,20.995
2405207,Janduís,RN,4746,17934.23,59.985,74.705,60.687,44.562,78.471,73.921,93.434,52.996,57.015,56.605,62.608,66.52,33.55,40.774,82.932,20.992
2930808,Souto Soares,BA,17054,8032.53,57.825,68.791,64.853,39.832,60.566,56.384,89.236,68.977,69.73,56.539,63.354,69.79,42.646,33.013,62.678,20.99
1703305,Bom Jesus do Tocantins,TO,4038,34776.55,49.555,65.951,53.307,29.407,78.111,65.653,75.464,44.575,73.561,40.789,49.937,48.94,19.573,34.342,42.727,20.985
1716307,Pau D'Arco,TO,4043,22714.45,51.817,66.945,54.454,34.053,69.311,65.059,86.12,47.289,70.341,48.086,52.101,47.286,20.626,26.611,67.994,20.983
3154150,Reduto,MG,7848,15559.37,58.272,75.115,63.29,36.412,67.179,80.371,90.235,62.675,67.678,61.776,57.009,66.698,23.383,41.046,60.251,20.967
1304401,Urucurituba,AM,23945,9787.41,59.369,75.873,61.626,40.608,77.496,78.121,83.436,64.438,69.693,46.967,66.38,63.464,28.682,30.724,82.068,20.957
3521705,Itaberá,SP,17983,56916.9,60.82,80.328,67.381,34.751,71.078,75.747,90.11,84.379,82.789,64.243,52.525,69.967,30.904,41.752,45.402,20.946
2600401,Água Preta,PE,26461,9892.41,59.437,67.793,62.546,47.971,62.343,64.764,89.659,54.407,70.989,55.727,54.157,69.31,53.752,37.796,79.405,20.932
3151008,Piranguinho,MG,9120,15029.87,62.436,78.312,70.777,38.219,69.666,72.288,95.471,75.822,74.453,71.054,64.92,72.679,31.736,34.421,65.791,20.928
2100436,Alto Alegre do Maranhão,MA,24048,12698.31,51.753,56.112,60.866,38.282,64.917,57.431,78.125,23.975,69.349,57.137,51.914,65.066,29.193,21.087,81.92,20.927
2905156,Caetanos,BA,11266,9170.94,54.992,67.578,57.982,39.415,75.433,33.237,82.913,78.727,60.262,37.837,70.316,63.514,22.641,34.902,79.204,20.913
2111722,Satubinha,MA,8784,10676.19,48.986,59.52,56.874,30.564,65.55,44.952,70.681,56.898,68.184,41.399,62.157,55.755,13.987,9.936,77.427,20.905
2600807,Altinho,PE,20674,10845.21,57.303,67.904,65.868,38.137,76.793,76.434,93.247,25.142,75.008,58.761,60.2,69.501,42.534,32.214,56.903,20.897
3143807,Munhoz,MG,7451,17380.42,57.996,71.524,67.884,34.58,70.909,67.255,87.205,60.728,70.104,63.374,65.553,72.506,50.209,33.081,34.145,20.886
2925253,Ponto Novo,BA,17938,8009.32,55.469,69.448,56.097,40.862,63.841,73.375,91.693,48.882,46.863,56.638,58.691,62.198,40.583,28.461,73.519,20.885
5103452,Denise,MT,7014,76058.47,61.708,83.588,59.328,42.206,76.217,91.692,96.21,70.234,68.693,65.102,53.225,50.295,21.591,41.596,84.755,20.884
2300309,Acopiara,CE,44962,12647.15,57.617,67.913,63.805,41.132,72.74,52.693,88.069,58.149,79.809,58.965,50.985,65.461,34.897,38.083,70.671,20.876
2512507,Queimadas,PB,47658,12803.33,60.556,69.655,65.412,46.6,61.237,65.993,90.249,61.141,64.941,61.997,64.022,70.686,46.762,37.169,81.594,20.873
2501708,Barra de São Miguel,PB,5906,14465.65,55.23,69.995,55.051,40.643,77.698,58.511,89.308,54.465,70.695,32.487,49.504,67.518,13.823,42.749,85.141,20.859
2209807,São Gonçalo do Piauí,PI,4837,11815,60.519,73.426,63.554,44.576,54.833,68.511,83.806,86.553,67.906,68.969,51.497,65.844,40.891,40.941,75.63,20.843
2310852,Pindoretama,CE,23391,11836.11,59.297,65.671,65.592,46.629,72.565,46.737,88.242,55.14,76.508,65.652,59.519,60.69,34.611,49.756,81.307,20.842
1507201,São Domingos do Capim,PA,30599,14432.18,46.036,55.309,50.748,32.05,66.553,54.276,47.355,53.052,45.097,39.055,64.282,54.558,24.96,26.83,55.584,20.824
5203939,Buriti de Goiás,GO,2732,20985.17,62.115,75.659,69.743,40.943,62.169,76.12,94.261,70.084,85.243,68.072,63.106,62.55,16.188,40.641,86.119,20.824
3167608,Simonésia,MG,19750,14550.36,54.107,68.203,62.466,31.652,70.276,51.604,87.58,63.352,67.049,55.861,60.633,66.322,21.522,33.928,50.337,20.82
4312252,Minas do Leão,RS,7505,37470.22,59.666,78.102,62.509,38.388,60.666,90.338,91.16,70.244,73.06,68.813,52.839,55.325,30.727,40.912,61.097,20.817
1508357,Vitória do Xingu,PA,15607,273060.98,47.761,61.837,49.852,31.593,67.619,48.277,77.336,54.118,58.868,49.251,51.441,39.849,37.92,24.261,43.384,20.808
3108909,Brazópolis,MG,14246,14002.36,59.99,77.151,66.365,36.454,70.075,65.589,90.861,82.08,73.945,65.749,56.359,69.408,25.066,50.73,49.215,20.804
2506103,Fagundes,PB,11049,9600.94,53.878,63.256,57.71,40.668,73.15,41.333,86.096,52.448,63.397,54.829,45.62,66.992,26.994,35.882,79.006,20.789
1722081,Wanderlândia,TO,10522,17559.68,55.969,71.959,58.546,37.401,69.884,63.74,85.836,68.377,72.896,50.01,52.217,59.06,29.508,26.235,73.075,20.788
2314102,Viçosa do Ceará,CE,59712,10177.61,57.845,63.464,64.416,45.655,71.21,40.022,77.246,65.377,79.638,55.027,53.737,69.262,39.395,41.572,80.874,20.78
2908101,Cocos,BA,19151,29447.97,53.859,67.241,52.254,42.082,59.807,63.793,79.907,65.458,54.807,41.737,63.761,48.711,26.916,33.372,87.263,20.777
5205521,Colinas do Sul,GO,4030,17606.25,49.284,55.342,58.961,33.55,61.12,59.995,77.838,22.416,74.411,49.355,54.705,57.376,30.071,26.243,57.11,20.775
1600709,Tartarugalzinho,AP,12945,20382.4,48.065,54.145,51.03,39.022,76.66,23.3,67.538,49.081,51.542,36.422,60.692,55.464,31.174,22.932,81.211,20.77
3519501,Ibirarema,SP,6385,38590.4,61.515,78.269,67.874,38.402,72.568,88.101,90.467,61.941,72.92,70.676,53.319,74.581,13.854,46.542,72.445,20.766
5203104,Baliza,GO,3351,37044.95,51.626,63.507,52.244,39.125,68.424,38.005,80.865,66.735,70.903,37.534,51.266,49.274,29.637,36.07,70.028,20.765
2312700,Senador Pompeu,CE,24266,14623.08,58.078,67.44,65.232,41.561,76.715,51.506,90.909,50.632,85.306,59.437,51.704,64.481,32.137,32.141,81.204,20.762
5107800,Santo Antônio de Leverger,MT,15246,54117.57,55.152,68.381,53.92,43.156,76.753,56.223,83.148,57.399,59.496,55.32,48.497,52.367,33.773,40.154,77.937,20.759
2606705,Ibirajuba,PE,7140,12066.01,55.789,61.889,63.463,42.016,74.821,56.362,90.441,25.932,74.211,53.573,59.098,66.97,41.025,28.471,77.816,20.752
2928950,São Domingos,BA,8426,10577.61,52.067,65.891,59.523,30.786,72.793,84.112,93.033,13.627,62.025,54.259,56.414,65.393,37.71,27.055,37.638,20.742
1700251,Abreulândia,TO,2576,43848.44,54.786,72.128,53.901,38.329,76.876,47.81,86.378,77.447,73.05,49.621,62.972,29.959,19.805,29.173,83.598,20.738
1504422,Marituba,PA,111785,23235.36,56.033,60.485,63.191,44.424,67.042,44.258,88.226,42.415,64.988,66.222,55.671,65.882,42.278,34.49,80.195,20.733
5214879,Nova Iguaçu de Goiás,GO,3010,20569,58.603,69.464,65.87,40.476,64.3,63.586,93.261,56.708,78.754,65.784,62.081,56.863,21.678,34.626,84.869,20.73
2707503,Porto Real do Colégio,AL,20082,13486.19,53.612,65.649,60.71,34.477,73.552,53.47,83.81,51.765,64.547,56.484,58.813,62.997,28.589,27.144,61.459,20.717
3130507,Ilicínea,MG,12741,20981.19,59.088,78.395,65.37,33.497,73.06,82.474,94.891,63.157,73.58,60.779,59.407,67.715,21.849,41.266,50.158,20.716
2613305,São Joaquim do Monte,PE,20037,9323.8,55.953,70.475,61.556,35.83,71.089,78.558,90.789,41.464,74.172,55.725,47.319,69.008,36.648,35.652,50.31,20.709
2930600,Serrolândia,BA,13335,8948.69,55.2,65.446,59.628,40.525,61.039,74.227,92.708,33.81,63.506,62.693,50.642,61.672,30.652,40.777,69.969,20.703
2408607,Paraná,RN,3934,11248.78,56.403,68.479,57.354,43.376,72.752,26.191,90.41,84.566,55.839,52.942,55.792,64.843,22.151,38.408,92.246,20.7
1300086,Anamã,AM,9962,14014.33,52.218,60.455,57.642,38.558,67.686,35.998,86.49,51.648,69.517,43.968,64.059,53.025,44.04,19.451,70.041,20.698
2804003,Maruim,SE,15719,28735.12,58.464,70.252,63.717,41.425,67.404,75.129,90.989,47.486,61.507,64.546,56.312,72.502,21.9,36.16,86.941,20.697
2600302,Agrestina,PE,23779,14947.38,60.343,75.698,64.704,40.626,70.846,83.53,94.69,53.724,73.791,62.384,51.462,71.179,25.39,36.428,79.996,20.691
5209200,Guapó,GO,19545,17917.88,58.933,68.213,67.769,40.818,67.909,84.364,95.764,24.816,78.453,69.385,59.238,64,33.299,38.802,70.484,20.687
2921500,Monte Santo,BA,47780,9698.41,54.295,66.413,53.922,42.55,74.685,42.416,83.054,65.496,53.82,37.634,59.348,64.887,36.863,31.692,80.959,20.685
2205201,Jaicós,PI,17527,11021.33,54.994,63.875,57.348,43.758,50.668,50.82,84.974,69.039,66.496,50.443,47.947,64.506,36.932,32.791,84.636,20.675
1504752,Mojuí dos Campos,PA,23501,12371.86,53.647,68.7,54.462,37.779,80.305,53.241,67.51,73.744,66.272,41.485,69.982,40.11,20.914,29.652,79.878,20.672
2907103,Carinhanha,BA,28869,10068.53,52.776,74.361,55.886,28.081,64.168,84.704,82.447,66.124,62.793,41.73,61.472,57.548,21.594,32.676,37.383,20.67
2801306,Capela,SE,31645,12264.26,59.796,68.107,61.2,50.082,55.816,72.377,86.413,57.82,65.705,64.346,54.829,59.921,57.636,37.977,84.049,20.665
4127908,Tuneiras do Oeste,PR,8067,29186.48,57.709,76.792,64.258,32.076,69.896,72.164,94.148,70.962,79.912,62.552,48.041,66.527,25.183,35.354,47.108,20.662
1721208,Tocantinópolis,TO,22615,16597.93,53.145,71.573,62.019,25.844,66.421,78.712,84.094,57.067,66.731,56.983,63.138,61.225,19.503,27.092,36.121,20.659
4311122,Jaquirana,RS,3690,25671.41,52.867,68.244,52.285,38.071,67.732,66.339,85.216,53.688,59.423,57.832,39.423,52.46,24.32,30.843,76.481,20.642
2503100,Cabaceiras,PB,5335,21993.88,59.08,71.932,59.933,45.375,79.884,43.584,91.123,73.14,75.202,38.633,53.986,71.911,22.248,55.008,83.604,20.639
1716703,Colméia,TO,8941,20593.94,58.668,75.911,61.475,38.618,75.774,75.978,89.426,62.467,76.881,55.184,62.814,51.02,23.129,34.392,76.315,20.636
2203305,Demerval Lobão,PI,16352,13037.18,57.899,70.15,65.407,38.14,71.345,77.048,77.991,54.216,65.765,65.274,58.676,71.912,24.003,33.289,74.636,20.633
2911808,Guaratinga,BA,19049,14778.79,52.109,67.435,51.62,37.271,66.734,68.161,87.934,46.912,49.839,44.5,55.595,56.545,21.206,29.306,77.945,20.625
2612604,Santa Maria da Boa Vista,PE,40578,14000.62,54.126,66.885,60.876,34.617,78.229,54.041,79.029,56.241,66.52,47.354,65.001,64.627,21.682,40.561,55.611,20.616
3162401,São João da Ponte,MG,23930,11318.76,52.734,64.711,61.977,31.514,65.951,37.294,81.33,74.27,72.238,50.87,62.934,61.866,39.389,31.898,34.153,20.616
3520004,Igaraçu do Tietê,SP,23106,16617.66,61.627,81.039,70.547,33.296,66.202,92.327,96.389,69.239,78.202,72.561,61.702,69.724,34.844,37.432,40.296,20.611
2918308,Jitaúna,BA,14355,12322.25,54.512,67.388,58.143,38.007,52.77,65.305,82.929,68.546,56.455,53.447,52.173,70.496,18.414,33.631,79.388,20.594
3109402,Buritizeiro,MG,23910,31012.29,56.632,73.71,62.31,33.875,67.156,75.505,91.108,61.07,66.034,69.586,57.045,56.577,27.755,35.547,51.611,20.589
2200053,Acauã,PI,6420,11541.74,53.118,65.418,54.988,38.948,68.157,40.455,79.288,73.773,72.939,41.907,44.892,60.211,37.678,29.856,67.67,20.588
2906303,Canavieiras,BA,32683,12192.57,52.718,63.157,56.217,38.78,58.804,77.18,85.557,31.088,45.629,60.048,57.108,62.086,19.515,37.116,77.904,20.583
1200013,Acrelândia,AC,14021,28645.3,46.725,56.571,53.052,30.551,69.913,37.581,80.398,38.392,62.533,50.044,58.155,41.478,25.6,28.102,47.922,20.578
3116308,Cipotânea,MG,5581,13230.81,55.532,71.895,64.579,30.121,66.364,60.165,92.202,68.851,76.184,61.71,53.097,67.323,19.916,44.409,35.587,20.571
2608750,Lagoa Grande,PE,24088,19104.08,56.733,65.679,66.112,38.407,67.748,68.328,90.782,35.86,72.815,67.401,55.315,68.919,35.847,30.176,67.037,20.57
2313757,Umirim,CE,17470,9963.28,53.915,60.919,64.168,36.659,69.295,49.377,84.175,40.83,73.674,61.109,53.609,68.282,21.225,39.617,65.229,20.565
5204102,Cachoeira Alta,GO,11513,24644.77,60.406,74.463,65.28,41.476,66.421,85.889,95.205,50.337,76.402,60.59,63.386,60.743,32.988,41.451,70.901,20.563
3140159,Mário Campos,MG,15900,12543.74,62.8,83.934,67.536,36.93,79.01,84.623,94.16,77.943,63.567,69.459,67.143,69.974,22.987,44.251,59.924,20.557
1703107,Barrolândia,TO,4846,25362.51,52.186,57.822,62.386,36.351,70.696,71.924,88.668,0,71.501,63.959,55.474,58.61,30.511,35.343,59.003,20.548
3121902,Divinésia,MG,4226,15186.97,54.938,75.803,63.935,25.075,69.076,75.359,76.667,82.11,67.775,61.884,53.962,72.118,18.932,54.56,6.264,20.546
2912608,Ibiquera,BA,3725,10095.71,56.815,71.054,57.37,42.02,78.935,59.36,87.897,58.026,62.996,45.753,54.342,66.391,31.108,25.419,91.009,20.543
2111748,Senador Alexandre Costa,MA,10207,10051.39,53.191,67.039,58.91,33.624,67.279,76.905,60.657,63.314,62.636,49.557,59.15,64.296,18.628,21.241,74.088,20.538
2914000,Ipirá,BA,56876,11775.95,56.515,69.015,58.729,41.8,72.554,66.75,86.699,50.058,52.747,50.948,60.467,70.754,29.662,37.288,79.719,20.529
5206701,Damianópolis,GO,3770,12017.33,62.479,74.164,68.316,44.958,65.203,60.818,87.019,83.615,83.565,58.384,70.593,60.721,23.749,44.573,90.985,20.525
2614204,Sirinhaém,PE,37596,19357.62,53.125,62.862,62.93,33.582,60.707,58.601,87.74,44.4,76.68,59.12,49.935,65.984,35.832,21.472,56.502,20.523
2405009,Jaçanã,RN,7834,11108.07,54.734,64.182,59.808,40.212,75.569,55.064,95.083,31.012,59.793,56.116,55.569,67.753,25.428,35.673,79.226,20.521
2928406,Santa Rita de Cássia,BA,27390,10520.9,52.127,63.567,57.044,35.769,67.384,55.128,66.195,65.56,62.312,43.021,65.179,57.666,29.418,43.701,49.442,20.516
5215405,Ouro Verde de Goiás,GO,4057,37243.29,55.755,71.473,63.838,31.955,57.911,63.956,93.997,70.026,80.608,61.878,51.726,61.139,15.964,45.96,45.38,20.516
2909703,Cristópolis,BA,13993,11362.49,53.297,63.087,59.698,37.107,55.006,54.811,79.948,62.582,60.517,44.59,66.645,67.041,20.076,34.736,73.106,20.509
2305654,Ipaporanga,CE,11575,9931.76,54.1,70.073,63.885,28.341,65.935,63.912,92.276,58.167,79.172,48.389,60.235,67.745,21.387,26.689,44.783,20.507
3129103,Gurinhatã,MG,5192,35078.76,54.277,67.988,61.831,33.011,76.549,66.641,91.05,37.711,69.413,56.168,65.295,56.448,20.209,48.135,43.216,20.486
3168408,Tarumirim,MG,14709,12897.95,56.193,70.131,66.036,32.412,61.943,65.946,90.182,62.452,76.182,55.742,65.962,66.26,26.532,33.478,49.161,20.476
1711951,Lagoa do Tocantins,TO,3516,25620.54,48.926,59.019,60.448,27.312,72.424,68.561,71.223,23.867,70.401,59.457,57.951,53.983,17.98,26.676,44.118,20.473
3546504,Santa Ernestina,SP,6118,17184.52,62.856,80.236,69.677,38.654,71.073,96.305,78.174,75.395,82.906,66.671,58.115,71.016,15.036,48.389,70.724,20.469
2901502,Anguera,BA,11031,7191.82,53.451,60.674,58.47,41.207,73.591,55.95,87.562,25.593,65.996,39.985,61.947,65.953,25.233,48.568,70.561,20.466
2706422,Pariconha,AL,10573,13812.58,54.005,72.03,61.261,28.724,64.876,59.385,89.155,74.704,68.715,53.666,52.572,70.093,24.628,32.51,37.294,20.463
1710706,Itaguatins,TO,5172,16089.34,54.148,70.908,55.844,35.694,67.962,63.757,69.246,82.665,67.78,42.166,61.578,51.853,21.671,23.531,77.111,20.461
2511608,Pilões,PB,6815,14106.04,54.998,67.181,56.135,41.679,75.486,44.461,85.992,62.784,55.811,51.408,55.193,62.127,33.663,24.469,88.129,20.457
2112704,Vargem Grande,MA,43261,10095.49,48.907,46.269,60.019,40.432,56.826,32.19,57.255,38.806,65.308,47.644,63.143,63.98,53.05,25.58,62.647,20.452
5005806,Nioaque,MS,13220,36011.81,50.661,70.121,55.664,26.197,74.443,58.468,80.991,66.583,63.878,47.9,57.356,53.523,24.138,33.107,27.098,20.447
3158102,Santa Maria do Salto,MG,4755,10590.95,51.321,67.907,58.928,27.129,59.299,74.193,85.194,52.942,73.474,44.462,54.089,63.686,16.048,27.655,44.374,20.44
2300903,Apuiarés,CE,12928,9426.14,57.034,67.832,62.172,41.099,77.302,50.242,91.2,52.584,79.308,49.363,49.325,70.691,41.438,36.086,66.433,20.439
3141801,Minas Novas,MG,24405,14451.88,56.91,67.732,65.002,37.996,63.526,54.49,85.711,67.201,76.695,49.643,69.776,63.894,36.025,41.797,53.769,20.392
5220264,São Miguel do Passa Quatro,GO,4464,71468.43,51.648,54.161,56.513,44.269,53.04,62.973,90.419,10.21,75.554,47.692,41.513,61.293,40.751,37.022,78.913,20.389
1722107,Xambioá,TO,10517,45113.48,55.989,68.135,61.876,37.956,62.31,70.601,88.377,51.253,71.98,64.398,55.377,55.748,22.942,27.64,80.859,20.383
3150802,Piranga,MG,17018,11848.59,54.297,62.827,63.682,36.382,65.266,42.727,81.071,62.245,80.19,50.961,57.637,65.939,18.038,42.103,65.008,20.38
2908903,Coração de Maria,BA,26692,8542.58,55.525,61.154,62.419,43.004,67.28,42.737,85.3,49.299,54.194,59.477,63.843,72.162,30.464,39.783,81.389,20.378
2609907,Ouricuri,PE,65245,12050.13,54.537,67.379,61.443,34.79,69.904,72.622,85.609,41.379,69.435,52.124,61.569,62.643,32.272,44.271,42.239,20.376
3124302,Espinosa,MG,30443,12043.46,58.113,68.122,66.593,39.625,65.625,61.497,87.651,57.717,73.918,58.991,66.899,66.563,28.807,34.441,74.894,20.359
2516706,Teixeira,PB,14631,11640.99,57.029,69.648,62.1,39.339,74.929,64.91,93.377,45.376,67.464,57.939,54.482,68.516,27.739,37.345,71.923,20.348
2411809,São Fernando,RN,3492,18345.44,61.182,75.076,62.263,46.205,78.574,85.503,86.39,49.839,69.957,59.066,52.624,67.407,26.634,62.121,75.735,20.33
2409308,Patu,RN,11007,14725.96,56.291,67.295,59.713,41.866,74.78,66.967,90.07,37.362,56.931,61.796,54.176,65.95,34.023,36.412,76.701,20.33
4200507,Águas de Chapecó,SC,6036,22977.65,58.299,68.626,61.69,44.581,69.233,52.191,81.589,71.491,68.106,59.041,46.317,73.298,27.367,44.71,85.928,20.318
3514924,Elisiário,SP,3138,24412.42,63.452,83.72,72.597,34.038,77.822,89.139,99.587,68.333,88.758,71.879,61.815,67.935,24.95,48.468,42.414,20.318
2513604,Santana dos Garrotes,PB,6569,10295.65,57.614,73.401,59.345,40.095,72.522,60.213,90.964,69.904,64.957,46.731,61.376,64.315,25.951,20.902,93.212,20.316
2910701,Euclides da Cunha,BA,61456,13037.32,57.485,68.37,57.998,46.088,67.519,58.223,87.737,59.999,54.513,48.546,60.972,67.962,54.209,39.816,70.012,20.316
3162708,São João do Paraíso,MG,23910,12010.08,57.833,73.292,64.518,35.69,63.22,63.065,90.115,76.766,77.139,50.413,69.049,61.472,19.983,41.614,60.846,20.315
2613107,São Caitano,PE,37126,12146.39,54.12,59.186,63.195,39.979,67.535,71.667,87.394,10.147,72.794,61.756,48.73,69.499,20.924,38.733,79.952,20.305
1700301,Aguiarnópolis,TO,4497,37066.49,57.094,71.491,61.527,38.265,73.346,71.621,82.035,58.963,74.751,59.412,54.276,57.67,28.809,27.406,76.541,20.302
2209401,Santo Antônio de Lisboa,PI,5839,12394.84,53.755,67.037,55.121,39.108,63.694,50.135,81.188,73.13,62.927,51.872,40.067,65.618,53.604,15.645,66.892,20.292
2510105,Nova Floresta,PB,9724,10318.09,49.516,58.657,60.784,29.107,69.706,17.099,98.606,49.217,60.199,65.439,51.438,66.058,24.953,42.453,28.731,20.291
3131158,Ipaba,MG,17136,10599.4,58.63,76.192,66.022,33.676,69.849,80.726,94.702,59.491,75.95,66.982,60.408,60.747,22.751,35.023,56.648,20.282
2500106,Água Branca,PB,9335,9931.21,53.546,63.692,59.34,37.606,72.459,41.216,87.597,53.498,67.48,48.956,51.432,69.494,26.385,37.139,66.625,20.275
3135357,Japonvar,MG,8127,9596.18,55.558,68.469,64.959,33.247,76.008,48.945,86.894,62.029,76.415,56.095,56.235,71.091,19.302,43.354,50.06,20.274
2400505,Alexandria,RN,13640,11135.69,59.91,74.677,58.623,46.43,64.265,76.889,93.743,63.808,51.683,53.511,61.956,67.342,38.906,35.008,91.535,20.272
3136801,Juramento,MG,3768,13796.64,55.497,74.598,62.178,29.713,57.202,67.935,88.43,84.824,73.998,49.627,59.579,65.509,20.291,30.597,47.699,20.266
2917805,Jaguaripe,BA,17659,11793.72,51.311,57.182,56.684,40.067,74.346,55.853,78.284,20.245,54.123,44.873,59.08,68.658,26.331,32.596,81.082,20.257
2509107,Mari,PB,21512,11322.62,57.896,71.852,57.152,44.684,71.126,69.423,95.372,51.487,55.033,56.926,51.35,65.299,39.934,30.569,87.985,20.248
2209377,Santa Rosa do Piauí,PI,4650,10880.57,58.039,76.673,59.249,38.196,71.006,80.759,81.618,73.31,75.471,43.321,50.098,68.105,26.47,32.338,73.739,20.238
2708956,Senador Rui Palmeira,AL,12303,9920.63,48.783,57.812,56.813,31.723,73.253,29.046,85.284,43.664,65.208,39.52,52.992,69.534,31.603,26.205,48.849,20.236
2704104,Lagoa da Canoa,AL,18457,14899.98,53.659,68.008,59.98,32.988,78.86,48.57,91.056,53.547,65.967,57.44,47.269,69.244,27.055,32.174,52.497,20.228
2805802,Riachão do Dantas,SE,18313,18091.25,58.577,68.691,61.859,45.181,67.24,44.686,87.435,75.402,60.593,56.016,65.993,64.834,41.457,36.613,82.427,20.228
4212239,Paraíso,SC,4267,33825.64,53.649,65.036,63.105,32.805,66.893,46.346,79.041,67.864,76.277,54.343,56.837,64.962,22.731,36.909,51.375,20.206
3152402,Poté,MG,13666,12441.62,56.538,68.847,60.354,40.412,58.233,62.102,80.378,74.676,67.464,52.962,54.835,66.157,36.885,36.963,67.597,20.203
1502764,Cumaru do Norte,PA,14036,29203.3,40.635,46.344,40.051,35.512,51.956,43.032,72.355,18.033,51.942,41.718,50.556,15.986,29.267,19.137,73.442,20.201
1504059,Mãe do Rio,PA,34353,9978.61,48.21,48.907,56.996,38.726,59.849,41.331,84.081,10.367,59.983,58.769,51.232,58.001,36.274,27.636,70.802,20.191
2411429,Santana do Seridó,RN,2696,13582.86,63.755,83.463,66.608,41.194,77.471,73.44,95.523,87.418,75.995,61.509,63.386,65.542,20.064,46.889,77.633,20.191
1304237,Tonantins,AM,19247,9703.51,50.01,62.512,54.82,32.697,65.347,39.229,87.427,58.044,64.07,20.066,74.578,60.566,42.57,16.003,52.029,20.185
2503308,Cachoeira dos Índios,PB,9151,13738.62,56.883,69.497,59.305,41.845,68.549,55.892,88.28,65.269,57.427,52.494,60.202,67.098,39.56,40.23,67.407,20.182
4101655,Arapuã,PR,3527,43455.84,60.155,73.479,65.868,41.117,60.53,59.766,88.793,84.824,76.354,64.297,57.221,65.603,27.36,35.253,81.689,20.168
5214838,Nova Crixás,GO,12815,49404,51.742,66.748,56.959,31.521,61.728,58.39,90.915,55.958,70.279,52.634,58.244,46.68,12.856,24.569,68.492,20.166
3504305,Avaí,SP,4483,84505.8,60.427,74.08,62.857,44.345,68.702,75.202,91.441,60.976,78.334,70.178,43.919,58.996,16.791,47.287,93.141,20.16
3164100,São Pedro do Suaçuí,MG,5103,16144.24,53.933,63.535,64.435,33.831,57.1,59.49,86.522,51.026,74.709,51.692,64.106,67.232,24.864,38.522,51.781,20.156
2400802,Angicos,RN,11632,15601.89,61.036,81.943,58.194,42.971,76.879,86.67,90.912,73.312,51.428,67.002,48.226,66.121,36.621,30.688,84.419,20.155
3135803,Jequitinhonha,MG,24007,11531.56,57.614,69.632,60.342,42.869,59.807,75.773,87.507,55.44,67.005,53.932,58.99,61.442,44.558,31.733,75.03,20.154
3202009,Dores do Rio Preto,ES,6596,24400.91,57.969,75.285,69.13,29.494,76.324,61.835,86.454,76.527,79.921,71.854,57.531,67.213,18.431,45.485,33.908,20.151
1301100,Careiro,AM,30792,12928,50.427,63.959,53.605,33.718,71.22,49.149,81.164,54.305,63.602,38.514,55.014,57.29,24.528,25.154,65.04,20.15
2505709,Dona Inês,PB,10380,9105.49,53.615,62.803,60.321,37.72,74.348,18.828,87.166,70.869,73.596,50.195,52.364,65.131,52.981,34.717,43.05,20.132
3305109,São João de Meriti,RJ,440962,20476.18,57.879,72.248,66.619,34.769,65.31,86.168,80.76,56.754,66.875,72.078,60.613,66.91,26.038,37.546,55.363,20.131
2106805,Mirinzal,MA,13978,8076.34,52.072,56.593,61.661,37.964,54.159,52.556,69.263,50.392,70.822,47.239,63.602,64.978,25.948,24.8,80.98,20.126
2513943,São Domingos do Cariri,PB,2585,11183.17,57.029,68.689,62.274,40.123,82.119,60.34,87.916,44.381,78.425,50.902,51.82,67.946,11.961,37.814,90.594,20.124
2402402,Carnaúba dos Dantas,RN,7992,14919.56,58.647,73.643,63.991,38.308,74.582,59.908,97.272,62.812,65.902,64.354,57.296,68.412,34.798,49.092,49.223,20.117
4125100,São João do Triunfo,PR,13726,42533.58,56.246,66.751,60.684,41.302,71.007,47.632,78.235,70.13,76.413,51.034,49.592,65.698,26.506,47.193,71.393,20.116
3130051,Icaraí de Minas,MG,10677,10514.24,52.12,68.454,60.032,27.876,74.885,40.938,81.788,76.205,69.134,48.254,63.078,59.662,23.181,31.632,36.575,20.115
2206407,Monsenhor Gil,PI,10255,12520.68,58.258,74.887,60.773,39.115,67.821,76.478,73.578,81.673,64.297,48.793,60.156,69.847,26.641,38.662,71.048,20.108
2403707,Felipe Guerra,RN,5944,29457.59,58.781,68.552,62.188,45.603,69.292,64.879,90.629,49.409,64.004,62.006,56.13,66.611,31.938,37.585,92.783,20.105
2109809,Santa Helena,MA,41561,8677.5,49.29,53.204,55.446,39.221,63.793,27.813,60.287,60.922,53.393,46.014,67.655,54.72,33.992,23.649,79.136,20.105
2305704,Ipaumirim,CE,12083,11958.8,58.503,68.808,62.303,44.398,67.061,60.971,91.263,55.938,64.912,59.816,56.975,67.51,31.482,38.268,87.738,20.103
1400209,Caracaraí,RR,20957,21787.81,48.435,59.818,53.687,31.8,55.068,58.655,76.333,49.214,64.591,46.985,57.87,45.302,27.25,35.763,44.092,20.095
2706802,Piaçabuçu,AL,15908,29024.84,49.776,59.647,58.633,31.048,70.077,58.82,87.78,21.91,62.752,60.359,46.522,64.899,15.585,39.381,49.134,20.092
2204550,Guaribas,PI,4276,10624,53.884,71.849,56.489,33.314,67.048,58.564,77.824,83.96,59.454,41.386,61.355,63.761,16.652,11.618,84.896,20.089
1303569,Rio Preto da Eva,AM,24936,16446.83,53.732,65.304,60.801,35.091,72.549,57.804,80.995,49.866,62.125,53.097,58.349,69.634,34.567,36.331,49.377,20.089
4100202,Adrianópolis,PR,6256,59393.18,53.231,67.607,59.533,32.553,66.986,56.247,88.404,58.79,78.048,56.239,47.455,56.391,24.53,18.725,66.872,20.085
3129301,Iapu,MG,12030,14771.97,59.35,78.098,65.856,34.096,72.925,70.212,95.831,73.423,74.311,57.217,67.115,64.78,25.707,31.692,58.908,20.078
2509396,Maturéia,PB,6433,9678.57,57.029,74.683,60.496,35.909,71.73,64.167,93.453,69.38,57.178,68.26,47.985,68.559,31.462,23.425,68.685,20.062
2933059,Várzea da Roça,BA,13800,8189.86,56.967,69.125,58.762,43.014,75.204,77.769,90.72,32.805,54.939,52.61,62.227,65.271,41.703,40.751,69.539,20.061
2413300,Serra de São Bento,RN,5703,10140.29,55.599,68.325,57.027,41.445,67.355,69.042,89.186,47.719,54.421,56.31,51.876,65.503,34.771,43.862,67.088,20.057
2928000,Santaluz,BA,37834,13904.7,54.263,70.395,59.827,32.568,67.98,62.989,83.473,67.136,60.895,53.802,59.591,65.02,24.516,38.071,47.629,20.057
1303957,São Sebastião do Uatumã,AM,11670,11791.45,51.325,65.456,61.079,27.44,70.374,70.295,85.268,35.886,71.784,43.256,63.117,66.159,29.125,25.049,35.55,20.037
4111258,Itaperuçu,PR,31217,20230.93,57.204,73.175,62.316,36.12,68.891,79.41,83.146,61.251,70.945,61.106,52.183,65.032,24.997,31.12,68.33,20.033
5200258,Águas Lindas de Goiás,GO,225693,10993.4,60.357,78.268,65.759,37.042,71.459,82.364,95.327,63.923,71.723,65.978,60.789,64.545,32.215,37.239,58.698,20.018
5215306,Orizona,GO,16399,57625.68,56.685,72.392,63.109,34.553,62.311,58.603,92.637,76.017,77.867,52.519,62.098,59.953,35.672,37.698,44.824,20.017
2910305,Elísio Medrado,BA,7808,9899.23,56.857,65.654,66.631,38.287,59.483,43.096,89.236,70.801,71.289,68.81,55.52,70.905,17.087,36.683,79.364,20.016
2700508,Barra de Santo Antônio,AL,16365,16126.96,51.47,59.902,58.96,35.548,60.501,72.883,84.67,21.556,62.675,64.748,40.135,68.282,19.299,31.743,71.139,20.013
2910909,Firmino Alves,BA,4873,14648.95,55.776,76.349,55.694,35.285,71.236,83.818,88.113,62.227,59.725,50.133,44.454,68.463,12.274,33.92,74.935,20.012
1400233,Caroebe,RR,10656,22383.31,48.635,62.501,50.628,32.776,77.131,48.254,79.744,44.877,53.123,44.847,60.775,43.766,24.788,24.075,62.23,20.01
1703206,Bernardo Sayão,TO,4229,24458.17,51.224,64.758,56.351,32.563,73.93,70.386,81.553,33.163,70.206,49.513,57.263,48.423,18.459,28.756,63.03,20.007
2509156,Marizópolis,PB,6705,12310.54,62.334,81.476,64.097,41.428,70.793,91.117,93.151,70.842,68.899,70.989,52.542,63.959,27.055,26.617,92.051,19.99
2609303,Mirandiba,PE,14166,11619.29,56.483,72.406,58.461,38.583,73.56,67.225,81.193,67.645,74.745,40.869,55.268,62.962,58.209,28.011,48.134,19.977
3514007,Dobrada,SP,8759,15976.84,66.358,84.369,69.116,45.59,77.529,95.317,95.017,69.612,82.262,67.237,57.067,69.9,23.292,52.133,86.958,19.975
2205557,Lagoa Alegre,PI,8256,9432.94,52.682,59.931,58.605,39.51,67.374,46.276,60.183,65.892,66.849,40.987,61.791,64.792,29.99,26.905,81.205,19.938
3516002,Flórida Paulista,SP,12958,20587.62,61.86,80.76,67.103,37.716,66.441,87.406,91.999,77.195,78.975,64.372,53.231,71.835,24.691,44.196,62.04,19.937
2803708,Macambira,SE,6838,13189.33,54.11,61.422,60.094,40.815,65.507,60.725,88.377,31.077,67.662,67.883,40.712,64.118,17.549,31.577,94.203,19.933
2409803,Pedro Velho,RN,13824,12650.93,52.624,64.52,57.705,35.648,69.874,76.264,89.559,22.382,61.498,54.974,52.777,61.569,23.667,31.901,67.093,19.931
2611903,Rio Formoso,PE,20009,19123.6,55.309,59.866,66.576,39.485,68.817,46.222,77.458,46.964,75.514,63.985,58.109,68.696,35.838,35.822,66.355,19.924
2100709,Anajatuba,MA,25322,8259.96,51.74,55.69,59.53,39.999,64.61,48.697,65.82,43.635,61.786,54.358,64.938,57.04,24.546,35.313,80.216,19.921
2927200,Ruy Barbosa,BA,28282,13990.47,54.832,67.104,58.373,39.02,68.117,75.766,91.448,33.083,57.115,56.44,52.752,67.185,15.414,40.449,80.299,19.919
2923605,Paramirim,BA,20351,13410.19,61.051,72.161,62.386,48.606,63.817,75.622,86.977,62.228,68.066,48.614,65.244,67.621,31.986,66.629,75.894,19.916
2904308,Brejões,BA,12943,11232.68,55.868,64.914,60.941,41.75,65.784,57.792,88.065,48.015,61.443,54.695,60.322,67.303,37.799,43.585,65.703,19.911
2403756,Fernando Pedroza,RN,2938,13395.24,56.049,74.427,54.2,39.52,85.413,71.273,92.23,48.791,54.819,55.823,40.004,66.152,22.612,25.264,90.295,19.907
3166105,Senhora do Porto,MG,3067,16348.67,46.257,62.234,53.295,23.241,59.918,56.365,78.712,53.94,66.354,45.515,45.885,55.428,39.972,30.047,3.047,19.9
2912509,Ibipitanga,BA,13863,8536.22,55.686,69.105,57.88,40.073,71.101,46.988,82.75,75.581,70.502,31.656,63.432,65.929,35.887,34.592,69.918,19.894
1301704,Humaitá,AM,57473,15075.73,53.343,70.041,57.774,32.216,72.183,68.777,74.241,64.963,59.93,54.93,63.634,52.602,21.257,27.444,60.273,19.888
2800209,Aquidabã,SE,20131,14404.43,58.988,69.706,59.448,47.81,58.237,68.377,92.272,59.936,60.733,61.395,50.972,64.692,34.014,50.904,86.456,19.866
5209150,Gouvelândia,GO,4390,38862.28,50.346,68.224,59.495,23.318,63.701,67.843,93.286,48.065,78.561,53.116,44.706,61.596,18.462,17.481,37.478,19.853
1718881,Santa Maria do Tocantins,TO,2680,52481.08,53.803,68.199,59.69,33.521,65.657,57.807,76.44,72.891,72.282,56.477,66.324,43.679,30.036,23.787,60.412,19.848
3170578,Vargem Alegre,MG,5780,13476.73,57.417,81.9,63.294,27.058,74.926,80.831,97.011,74.831,71.536,61.279,50.938,69.424,32.315,28.162,27.91,19.843
3142304,Moeda,MG,5125,15103.01,57.476,69.045,66.645,36.738,68.159,43.383,81.135,83.502,68.478,68.177,64.392,65.534,33.037,45.972,48.104,19.839
1715259,Novo Jardim,TO,2230,19275.11,55.32,73.14,56.523,36.297,74.534,71.426,80.171,66.429,61.691,59.577,43.468,61.354,22.491,24.689,78.169,19.838
2912004,Ibiassucê,BA,10429,9557.81,61.414,73.561,64.948,45.732,63.932,56.029,89.228,85.054,69.357,52.119,71.312,67.005,29.319,46.888,86.886,19.837
3100609,Água Boa,MG,12589,15368.67,57.729,69.2,62.541,41.447,73.254,60.83,81.683,61.032,68.85,52.292,65.223,63.798,20.746,37.727,87.481,19.836
3158508,Santana de Pirapama,MG,7030,16719.32,53.101,60.199,60.235,38.868,62.937,48.778,83.354,45.726,67.647,47.68,60.696,64.919,20.464,55.473,59.725,19.812
3171808,Virginópolis,MG,10314,17965.47,52.924,69.059,61.859,27.854,50.575,66.413,89.293,69.956,65.549,58.907,59.752,63.229,32.293,42.523,16.794,19.808
1600600,Santana,AP,107618,23518.93,56.942,59.211,67.137,44.476,68.983,47.937,78.9,41.025,65.494,72.408,58.534,72.114,52.719,41.534,63.856,19.795
2304954,Guaiúba,CE,24325,9606.85,57.14,66.132,66.44,38.849,77.387,54.837,89.175,43.128,73.947,66.262,54.708,70.843,22.494,45.533,67.59,19.779
2914307,Iramaia,BA,10752,9621.25,52.521,61.795,58.205,37.562,56.77,46.669,84.402,59.342,59.571,44.818,62.609,65.824,25.574,28.367,76.541,19.765
3125903,Ferros,MG,9590,15537.42,50.914,59.389,60.491,32.861,61.448,35.322,80.725,60.061,78.045,56.624,50.43,56.866,29.106,42.571,40.003,19.764
1713205,Miracema do Tocantins,TO,18566,34831.93,52.903,64.462,64.29,29.957,62.582,86.128,88.677,20.46,73.476,66.192,61.586,55.906,29.849,34.228,35.993,19.759
3106408,Belo Vale,MG,8627,32682.2,53.667,64.844,64.552,31.604,56.355,46.325,87.359,69.338,61.889,63.965,65.634,66.721,20.889,37.157,48.612,19.757
2900900,Almadina,BA,5218,12137.79,53.359,72.795,47.107,40.176,62.374,88.58,93.46,46.765,49.537,40.9,31.669,66.321,17.747,41.286,81.923,19.746
2921450,Mirante,BA,10187,7775.21,54.717,68.677,54.706,40.769,76.431,40.23,82.714,75.331,63.15,33.209,60.797,61.668,20.78,36.951,85.605,19.74
2511707,Pilõezinhos,PB,5329,9680.97,56.948,70.398,62.537,37.909,68.335,58.895,90.582,63.778,64.104,55.475,69.888,60.679,21.515,25.934,84.45,19.737
2923035,Novo Horizonte,BA,11162,9496.79,59.028,76.732,60.916,39.435,67.345,81.265,84.284,74.035,76.473,38.879,61.255,67.059,22.584,44.319,71.107,19.729
3143708,Morro do Pilar,MG,3133,14184.51,57.769,72.397,63.719,37.191,73.103,83.105,86.513,46.868,69.657,61.95,62.766,60.503,25.086,46.745,57.206,19.729
3204500,Santa Leopoldina,ES,13106,25375.26,54.942,65.733,61.639,37.455,73.959,37.975,91.658,59.338,71.37,41.866,72.158,61.16,25.891,41.423,62.782,19.725
3138674,Luisburgo,MG,6956,19229.21,53.285,70.311,64.465,25.079,74.288,40.825,85.198,80.933,76.78,52.579,60.248,68.255,17.799,42.993,19.799,19.725
2615003,Taquaritinga do Norte,PE,24736,13627.3,55.666,61.099,65.341,40.558,75.881,41.767,91.918,34.832,74.074,66.956,53.297,67.037,25.328,37.091,80.092,19.72
2411908,São Francisco do Oeste,RN,4161,13180.84,60.974,75.068,63.795,44.059,87.117,68.41,96.354,48.391,59.979,65.216,64.641,65.344,38.03,39.723,78.781,19.703
2926657,Ribeirão do Largo,BA,9740,11481.26,52.397,62.197,51.541,43.454,60.984,42.698,82.218,62.887,49.892,37.13,62.982,56.159,29.486,28.681,95.964,19.686
3112505,Capim Branco,MG,10663,11655.23,58.705,74.463,68.754,32.897,67.333,76.904,95.183,58.431,75.513,70.533,62.038,66.933,26.293,44.292,41.322,19.681
3154606,Ribeirão das Neves,MG,329794,15826.66,59.269,75.962,68.745,33.099,69.395,80.645,83.604,70.203,70.765,72.922,62.267,69.027,22.148,47.785,42.789,19.674
2923357,Ourolândia,BA,19243,14666.65,54.227,64.752,53.176,44.754,75.098,48.286,89.124,46.498,48.234,43.962,54.843,65.666,43.857,31.673,83.815,19.67
2403608,Extremoz,RN,61635,9322.45,57.551,71.413,64.131,37.108,68.613,60.782,91.332,64.927,59.072,70.207,59.59,67.655,41.061,35.62,52.08,19.668
2204659,Ilha Grande,PI,9274,13003.99,56.178,65.959,60.16,42.414,60.711,75.495,81.219,46.411,65.619,61.407,46.702,66.911,28.102,33.878,88.02,19.654
3105202,Bandeira,MG,4741,12560.12,52.722,67.316,59.477,31.374,68.945,65.163,84.635,50.521,78.248,39.376,59.511,60.774,28.07,16.22,61.562,19.642
2207405,Palmeira do Piauí,PI,4952,28774.16,50.965,61.823,50.155,40.916,66.464,49.762,58.265,72.8,56.946,41.504,51.002,51.17,29.245,27.032,87.748,19.637
2703106,Igaci,AL,23995,13094.02,52.692,60.616,61.381,36.08,69.058,35.173,82.746,55.486,71.909,55.03,50.212,68.375,17.071,30.698,76.913,19.636
2204006,Francinópolis,PI,4505,10016.43,55.701,69.57,56.7,40.832,59.96,60.026,73.478,84.818,68.27,49.901,38.76,69.868,30.275,29.528,83.9,19.625
3129202,Heliodora,MG,6134,21915.26,61.752,81.65,66.682,36.924,66.283,81.461,96.17,82.685,76.537,64.704,56.848,68.64,30.481,58.586,39.006,19.624
2502409,Bonito de Santa Fé,PB,10252,9486.33,58.193,74.502,60.192,39.885,68.962,75.963,89.194,63.89,60.313,55.338,60.486,64.631,27.055,33.302,79.558,19.623
2613008,São Bento do Una,PE,49449,30264.55,56.253,65.449,63.184,40.125,74.96,50.738,91.24,44.86,74.578,56.332,56.56,65.264,49.644,36.968,54.287,19.602
2932606,Urandi,BA,15355,13110.51,59.727,78.009,59.958,41.214,74.163,83.158,81.405,73.309,69.737,40.929,62.792,66.376,30.294,36.403,78.561,19.598
1200708,Xapuri,AC,18243,25122.09,46.415,65.678,48.948,24.62,67.254,45.737,80.34,69.379,54.086,51.788,54.42,35.497,27.082,28.035,23.796,19.568
2400901,Antônio Martins,RN,6577,10035.63,52.599,60.83,53.849,43.117,64.588,51.149,91.637,35.946,51.933,51.734,45.109,66.621,24.555,32.895,95.451,19.567
2105963,Lagoa Grande do Maranhão,MA,11411,9044.07,50.391,56.243,55.986,38.945,50.073,58.377,72.544,43.979,65.816,42.19,54.522,61.415,30.949,23.091,82.178,19.562
2920700,Maraú,BA,24527,14020.1,51.317,60.315,56.262,37.373,72.348,37.517,73.255,58.14,46.79,45.806,65.081,67.371,22.54,26.463,80.934,19.555
4202073,Balneário Gaivota,SC,15669,13944.96,57.214,73.025,62.576,36.041,65.923,69.119,90.28,66.779,57.583,65.9,58.938,67.883,24.106,37.779,62.726,19.553
1701309,Aragominas,TO,5290,18744.73,50.777,65.819,54.035,32.477,75.031,49.987,77.99,60.266,69.185,40.126,58.703,48.125,25.441,20.088,64.853,19.526
2500205,Aguiar,PB,5003,12099.68,51.759,59.553,55.541,40.184,71.822,49.796,89.162,27.431,56.594,46.782,54.442,64.348,25.951,20.569,94.694,19.522
2509404,Mogeiro,PB,13899,11912.51,54.436,62.031,59.57,41.706,71.519,26.899,87.628,62.078,66.362,55.38,59.132,57.405,26.132,38.347,82.838,19.508
3533809,Óleo,SP,2512,51436.46,58.138,72.433,66.034,35.945,69.7,86.514,97.731,35.789,84.179,70.581,45.572,63.805,20.662,34.904,68.709,19.504
2105609,Joselândia,MA,14924,7867.52,52.942,56.79,62.152,39.885,66.826,52.395,57.764,50.175,69.458,48.636,61.459,69.056,20.657,30.583,88.8,19.501
2305902,Ipueiras,CE,36798,8981.74,58.94,74.73,62.019,40.072,66.159,79.433,90.343,62.985,75.144,56.246,50.153,66.532,18.183,35.755,86.849,19.501
5105176,Juruena,MT,10213,29382.53,48.855,64.603,50.463,31.499,74.616,46.638,79.702,57.454,56.621,39.87,59.9,45.461,18.286,34.876,53.34,19.493
2930154,Serra do Ramalho,BA,34222,12112.85,56.7,70.98,58.063,41.055,71.383,79.564,78.993,53.979,58.943,49.975,58.85,64.486,24.641,39.234,80.864,19.483
2107308,Nova Iorque,MA,4320,11886.37,53.458,64.305,58.556,37.512,66.05,49.324,67.065,74.782,63.353,44.538,67.171,59.162,17.116,36.912,76.541,19.478
2513109,Salgado de São Félix,PB,11505,11262.5,53.362,63.948,56.578,39.562,69.456,43.477,88.914,53.944,57.501,45.477,58.601,64.731,26.132,33.408,79.23,19.478
5205513,Cocalzinho de Goiás,GO,25016,17568.92,56.592,74.13,64.368,31.279,72.727,65.827,90.852,67.113,76.813,52.228,65.066,63.364,26.119,33.722,45.802,19.472
4311254,Lagoão,RS,5341,29173.98,52.928,67.448,55.498,35.837,73.547,36.466,87.234,72.546,67.872,51.437,36.883,65.799,16.856,28.444,78.577,19.472
2915403,Itaju do Colônia,BA,6037,14938.14,53.112,65.432,53.959,39.946,58.454,83.56,92.17,27.542,57.619,47.866,53.473,56.877,24.245,30.595,85.475,19.471
2111201,São José de Ribamar,MA,244579,9447.71,58.858,66.908,65.348,44.318,63.87,52.299,88.024,63.437,73.001,63.471,63.64,61.282,41.206,43.542,73.057,19.466
3119609,Coronel Pacheco,MG,2762,21919.17,60.576,77.698,65.956,38.074,73.153,72.259,92.405,72.977,74.623,61.096,59.29,68.815,30.854,32.594,69.394,19.455
2801702,Cristinápolis,SE,17100,14772.38,56.624,67.826,62.276,39.771,65.794,58.127,89.545,57.836,61.613,62.017,57.166,68.308,37.102,31.676,70.867,19.44
2412104,São João do Sabugi,RN,5956,14305.49,64.047,81.328,64.325,46.489,76.512,70.563,92.996,85.241,73.599,63.186,55.622,64.894,53.001,32.171,81.348,19.437
2313500,Trairi,CE,58415,19229.39,49.325,50.968,61.562,35.445,74.404,25.701,81.95,21.817,80.052,54.637,51.898,59.662,28.884,34.046,59.421,19.43
5210604,Itaguaru,GO,4904,21378.42,61.422,82.155,66.82,35.291,74.84,74.691,96.587,82.5,85.178,64.891,55.17,62.042,23.488,35.025,63.236,19.416
5201801,Aragoiânia,GO,11890,14767.66,55.848,63.852,64.299,39.394,75.592,55.621,89.512,34.682,66.387,61.648,59.446,69.715,49.796,37.894,50.498,19.389
2903300,Barro Preto,BA,5833,13800.34,51.515,59.29,59.576,35.679,56.486,75.552,84.96,20.16,62.975,58.365,47.754,69.21,35.959,20.258,67.116,19.383
3150539,Pingo-d'Água,MG,4706,11284.5,56.348,74.34,61.281,33.423,66.29,86.17,91.526,53.372,74.912,58.832,49.213,62.165,27.084,26.964,60.263,19.382
2112407,Turiaçu,MA,37491,7951.98,48.954,51.695,57.197,37.971,55.807,37.497,56.636,56.838,58.69,40.865,71.213,58.021,25.742,25.019,81.743,19.38
2110856,São Francisco do Brejão,MA,9051,13496.77,53.254,65.118,56.935,37.708,65.891,56.507,83.441,54.635,65.153,54.334,61.836,46.418,24.306,27.332,79.815,19.38
3115805,Centralina,MG,10207,34646.11,57.596,76.828,63.506,32.454,68.763,80.804,96.886,60.86,65.884,68.274,57.118,62.747,20.333,54.768,35.343,19.374
2913309,Ichu,BA,6190,9176.52,58.141,69.582,64.179,40.661,62.907,67.934,89.87,57.618,68.595,57.536,65.778,64.808,38.321,37.532,67.434,19.357
5108600,Vila Rica,MT,19888,44529.77,54.143,66.244,52.828,43.357,79.275,38.655,90.037,57.011,57.811,51.027,64.624,37.85,47.468,45.181,61.426,19.35
2906204,Canarana,BA,24206,10770.53,57.146,68.325,58.957,44.157,59.092,67.21,89.564,57.434,65.521,52.062,52.759,65.487,38.655,32.784,85.845,19.343
2207850,Pavussu,PI,3628,10465.31,50.91,60.158,50.772,41.799,54.566,61.558,70.72,53.788,56.094,51.337,49.907,45.751,43.731,25.501,78.635,19.331
1503200,Igarapé-Açu,PA,35797,11702.94,47.426,59.788,53.985,28.503,63.102,61.721,75.301,39.029,56.329,55.972,49.366,54.272,19.424,29.258,46.009,19.323
2209559,São Braz do Piauí,PI,4358,9123.25,55.737,64.837,59.011,43.363,69.98,23.109,81.434,84.824,67.429,49.147,57.628,61.839,26.813,32.695,94.626,19.319
1508035,Tracuateua,PA,28595,10051.16,49.708,50.796,53.295,45.034,57.266,27.17,56.043,62.705,51.791,44.682,57.629,59.077,30.749,48.935,81.14,19.312
2900504,Érico Cardoso,BA,10604,7415.4,57.762,73.772,54.301,45.212,66.815,60.144,85.261,82.867,63.733,31.295,58.056,64.121,33.318,34.895,93.325,19.311
2403806,Florânia,RN,10196,11903.94,60.095,77.386,60.873,42.027,80.274,81.539,95.096,52.635,64.466,56.081,57.388,65.556,20.38,48.846,79.573,19.311
2612109,Salgadinho,PE,5727,14235.87,57.456,65.726,62.931,43.71,79.627,21.053,79.63,82.595,80.357,55.323,48.576,67.467,36.454,38.288,80.789,19.31
2911857,Heliópolis,BA,12309,11511.24,56.564,72.105,56.899,40.689,78.196,60.267,93.193,56.766,52.48,53.319,58.703,63.093,32.247,30.245,80.965,19.297
2313252,Tarrafas,CE,7529,11463.34,54.521,63.51,60.804,39.249,74.605,44.899,91.529,43.007,77.524,45.613,54.498,65.581,25.223,31.371,81.107,19.295
2513356,Santa Inês,PB,3227,11473.29,55.279,65.069,59.614,41.155,82.938,43.296,73.004,61.039,68.85,48.298,57.852,63.457,39.92,18.21,87.194,19.294
2106706,Mirador,MA,21030,13308.1,46.934,48.986,53.451,38.363,46.415,41.19,55.357,52.984,64.368,46.085,61.427,41.925,25.547,28.842,79.773,19.29
2501906,Belém,PB,16401,13393.02,59.989,76.547,62.421,40.998,75.609,81.811,94.166,54.603,67.288,60.087,56.928,65.381,29.137,33.019,82.551,19.287
2506608,Ibiara,PB,5631,10334.53,56.04,71.609,57.351,39.16,74.507,61.628,87.513,62.787,62.095,50.837,52.149,64.322,22.365,37.159,77.835,19.281
5106158,Nova Bandeirantes,MT,13635,25367.12,49.248,63.045,46.427,38.271,78.999,49.45,86.264,37.468,66.639,44.448,59.651,14.97,27.517,40.643,65.647,19.278
2914208,Irajuba,BA,6101,12874.65,55.152,67.318,53.041,45.097,49.644,51.116,85.835,82.678,52.334,36.738,62.716,60.375,38.971,35.66,86.49,19.267
2301950,Barreira,CE,22392,10797.08,55.287,66.06,62.977,36.825,73.569,42.808,88.888,58.974,73.375,59.8,53.209,65.525,24.877,37.629,65.529,19.266
2603926,Carnaubeira da Penha,PE,12239,6865.92,47.167,55.956,54.116,31.428,73.336,34.141,61.791,54.555,60.214,37.259,52.219,66.771,18.45,33.73,54.275,19.259
3167905,Tabuleiro,MG,4014,16494.98,57.25,72.993,62.068,36.689,55.908,75.971,95.613,64.481,65.705,59.844,55.757,66.967,27.923,50.433,49.14,19.258
5206602,Cumari,GO,2927,33335.88,58.579,76.105,55.658,43.973,53.379,90.61,96.079,64.354,80.122,35.922,47.178,59.412,30.624,39.078,86.933,19.256
2307403,Jucás,CE,23922,13448.06,59.519,68.357,67.031,43.169,72.929,66.795,91.136,42.567,81.033,61.101,58.56,67.431,39.34,32.945,81.14,19.25
2930766,Sítio do Quinto,BA,14773,7045.65,57.1,69.424,58.507,43.37,60.314,74.547,85.01,57.825,56.438,49.95,62.594,65.048,34.314,35.005,84.91,19.25
2606101,Glória do Goitá,PE,29347,19036.52,54.886,62.855,67.472,34.331,70.543,56.257,88.617,36.004,78.906,59.287,61.486,70.211,21.055,41.407,55.616,19.246
4119954,Pontal do Paraná,PR,30425,21632.76,57.167,69.349,68.34,33.812,71.098,88.472,87.983,29.845,74.154,72.798,52.543,73.864,32.472,46.004,37.526,19.243
2408953,Rio do Fogo,RN,10351,18060.85,57.73,75.103,57.299,40.788,76.46,82.301,93.642,48.01,47.596,58.502,55.373,67.725,26.345,30.002,87.586,19.22
5221502,Turvânia,GO,4480,45954.24,53.668,68.213,66.612,26.178,66.972,73.377,92.423,40.08,80.912,63.493,58.881,63.163,10.231,34.019,41.244,19.217
2805505,Poço Verde,SE,21794,14896.52,59.573,73.688,63.684,41.349,73.398,68.856,95.491,57.006,66.928,62.089,58.964,66.753,26.672,39.71,79.799,19.214
2301406,Aratuba,CE,11224,13609.41,47.671,48.608,60.135,34.27,67.357,34.409,84.33,8.334,76.354,58.787,37.789,67.609,39.59,27.617,50.665,19.208
1711803,Juarina,TO,2243,19937.17,56.922,72.17,59.062,39.533,69.141,59.196,83.354,76.988,71.476,59.744,56.681,48.345,25.375,34.422,79.128,19.207
1718907,Santa Rosa do Tocantins,TO,4653,66608.88,52.478,59.489,61.541,36.403,71.33,45.528,72.987,48.11,72.979,60.798,59.376,53.012,26.8,36.84,62.767,19.207
2806206,Salgado,SE,20279,10804.62,57.949,63.834,63.793,46.219,66.136,48.331,89.317,51.551,66.674,59.205,62.527,66.768,46.324,33.635,85.719,19.2
3107802,Bom Jesus do Galho,MG,14536,11858.64,58.653,75.175,64.894,35.891,70.714,73.141,93.643,63.201,78.717,56.009,58.367,66.484,23.714,31.112,69.545,19.195
3123700,Engenheiro Caldas,MG,13622,11612.05,55.37,67.282,64.266,34.562,74.49,72.868,93.378,28.393,67.743,53.434,66.676,69.212,23.515,42.423,53.14,19.169
3117009,Comercinho,MG,6660,10304.26,58.783,68.176,64.341,43.831,62.454,55.321,82.398,72.531,70.374,54.314,70.582,62.096,26.877,40.229,89.053,19.165
2302305,Bela Cruz,CE,32775,9903.78,55.268,63.933,63.077,38.793,75.867,40.073,78.601,61.191,82.296,49.254,57.685,63.075,30.991,38.916,66.1,19.164
5102850,Castanheira,MT,7506,28868.15,48.198,66.121,48.314,30.159,75.041,49.254,91.676,48.512,57.909,40.851,62.679,31.816,20.461,38.708,42.303,19.163
2923100,Olindina,BA,22633,10778.51,53.961,63.846,59.005,39.032,55.636,59.469,88.875,51.403,54.309,56.065,57.197,68.45,18.09,33.105,85.783,19.152
2312601,São Luís do Curu,CE,10822,12389.64,56.393,59.077,63.149,46.951,67.858,54.957,84.524,28.969,76.129,60.305,49.908,66.256,42.15,39.126,87.379,19.149
3118908,Cordisburgo,MG,7547,19511.62,57.062,70.641,65.233,35.311,70.521,71.024,89.243,51.778,73.445,65.975,55.434,66.079,37.23,48.898,35.969,19.148
3125606,Felisburgo,MG,6489,11752.14,54.744,75.83,58.03,30.371,60.476,77.209,92.055,73.582,71.185,45.962,54.09,60.882,33.567,28.793,39.983,19.142
5219902,São Francisco de Goiás,GO,6378,20623.43,60.822,76.737,66.589,39.14,73.873,69.726,94.894,68.453,79.137,63.934,59.732,63.552,26.958,42.529,67.937,19.136
1703008,Babaçulândia,TO,7880,20291.85,52.192,59.852,54.418,42.307,70.566,58.788,77.527,32.528,68.346,44.084,52.03,53.212,43.824,33.858,72.427,19.118
3123502,Douradoquara,MG,1829,43691.71,61.368,81.341,68.509,34.253,56.935,88.663,96.622,83.143,78.601,60.97,70.823,63.642,24.924,36.846,56.131,19.111
3101805,Alpercata,MG,6903,13803.79,55.915,62.027,63.344,42.374,76.452,71.433,94.066,6.159,69.354,63.887,50.205,69.931,45.498,33.397,71.493,19.109
2915007,Itaeté,BA,13472,9477.98,48.703,54.715,56.234,35.16,61.906,58.195,88.961,9.799,69.83,46.172,45.564,63.37,13.761,28.536,79.235,19.108
5202155,Araguapaz,GO,7153,25365.29,54.043,67.189,56.981,37.959,64.744,73.099,91.137,39.775,77.716,56.832,41.774,51.601,20.733,37.052,74.946,19.106
2930303,Serra Dourada,BA,17066,11808.95,54.228,62.774,59.941,39.968,53.922,47.387,86.663,63.122,67.707,47.331,62.635,62.089,19.482,35.675,85.621,19.096
2209153,Santa Cruz dos Milagres,PI,3435,13334.48,61.361,77.425,59.519,47.14,65.461,76.975,83.852,83.413,71.257,50.553,51.116,65.149,40.924,37.612,90.932,19.094
5213509,Monte Alegre de Goiás,GO,6692,18102.5,51.645,68.533,54.942,31.459,77.169,44.711,68.291,83.96,71.924,40.664,64.619,42.563,38.374,32.237,36.145,19.08
2207959,Nova Santa Rita,PI,4076,10856.65,55.654,70.208,58.011,38.743,70.536,51.034,74.439,84.824,64.636,41.847,62.207,63.354,25.681,23.71,86.512,19.068
5208301,Divinópolis de Goiás,GO,4457,20724.57,59.043,74.966,58.024,44.138,68.021,69.3,89.381,73.164,72.895,46.901,52.296,60.004,35.857,43.364,78.267,19.065
2313203,Tamboril,CE,24815,11457.08,51.99,57.17,62.386,36.415,74.278,46.546,90.972,16.883,77.857,56.176,50.112,65.398,30.162,36.111,60.328,19.058
2414506,Umarizal,RN,10078,15113.2,58.069,67.524,63.204,43.478,75.657,73.857,92.144,28.438,63.239,65.511,58.058,66.007,37.195,30.137,87.533,19.048
2112456,Turilândia,MA,31638,7103.54,47.659,49.941,56.315,36.719,73.915,31.892,57.386,36.572,58.406,41.378,72.957,52.52,28.409,15.452,83.979,19.037
2105906,Lago Verde,MA,14769,9259.67,49.552,59.488,54.083,35.083,67.954,44.372,62.298,63.328,58.638,48.795,57.467,51.433,17.644,21.968,81.685,19.036
1507706,São Sebastião da Boa Vista,PA,25643,9625.11,51.591,62.858,57.133,34.784,76.52,40.801,74.031,60.081,57.527,40.944,62.839,67.22,19.816,20.814,79.475,19.03
5220157,São Luiz do Norte,GO,4837,28612.36,55.022,62.569,62.359,40.138,61.23,50.639,93.097,45.31,75.684,65.132,52.611,56.011,21.703,41.945,77.888,19.017
3544103,Rio Grande da Serra,SP,44170,21909.45,60.514,77.564,68.905,35.074,68.236,86.182,80.976,74.861,80.683,66.318,59.847,68.772,22.471,48.611,50.201,19.011
2310605,Penaforte,CE,8972,13715.31,55.927,74.559,64.353,28.868,70.305,65.142,96.741,66.048,73.354,62.725,57.463,63.868,33.406,19.277,43.778,19.011
2112803,Viana,MA,51442,9604.42,53.676,54.604,60.652,45.773,60.892,36.212,62.308,59.006,69.25,50.432,60.645,62.281,53.766,28.664,81.652,19.01
2201101,Avelino Lopes,PI,10866,9047.81,53.318,63.412,56.204,40.339,67.936,68.886,73.271,43.555,62.817,45.589,57.536,58.872,31.954,25.332,85.059,19.009
2902401,Aurelino Leal,BA,11179,12344.67,48.345,54.099,52.016,38.92,46.671,83.424,84.573,1.729,51.165,55.991,32.308,68.602,28.276,20.958,87.438,19.007
3122355,Divisa Alegre,MG,6321,28398.82,57.55,72.795,63.141,36.714,62.288,85.835,90.315,52.741,74.345,65.86,47.228,65.133,36.166,35.158,56.532,19.001
2800506,Areia Branca,SE,18081,14053.68,53.292,59.989,58.102,41.786,65.955,56.426,92.122,25.454,50.509,59.392,56.589,65.917,30.481,34.344,83.328,18.992
2929107,São Felipe,BA,20283,10545.49,56.795,65.825,62.454,42.107,72.585,56.094,87.79,46.831,59.576,61.051,61.247,67.944,24.184,35.367,89.889,18.988
1500404,Alenquer,PA,69377,10822.67,49.029,56.304,55.566,35.218,49.083,29.18,72.797,74.156,55.096,47.392,67.268,52.509,19.255,23.832,78.801,18.984
2304459,Fortim,CE,17294,18199.43,55.295,64.542,67.974,33.369,71.647,44.721,89.296,52.502,78.93,70.664,52.21,70.093,27.161,43.86,43.47,18.984
3104452,Aricanduva,MG,4719,14319.5,53.223,77.719,58.831,23.118,79.771,56.587,87.102,87.418,79.214,40.232,63.411,52.466,22.954,40.534,10.004,18.982
3532306,Natividade da Serra,SP,6999,13440.89,55.98,66.65,66.728,34.562,77.141,46.939,80.4,62.118,80.498,55.995,69.672,60.746,15.852,44.8,58.632,18.965
2101202,Bacabal,MA,103711,14711.73,52.253,66.4,60.534,29.826,62.798,78.513,76.957,47.331,70.834,58.235,56.076,56.991,17.644,34.278,48.426,18.957
2916609,Itapitanga,BA,10279,9279.14,53.406,74.042,49.679,36.498,69.469,88.688,94.931,43.081,46.124,31.734,52.934,67.924,15.886,29.604,81.548,18.954
3111903,Cana Verde,MG,5272,15311.65,64.623,83.53,65.729,44.611,74.469,79.923,94.658,85.07,71.05,63.59,58.984,69.29,23.314,44.776,91.403,18.952
2205599,Lagoa do Sítio,PI,4520,10829.59,55.801,75.246,54.349,37.808,64.833,89.63,85.787,60.736,56.479,41.143,52.563,67.209,33.929,24.459,73.892,18.95
3122207,Divinolândia de Minas,MG,6516,12721.88,55.113,76.502,63.964,24.875,67.709,83.161,93.435,61.704,68.456,59.142,60.339,67.917,42.932,35.245,2.38,18.941
3202900,Itarana,ES,10597,25287.54,56.349,69.338,67.111,32.596,68.509,56.437,88.158,64.249,79.905,60.364,59.801,68.376,34.327,38.102,39.022,18.933
2702009,Coité do Nóia,AL,10810,19706.55,51.892,61.51,59.775,34.392,72.72,27.548,82.701,63.071,67.961,57.175,45.556,68.41,21.001,32.724,64.918,18.923
3127339,Gameleiras,MG,4793,12050.4,54.947,75.014,58.895,30.93,64.769,75.697,87.961,71.631,81.277,46.301,57.284,50.72,24.506,34.82,45.476,18.919
3141702,Mesquita,MG,5040,11884.34,56.518,74.432,61.539,33.583,64.798,71.052,86.579,75.299,73.432,54.604,51.806,66.315,28.436,41.085,45.895,18.916
3145307,Novo Cruzeiro,MG,26975,12339.55,49.217,59.232,58.536,29.883,52.547,45.227,72.231,66.922,72.181,45.367,58.772,57.824,23.548,31.037,46.03,18.916
2925808,Queimadas,BA,25988,9995.56,56.427,70.205,55.585,43.492,63.929,68.792,89.648,58.453,53.124,48.533,59.941,60.742,44.312,30.277,80.467,18.912
2106904,Monção,MA,27751,9353.69,46.931,47.689,53.319,39.785,57.287,44.836,42.379,46.252,56.2,48.303,54.53,54.241,27.662,30.383,82.187,18.908
4215679,Santa Terezinha,SC,8066,33589.95,52.041,60.512,59.023,36.587,70.352,28.201,72.847,70.647,79.286,47.774,49.252,59.782,28.111,36.475,62.865,18.898
1712702,Mateiros,TO,2748,92504.45,48.683,65.304,49.861,30.883,68.057,51.663,71.377,70.118,60.625,49.482,57.514,31.823,25.99,21.187,57.484,18.871
2926301,Riachão do Jacuípe,BA,33386,12380.71,53.56,69.26,61.205,30.216,67.579,79.133,89.412,40.914,59.168,57.402,60.109,68.141,29.192,36.987,35.829,18.858
2904506,Brotas de Macaúbas,BA,11765,8266.37,50.483,64.975,51.469,35.004,64.128,44.499,72.23,79.043,64.347,15.313,58.836,67.378,26.885,39.086,55.195,18.851
2907202,Casa Nova,BA,72086,12230.77,52.105,62.832,55.939,37.543,71.114,61.817,77.389,41.011,52.481,46.886,55.938,68.452,17.744,30.505,83.073,18.849
3164209,São Romão,MG,10315,23741.71,55.359,69.825,62.87,33.383,70.219,68.612,92.063,48.406,71.561,52.442,67.359,60.117,29.005,25.973,59.704,18.848
2927101,Rodelas,BA,10308,14028.03,50.62,64.948,59.82,27.093,64.175,91.952,92.559,11.107,62.649,57.786,56.191,62.652,23.002,37.683,28.84,18.848
5205802,Corumbá de Goiás,GO,10562,24819.23,56.149,70.311,62.864,35.27,80.85,75.371,94.949,30.076,77.754,56.269,56.248,61.187,42.018,44.365,35.851,18.847
2505303,Curral Velho,PB,2292,11770.73,57.27,70.952,59.373,41.485,68.255,53.768,91.072,70.714,64.587,50.649,56.528,65.73,27.257,24.798,95.044,18.84
2408508,Ouro Branco,RN,4913,12651.02,58.712,67.316,61.062,47.758,74.395,65.976,91.532,37.361,71.448,50.244,58.224,64.332,47.32,41.03,83.844,18.839
2209658,São Francisco de Assis do Piauí,PI,5572,10041.36,50.938,59.628,57.544,35.641,60.179,37.547,80.1,60.687,66.491,38.674,60.616,64.396,19.992,20.486,83.258,18.827
5210562,Itaguari,GO,4963,19917.26,53.648,68.814,63.717,28.413,76.152,76.294,93.323,29.486,78.273,65.916,48.427,62.251,17.904,22.889,54.045,18.813
5200852,Americano do Brasil,GO,5259,17506.6,56.517,63.396,60.909,45.247,63.5,75.306,93.162,21.617,80.715,57.163,40.101,65.656,32.439,45.745,84,18.805
2919900,Macururé,BA,7256,9375.41,51.933,63.151,55.189,37.46,75.541,39.835,69.604,67.626,60.615,37.403,63.175,59.561,36.658,25.738,68.643,18.802
1707702,Filadélfia,TO,7712,16891.48,53.158,66.492,60.289,32.692,68.895,65.062,76.969,55.042,67.351,53.182,63.526,57.097,15.278,38.208,58.491,18.79
3155207,Rio Espera,MG,5429,11060.08,55.652,66.762,64.429,35.766,70.886,40.066,88.97,67.128,78.33,64.18,49.493,65.713,25.711,42.657,55.92,18.776
1718840,Sandolândia,TO,3723,31584.25,50.361,63.59,54.638,32.854,69.612,55.747,73.329,55.671,71.079,50.336,61.928,35.21,27.095,27.303,58.257,18.763
1600501,Oiapoque,AP,27482,19386.51,42.457,48.907,49.728,28.736,63.32,19.811,67.873,44.625,53.424,46.622,53.86,45.005,35.919,33.969,26.295,18.761
2306603,Itatira,CE,20424,8583.01,54.794,67.237,61.975,35.17,80.53,42.462,78.514,67.441,74.555,49.467,58.402,65.478,25.236,36.525,60.201,18.718
3204054,Pedro Canário,ES,21522,18788.56,53.315,64.446,64.808,30.692,57.774,82.333,89.87,27.806,75.968,62.944,49.588,70.732,26.039,39.006,39.004,18.718
2303600,Catarina,CE,10243,15155.03,56.155,71.456,62.389,34.62,81.408,48.104,90.223,66.087,79.487,55.316,53.955,60.797,36.758,36.985,46.021,18.714
2902609,Baixa Grande,BA,18220,10761.69,56.15,62.276,58.764,47.408,63.625,56.942,84.729,43.807,60.253,51.342,60.552,62.911,56.347,32.944,81.631,18.711
2301208,Aracoiaba,CE,25553,10502.36,55.397,59.715,63.621,42.855,71.998,51.992,85.912,28.957,76.955,66.921,43.352,67.254,32.403,38.335,81.978,18.703
5205059,Castelândia,GO,2985,30915.5,57.537,78.363,62.923,31.325,57.095,76.302,97.849,82.205,77.85,66.812,44.803,62.224,26.175,44.07,36.377,18.678
2918506,Jussara,BA,16354,6999.36,56.025,71.811,56.067,40.196,56.886,73.669,87.811,68.879,49.465,57.128,54.791,62.883,35.427,27.675,79.016,18.666
1702158,Araguanã,TO,4310,23805.47,55.186,71.924,58.285,35.348,55.525,77.852,87.584,66.737,66.803,63.276,50.081,52.982,28.525,20.104,74.097,18.665
2912707,Ibirapitanga,BA,25344,11360.98,48.899,54.042,54.824,37.831,53.072,62.057,77.885,23.153,44.775,50.911,57.488,66.121,28.995,22.015,81.649,18.664
3551801,Sete Barras,SP,12730,30002.98,56.989,72.761,67.439,30.765,70.495,71.447,86.568,62.534,75.989,66.498,58.945,68.326,25.397,30.431,48.57,18.663
2210656,Sigefredo Pacheco,PI,9460,8322.58,58.286,72.626,60.699,41.532,59.466,65.591,82.237,83.209,67.324,42.16,66.061,67.252,42.349,37.095,68.033,18.651
2511202,Pedras de Fogo,PB,29662,18897.52,51.775,57.928,59.52,37.876,65.974,41.377,84.579,39.782,68.042,46.897,51.294,71.848,31.04,37.671,64.15,18.645
2931004,Tanhaçu,BA,21006,12150.99,52.862,67.118,56.317,35.151,72.734,41.722,88.448,65.566,55.387,45.179,57.408,67.295,24.827,36.806,60.337,18.634
2309458,Ocara,CE,24493,11714.18,53.953,65.449,61.509,34.902,73.006,48.909,86.674,53.206,77.802,54.141,51.808,62.286,30.072,29.798,61.111,18.628
2209955,São João da Varjota,PI,4383,8422.43,54.237,74.204,53.029,35.479,68.559,88.02,78.594,61.641,64.422,39.194,46.223,62.276,19.025,22.572,81.702,18.616
1705557,Combinado,TO,4756,16207.45,60.682,79.231,65.168,37.647,67.626,73.505,95.035,80.757,74.875,61.074,54.764,69.961,28.645,24.019,79.31,18.613
3163409,São José do Goiabal,MG,5396,12579.68,55.703,75.822,61.285,30.001,61.326,76.791,94.016,71.156,64.855,65.305,50.985,63.996,23.417,42.295,35.688,18.604
3160306,Santo Antônio do Jacinto,MG,10327,11173.65,51.122,68.051,59.136,26.18,72.447,62.618,88.943,48.195,66.847,50.569,57.76,61.37,17.91,33.931,34.285,18.595
1507961,Terra Alta,PA,10400,8043.48,50.451,60.624,54.845,35.884,71.866,59.696,70.62,40.316,49.745,55.983,57.434,56.219,21.678,26.728,76.541,18.588
2105203,Igarapé Grande,MA,10231,11593.55,51.854,57.237,64.576,33.748,58.387,45.382,64.301,60.878,76.852,58.193,52.732,70.527,21.566,25.362,69.481,18.583
1501204,Baião,PA,51641,10965.14,50.688,64.438,50.882,36.745,70.982,63.373,61.752,61.647,43.574,36.432,68.707,54.815,33.396,24.489,70.526,18.567
2806800,São Domingos,SE,10327,13190.1,57.242,66.212,65.661,39.854,64.284,53.439,95.686,51.439,66.291,66.487,59.126,70.741,23.132,31.33,86.389,18.564
2925709,Presidente Jânio Quadros,BA,12621,8013.31,57.934,64.343,59.405,50.054,63.93,38.563,81.304,73.575,60.992,42.589,69.933,64.108,65.856,47.146,68.659,18.557
2929800,Saúde,BA,10478,9911.3,57.86,65.258,58.342,49.982,63.069,63.599,81.418,52.944,55.124,59.732,54.502,64.01,56.629,45.518,79.226,18.554
3160603,Santo Hipólito,MG,2717,18611.14,57.128,76.407,65.158,29.819,69.936,61.731,87.406,86.553,70.705,68.567,59.671,61.689,28.634,29.706,42.387,18.55
2207553,Paquetá,PI,3813,11686.32,55.508,66.944,57.783,41.795,68.759,41.209,75.036,82.774,58.45,44.18,59.076,69.427,29.585,30.466,88.606,18.523
5218391,Professor Jamil,GO,3649,19899.21,61.902,72.992,65.636,47.078,61.565,71.88,90.422,68.102,75.882,63.623,60.474,62.567,45.619,41.6,82.599,18.492
1504703,Moju,PA,84094,16152.46,45.641,49.483,53.159,34.28,66.668,35.265,53.184,42.816,52.734,44.631,67.335,47.937,18.085,25.805,74.739,18.492
3204807,São José do Calçado,ES,10878,18852.94,59.649,80.386,66.138,32.423,72,80.039,94.689,74.817,73.791,70.131,52.393,68.237,18.64,34.089,58.474,18.489
2406205,Lagoa d'Anta,RN,6654,10723.79,53.039,69.934,58.28,30.904,72.966,70.675,94.838,41.257,57.184,54.068,59.792,62.075,16.048,23.931,65.149,18.488
2303931,Choró,CE,12113,14884.47,49.296,46.202,63.202,38.485,77.038,31.961,71.627,4.18,75.507,50.226,60.078,66.997,27.396,35.975,72.094,18.476
5207535,Faina,GO,7070,23877.71,57.786,77.818,58.745,36.795,78.12,67.202,89.974,75.977,75.816,36.519,66.784,55.863,13.894,39.975,74.842,18.469
3522158,Itaoca,SP,3422,15702.64,57.847,71.485,65.319,36.736,66.51,65.508,88.488,65.433,83.148,51.866,56.663,69.601,25.34,42.329,60.808,18.465
2600500,Águas Belas,PE,41548,9724.63,54.074,65.67,56.704,39.847,73.404,45.973,85.949,57.353,67.838,48.926,47.664,62.39,43.555,35.615,61.758,18.46
1508308,Viseu,PA,58692,10616.16,47.981,51.377,52.571,39.994,67.619,28.969,59.79,49.13,45.825,45.143,67.756,51.562,37.756,22.038,81.725,18.456
2310902,Piquet Carneiro,CE,16616,9826.39,57.539,67.752,64.526,40.339,68.561,44.449,90.809,67.188,80.402,50.023,59.736,67.941,26.554,42.304,74.044,18.454
2105989,Lajeado Novo,MA,7057,14485.74,54.457,67.457,59.389,36.523,77.064,61.629,71.566,59.57,70.641,51.225,60.011,55.679,21.175,26.231,80.237,18.45
2608701,Lagoa dos Gatos,PE,14076,9692.51,55.058,66.2,59.462,39.511,72.245,59.482,88.378,44.696,74.232,57.558,45.87,60.188,23.184,34.338,82.086,18.434
3164506,São Sebastião do Maranhão,MG,10079,10075.6,54.042,64.756,60.573,36.796,60.441,45.796,81.367,71.42,71.996,44.285,67.836,58.173,22.585,39.7,66.473,18.426
2802700,Ilha das Flores,SE,8321,12325.23,53.585,67.267,58.773,34.714,68.576,65.34,93.26,41.891,55.865,61.026,54.71,63.49,23.462,17.868,79.108,18.42
3202306,Guaçuí,ES,29358,21015.27,61.64,76.91,69.822,38.188,70.426,79.677,93.363,64.176,77.988,67.056,60.132,74.112,39.368,49.073,45.89,18.419
3125952,Fervedouro,MG,10445,15130.14,52.032,61.518,64.783,29.795,57.133,47.256,89.183,52.5,65.028,59.032,65.59,69.483,25.97,39.368,35.443,18.397
2902500,Baianópolis,BA,13614,19520.27,54.022,59.709,54.006,48.352,67.128,32.812,74.817,64.082,62.466,35.334,65.248,52.976,46.369,37.625,91.018,18.396
2507606,Juarez Távora,PB,7796,9447.77,56.454,69.775,57.638,41.949,65.831,63.999,88.589,60.683,50.03,54.124,64.641,61.759,26.094,42.03,81.28,18.393
2919702,Macarani,BA,21599,10592.3,56.918,74.713,56.34,39.702,60.463,86.906,90.283,61.2,61.731,43.719,55.786,64.124,27.249,31.311,81.886,18.361
5100508,Alto Paraguai,MT,8009,20959.49,51.112,57.16,52.547,43.629,75.843,64.219,88.576,0,56.521,48.199,41.897,63.572,29.586,32.051,94.531,18.347
2926103,Retirolândia,BA,13651,11061.93,55.023,59.019,63.61,42.44,69.944,59.071,91.479,15.582,64.644,60.898,58.523,70.375,32.885,35.847,82.703,18.327
2925758,Presidente Tancredo Neves,BA,27734,12289.1,48.531,51.971,56.695,36.928,70.199,53.9,74.688,9.098,57.366,51.39,50.766,67.256,25.164,28.057,76.181,18.311
2614808,Tacaratu,PE,23902,10619.09,55.093,64.539,59.827,40.915,71.205,44.787,81.865,60.297,64.483,51.537,59.987,63.299,57.26,37.411,50.688,18.3
3153509,Alto Jequitibá,MG,8397,15067.39,56.786,76.591,65.211,28.555,70.165,59.757,90.82,85.622,74.924,65.045,55.805,65.071,18.803,43.113,34.008,18.297
1505908,Porto de Moz,PA,40597,10040.92,47.334,58.123,51.463,32.416,65.266,50.475,59.641,57.111,45.554,39.196,67.119,53.984,43.007,15.313,53.063,18.281
5215231,Novo Gama,GO,103804,11198.92,59.181,74.489,67.95,35.105,69.972,78.604,87.525,61.854,71.152,64.611,65.045,70.993,31.631,38.046,52.47,18.274
2412807,São Rafael,RN,7711,11583.88,56.733,73.277,59.978,36.945,78.657,71.696,90.301,52.454,56.996,60.012,56.838,66.068,21.199,37.938,70.37,18.271
3135506,Jequeri,MG,12419,15733.72,53.552,67.378,61.09,32.189,66.519,70.812,88.784,43.394,68.302,55.34,55.443,65.274,34.731,37.828,37.926,18.27
3171600,Virgem da Lapa,MG,11804,11230.49,57.451,70.335,65.564,36.454,64.826,64.788,83.769,67.958,77.628,51.689,65.79,67.149,33.339,38.508,55.701,18.268
3136009,Joaíma,MG,13888,11796.61,55.156,68.772,56.762,39.932,70.746,72.576,80.659,51.107,66.515,43.537,57.685,59.312,19.734,45.964,75.763,18.268
4306932,Entre-Ijuís,RS,9158,75627.35,57.432,73.867,61.112,37.318,70.649,67.598,93.832,63.387,65.854,58.255,57.955,62.384,18.332,39.649,73.035,18.258
2508000,Juru,PB,9234,9519.5,56.074,69.85,62.384,35.988,76.803,55.397,93.415,53.786,74.863,51.867,55.345,67.462,36.671,33.182,55.845,18.255
2401800,Brejinho,RN,12202,11513.2,52.132,63.802,59.571,33.022,70.789,75.545,94.81,14.066,62.209,63.234,50.786,62.055,21.878,33.46,58.512,18.237
2405306,Januário Cicco,RN,9051,9448.65,52.581,60.143,52.84,44.761,71.468,65.63,90.57,12.902,47.028,49.485,55.407,59.441,34.616,38.301,87.904,18.222
2923407,Palmas de Monte Alto,BA,20078,11949.18,53.885,66.092,56.182,39.38,64.401,43.213,84.062,72.693,48.864,48.046,61.076,66.743,10.471,44.792,84.043,18.212
3150000,Pescador,MG,3570,13289.87,53.037,72.645,58.819,27.648,68.198,77.161,93.762,51.458,65.031,52.314,50.819,67.112,18.357,37.12,36.905,18.211
5209408,Guarani de Goiás,GO,4085,21227.28,56.835,69.561,60.901,40.043,63.941,65.919,82.145,66.238,79.726,44.076,63.468,56.335,29.598,19.658,92.709,18.207
2701605,Canapi,AL,15559,10777.7,54.296,61.138,58.506,43.244,63.906,35.588,85.568,59.49,73.735,44.925,48.234,67.13,43.29,27.336,84.154,18.197
1718451,Pugmil,TO,2193,37969.19,53.752,74.855,59.089,27.312,76.607,88.274,88.277,46.262,66.695,65.511,50.738,53.412,17.944,27.672,45.438,18.194
2931202,Taperoá,BA,18044,12379.4,49.232,55.833,54.016,37.849,65.023,59.01,68.166,31.133,48.288,46.588,59.292,61.896,21.522,32.42,79.261,18.192
2921906,Mucugê,BA,12137,64315.49,51.698,72.041,51.729,31.325,63.079,69.22,81.548,74.316,61.165,24.087,63.266,58.398,23.067,41.676,42.371,18.189
3156601,Rubim,MG,10298,10927.9,57.546,76.334,61.051,35.254,58.536,81.71,90.485,74.605,67.362,50.295,62.455,64.09,41.099,38.695,43.042,18.18
1703073,Barra do Ouro,TO,4476,25488.56,52.688,70.172,51.978,35.915,69.141,65.263,71.06,75.226,70.347,50.111,32.858,54.597,21.785,24.166,79.533,18.174
3537206,Pedro de Toledo,SP,11281,15948.31,53.854,70.704,65.872,24.986,70.701,70.64,85.995,55.478,81.253,59.731,55.763,66.74,21.017,37.895,22.858,18.173
3518107,Guarantã,SP,6427,30768.96,61.066,77.807,64.875,40.514,67.682,94.899,95.703,52.945,71.897,68.615,54.014,64.975,11.59,49.075,83.224,18.167
3164001,São Pedro dos Ferros,MG,7166,18893.55,60.686,77.916,60.748,43.395,69.626,80.506,96.739,64.794,69.166,58.117,48.087,67.622,27.157,45.486,82.784,18.152
2304269,Deputado Irapuan Pinheiro,CE,8932,11377.01,56.054,72.58,59.24,36.341,81.095,61.432,88.895,58.896,84.891,44.924,44.208,62.94,24.738,42.19,60.29,18.147
2604601,Condado,PE,24587,10279.69,56.467,68.13,61.811,39.462,71.991,39.21,92.458,68.861,70.824,60.336,44.513,71.57,29.489,35.168,75.054,18.136
2400307,Afonso Bezerra,RN,10839,12849.37,54.805,69.701,52.999,41.716,80.913,57.598,89.014,51.277,46.229,48.173,53.364,64.23,38.306,28.087,82.338,18.131
5214051,Mundo Novo,GO,6189,29431.42,49.058,61.592,52.34,33.241,48.821,54.891,87.427,55.228,73.8,46.935,43.471,45.156,14.718,33.458,66.661,18.126
1508126,Ulianópolis,PA,37972,52945.7,52.67,65.585,54.722,37.703,74.378,73.216,66.274,48.472,63.458,51.712,55.468,48.252,30.148,27.316,75.227,18.124
1502608,Colares,PA,12868,7903.8,53.578,64.102,62.151,34.48,68.658,57.703,68.914,61.135,66.443,56.301,61.917,63.944,15.132,32.401,72.27,18.118
2502300,Bom Sucesso,PB,4661,11780.94,52.002,58.821,62.842,34.342,67.989,56.853,90.909,19.531,72.601,54.123,55.822,68.821,22.787,36.015,60.451,18.116
2918456,Jucuruçu,BA,9655,13320.67,46.215,64.513,48.692,25.441,69.284,51.988,78.037,58.741,55.697,20.592,56.625,61.854,19.952,25.751,37.948,18.113
1712405,Lizarda,TO,2999,22279.5,48.511,62.939,50.793,31.801,69.386,57.86,54.796,69.716,65.495,50.689,51.301,35.685,17.98,29.951,61.165,18.107
2208106,Pimenteiras,PI,11341,9501.27,53.519,65.885,57.446,37.225,69.632,44.969,79.046,69.891,66.632,30.929,68.645,63.58,35.967,24.048,70.787,18.1
1713957,Muricilândia,TO,3367,20781.73,53.511,69.717,57.772,33.044,69.896,66.213,77.698,65.061,68.688,51.135,60.279,50.987,24.109,38.929,51.063,18.074
3165552,Setubinha,MG,9917,12461.59,49.728,58.676,57.769,32.738,60.876,42.036,75.539,56.253,70.875,44.834,54.466,60.901,28.908,21.705,62.275,18.064
4220000,Balneário Rincão,SC,15981,18569.97,59.936,76.304,64.827,38.676,66.99,82.773,90.198,65.257,66.65,74.715,53.416,64.527,37.143,26.438,73.062,18.062
1100940,Cujubim,RO,14863,33037.65,45.49,53.093,45.744,37.632,70.463,17.681,73.101,51.128,63.263,49.518,56.616,13.58,32.448,26.669,73.358,18.053
4110102,Imbituva,PR,29924,43452.22,60.068,79.396,66.472,34.335,76.102,81.232,93.415,66.836,73.831,66.177,53.094,72.786,23.052,36.248,59.998,18.041
1505106,Óbidos,PA,52229,18629.14,48.187,54.343,53.233,36.984,60.778,29.315,65.561,61.715,54.74,47.86,60.419,49.914,26.73,32.786,70.402,18.02
2902708,Barra,BA,51092,8490.42,54.622,66.337,54.048,43.48,60.455,62.224,78.383,64.284,55.733,47.082,56.215,57.163,34.843,38.479,82.601,17.997
1506187,Rondon do Pará,PA,53143,13913.56,50.979,65.856,51.72,35.363,59.045,67.265,81.55,55.563,54.954,51.145,59.33,41.452,28.372,24.831,70.255,17.994
1506005,Prainha,PA,35577,12541.89,49.476,64.394,45.918,38.115,74.65,39.12,78.032,65.775,57.249,27.918,64.046,34.459,25.196,33.671,75.605,17.988
2928208,Santana,BA,24755,13998.97,55.209,66.159,63.237,36.231,61.212,54.081,83.219,66.124,70.711,53.815,63.91,64.511,15.813,33.605,77.524,17.98
2104503,Governador Archer,MA,10231,9050.54,52.896,63.586,58.356,36.747,63.75,56.341,68.18,66.073,66.498,49.925,55.706,61.293,23.95,30.355,74.713,17.971
2909901,Curaçá,BA,34180,10468.52,53.451,70.251,57.203,32.899,76.801,67.574,78.074,58.553,58.208,43,59.666,67.939,33.22,29.214,51.191,17.971
3156502,Rubelita,MG,5679,14204.9,50.368,56.886,57.414,36.802,44.858,65.803,77.26,39.624,75.215,40.535,56.909,56.998,28.862,36.606,63.78,17.961
3546900,Santa Lúcia,SP,7149,18476.04,58.444,80.919,65.677,28.736,72.503,94.187,92.912,64.072,76.639,71.61,42.582,71.878,11.62,50.689,34.681,17.956
2412708,São Pedro,RN,5776,9731.36,53.543,65.134,53.606,41.888,71.736,59.235,91.704,37.863,54.395,51.815,49.983,58.233,27.672,42.321,79.659,17.898
5204656,Campinaçu,GO,3708,30017.97,56.55,67.153,57.597,44.9,59.368,70.48,82.68,56.083,79.78,50.059,54.621,45.928,27.222,41.146,93.336,17.897
2702801,Flexeiras,AL,9618,31185.14,49.152,52.346,59.985,35.125,62.123,55.76,80.755,10.745,70.235,64.681,40.348,64.675,18.798,24.645,79.162,17.895
2208650,Queimada Nova,PI,8738,29221.27,53.474,63.09,58.065,39.266,72.943,21.028,84.371,74.018,65.325,45.348,57.662,63.927,44.143,30.735,64.307,17.878
3148756,Pedra Bonita,MG,7320,13276.13,56.168,65.643,64.581,38.279,63.46,49.226,86.643,63.244,68.051,57.459,62.598,70.216,29.619,44.511,61.111,17.877
3161650,São Geraldo do Baixio,MG,3143,16006.55,58.452,78.123,62.934,34.299,64.131,76.781,95.666,75.914,70.128,56.706,55.437,69.466,40.546,48.964,29.816,17.871
2932705,Uruçuca,BA,21420,13922.04,55.273,70.628,59.718,35.475,74.83,84.935,91.508,31.239,52.154,63.421,53.735,69.561,21.224,32.927,69.893,17.854
2932903,Valença,BA,85655,20469.81,52.69,62.391,59.108,36.57,69.1,72.204,81.593,26.668,52.198,61.477,55.296,67.462,31.728,42.661,54.036,17.854
1506559,Santa Luzia do Pará,PA,20370,9700.54,47.781,58.366,50.84,34.136,72.024,23.475,76.1,61.864,55.833,44.196,55.783,47.548,33.014,23.524,62.188,17.819
1718865,Santa Fé do Araguaia,TO,7216,24558.1,54.33,74.036,58.076,30.879,73.471,65.852,85.564,71.255,65.828,56.993,58.868,50.614,16.664,24.593,64.441,17.818
2914505,Irará,BA,28043,10277.99,56.481,70.204,64.932,34.305,64.112,61.488,90.14,65.077,58.503,63.96,63.175,74.091,30.186,38.925,50.299,17.811
2910776,Feira da Mata,BA,5631,11284.94,59.133,75.144,58.748,43.506,80.749,60.008,81.073,78.746,69.812,39.661,66.578,58.94,26.473,43.325,86.423,17.805
5208806,Goianira,GO,71916,15444.92,59.954,70.481,67.664,41.717,55.474,71.003,93.501,61.947,77.459,65.119,59.438,68.641,26.705,41.074,81.299,17.791
3121704,Diogo de Vasconcelos,MG,3549,12188.07,58.974,75.785,65.423,35.713,76.136,59.373,80.211,87.418,77.39,59.815,62.297,62.189,32.441,44.649,47.975,17.789
2407609,Messias Targino,RN,4274,13087.36,57.248,68.904,57.121,45.72,74.351,46.053,95.589,59.622,53.472,63.83,43.322,67.86,51.754,38.951,74.393,17.784
1715705,Palmeirante,TO,4798,38912.47,48.616,59.085,51.068,35.696,56.535,46.961,68.441,64.401,65.523,48.073,50.573,40.105,27.765,26.196,71.043,17.779
2915809,Itambé,BA,24394,12172.99,55.328,76.513,51.647,37.822,64.147,87.46,93.655,60.789,41.629,52.597,49.66,62.703,44.371,42.119,47.023,17.777
3149952,Periquito,MG,6553,17166.68,51.491,64.301,58.319,31.854,53.224,74.44,93.18,36.359,62.342,61.277,39.704,69.954,33.703,37.454,38.498,17.762
1721109,Tocantínia,TO,7459,25843.95,45.371,58.261,46.13,31.723,66.617,42.483,52.511,71.431,53.815,39.651,46.668,44.388,42.701,22.095,44.343,17.752
3138906,Machacalis,MG,6487,17461.37,54.074,74.489,59.321,28.411,56.268,84.287,92.443,64.96,65.999,48.73,53.765,68.792,49.845,39.278,6.767,17.752
5000708,Anastácio,MS,24114,29113.99,54.417,76.698,58.032,28.521,61.863,85.581,91.539,67.81,61.713,57.798,49.303,63.313,22.98,41.907,31.463,17.732
4209706,Lebon Régis,SC,11472,36594.35,55.256,69.732,57.081,38.956,67.781,65.083,90.469,55.593,62.011,54.403,49.814,62.095,28.232,26.474,83.386,17.73
3165206,São Tomé das Letras,MG,6904,20041.24,58.575,72.53,67.466,35.728,66.479,67.239,81.996,74.408,79.883,64.269,57.641,68.072,33.696,43.237,48.253,17.724
2203008,Cristalândia do Piauí,PI,7356,10279.64,52.758,62.853,53.286,42.136,64.214,32.399,72.986,81.813,55.238,32.12,64.291,61.494,27.447,31.693,91.683,17.721
2100808,Anapurus,MA,13793,10891.15,52.211,55.515,61.366,39.753,62.206,53.663,47.723,58.469,64.242,51.859,70.863,58.5,21.19,30.724,89.378,17.719
5209457,Guarinos,GO,2161,29992,53.374,76.979,47.243,35.902,77.541,73.953,87.095,69.327,76.775,20.445,37.507,54.245,27.029,34.004,64.861,17.712
5207600,Fazenda Nova,GO,5877,26120.73,60.708,74.895,64.106,43.124,68.42,70.737,93.926,66.495,84.31,56.837,58.595,56.681,29.467,38.802,86.547,17.681
2515807,Serra Redonda,PB,6828,10506.43,53.363,64.913,58.189,36.988,71.221,55.858,90.631,41.941,58.591,59.299,50.826,64.04,31.838,19.16,79.284,17.671
2922755,Nova Ibiá,BA,6501,15755,57.581,70.532,60.397,41.813,68.081,51.894,89.765,72.388,61.701,49.68,61.78,68.428,43.453,30.552,75.581,17.667
2929602,Sapeaçu,BA,17963,11964.23,57.311,68.227,58.256,45.449,62.971,64.375,87.662,57.9,58.887,61.934,44.857,67.347,42.917,41.553,79.671,17.655
4304614,Canudos do Vale,RS,1656,41354.65,54.026,72.271,61.74,28.066,76.034,58.489,68.009,86.553,80.374,50.983,52.445,63.159,20.282,37.763,36.566,17.653
2904100,Boquira,BA,19322,9857.75,51.319,57.79,60.432,35.734,64.922,29.107,74.819,62.312,63.266,48.741,62.94,66.779,24.72,39.899,60.713,17.604
1500701,Anajás,PA,28011,9314.59,44.682,46.512,51.836,35.698,74.195,14.88,39.814,57.159,45.774,29.289,64.782,67.497,22.369,21.368,81.452,17.602
2607307,Ipubi,PE,29009,11819.05,54.01,62.574,63.291,36.164,66.691,51.46,81.865,50.28,76.361,56.184,54.062,66.559,20.468,28.732,77.853,17.601
2924702,Piripá,BA,9152,8739.91,58.008,72.551,61.558,39.914,71.42,45.848,90.656,82.282,69.834,49.128,62.878,64.393,42.288,39.676,60.15,17.541
1706001,Couto Magalhães,TO,5331,38446.51,55.157,69.08,53.624,42.767,71.041,65.798,78.34,61.141,67.292,42.668,57.343,47.195,31.488,42.028,80.011,17.541
3300456,Belford Roxo,RJ,483087,18432.16,57.778,71.105,67.142,35.086,59.072,84.589,77.665,63.096,64.434,66.112,62.811,75.211,25.362,54.031,43.42,17.532
1703909,Caseara,TO,4847,80944.15,53.525,70.573,61.8,28.201,70.608,69.121,80.293,62.27,72.01,64.317,66.101,44.772,16.15,20.399,58.723,17.532
5204706,Campinorte,GO,12510,26814.07,61.565,78.401,67.857,38.436,78.896,68.296,92.866,73.547,81.203,67.072,63.402,59.75,29.123,34.677,72.446,17.498
2607703,Itapetim,PE,13791,10216.38,57.648,71.779,61.136,40.03,72.192,66.42,92.138,56.365,72.79,51,51.087,69.669,39.287,40.491,62.849,17.493
3543006,Ribeirão Branco,SP,18627,32203.05,56.171,76.791,64.254,27.469,68.404,71.987,95.534,71.241,80.493,58.475,45.452,72.594,23.873,44.301,24.212,17.49
5107701,Rosário Oeste,MT,15453,34878.6,55.264,65.774,56.437,43.583,66.75,68.297,87.305,40.743,67.623,50.068,56.296,51.76,26.981,52.933,76.93,17.488
1506104,Primavera,PA,10851,29865.87,55.02,64.161,57.183,43.716,72.978,49.201,67.311,67.153,57.755,61.089,62.755,47.134,51.753,26.668,78.959,17.484
1506500,Santa Izabel do Pará,PA,73019,12900.14,54.682,64.612,60.513,38.922,69.231,69.627,75.894,43.696,57.696,61.493,61.947,60.916,25.89,32.099,80.232,17.467
1706506,Darcinópolis,TO,5827,41822.22,49.411,61.785,58.478,27.97,79.963,62.269,79.793,25.113,67.792,53.914,58.54,53.667,13.461,20.623,60.34,17.455
2904753,Buritirama,BA,19589,7969.8,50.139,59.101,54.931,36.383,60.78,46.775,68.704,60.146,66.323,30.358,57.489,65.555,18.621,28.587,80.876,17.451
2804706,Nossa Senhora de Lourdes,SE,6268,14650.69,57.843,70.071,64.691,38.767,70.928,68.171,92.426,48.759,71.63,69.855,48.805,68.472,21.524,35.378,80.719,17.446
2923803,Paripiranga,BA,26604,17213.72,57.365,69.847,60.259,41.989,79.17,55.494,87.566,57.158,60.713,49.299,63.002,68.023,26.235,38.643,85.639,17.437
2913101,Ibititá,BA,16969,9229.6,59.391,75.29,61.301,41.581,71.905,75.165,88.294,65.797,60.212,59.195,59.74,66.058,23.279,33.151,92.46,17.432
1501576,Bom Jesus do Tocantins,PA,18005,13644.17,48.657,55.73,52.354,37.888,59.596,45.464,74.903,42.958,54.017,46.904,61.599,46.895,40.892,23.885,69.35,17.426
2205581,Lagoa do Piauí,PI,4810,15835.13,58.073,72.135,60.643,41.44,67.114,79.966,70.531,70.931,53.491,59.932,60.838,68.313,25.865,36.611,85.859,17.424
4127502,Tibagi,PR,19961,72673.31,54.92,66.898,60.01,37.851,72.252,76.697,91.031,27.614,69.827,60.195,49.074,60.944,29.025,47.11,57.849,17.42
2605806,Frei Miguelinho,PE,13636,9709.63,56.999,66.598,64.372,40.027,76.896,39.272,88.421,61.804,69.525,60.562,58.05,69.35,19.496,39.107,84.092,17.413
2602704,Buenos Aires,PE,12808,10471.89,57.73,67.225,65.681,40.284,68.734,59.402,91.889,48.876,76.911,58.902,60.251,66.663,28.06,33.345,82.329,17.399
2401909,Caiçara do Rio do Vento,RN,3268,18634.74,50.369,71.821,57.794,21.493,82.361,76.132,93.214,35.579,49.045,63.67,44.837,73.624,21.028,5.932,41.612,17.399
3108701,Brás Pires,MG,4260,11830.34,56.024,67.043,61.089,39.941,55.253,64.942,91.076,56.903,78.398,61.442,40.331,64.185,40.317,47.176,54.883,17.387
3148509,Pavão,MG,8047,11651.23,53.022,75.267,59.419,24.38,63.831,73.122,91.437,72.679,68.582,39.558,61.506,68.031,33.163,37.71,9.277,17.368
1720002,Santa Terezinha do Tocantins,TO,2406,17554.9,58.206,74.547,60.941,39.131,64.507,69.921,83.05,80.71,71.655,54.896,59.511,57.701,23.226,32.446,83.485,17.367
1502939,Dom Eliseu,PA,58484,16200.63,54.795,71.06,53.597,39.728,66.316,71.249,85.852,60.823,51.423,55.449,60.215,47.301,36.241,36.81,68.517,17.346
2501609,Barra de Santa Rosa,PB,12904,11775.12,57.39,69.497,60.759,41.914,71.663,54.054,85.759,66.511,65.001,55.712,56.936,65.385,40.647,34.339,75.327,17.345
3151909,Pocrane,MG,8350,14683.54,58.785,68.061,66.353,41.941,60.526,74.496,86.783,50.439,76.938,61.047,60.48,66.947,32.008,48.15,70.282,17.323
2925907,Quijingue,BA,25272,9079.65,55.138,68.393,54.886,42.135,66.016,58.213,84.571,64.772,56.038,42.558,60.312,60.637,34.616,34.244,82.381,17.3
2602001,Bodocó,PE,34478,9261.68,53.049,66.893,58.917,33.336,74.411,42.903,81.258,69.002,69.641,46.703,57.962,61.362,44.497,33.377,38.174,17.296
1300029,Alvarães,AM,15866,13798.03,45.671,62.694,48.64,25.678,75.441,21.821,84.708,68.806,49.185,22.832,67.978,54.565,30.106,19.822,35.504,17.28
2107209,Nina Rodrigues,MA,14176,6291.29,52.185,51.958,59.755,44.842,56.031,34.299,48.99,68.512,71.184,37.321,65.653,64.865,51.188,26.957,83.959,17.265
3157336,Santa Cruz de Minas,MG,8109,12859.13,61.075,83.764,65.739,33.724,73.638,90.568,97.269,73.58,61.954,75.77,53.625,71.605,31.239,37.343,49.059,17.254
2310506,Pedra Branca,CE,40187,9773.32,56.634,64.649,64.094,41.16,69.479,53.374,90.784,44.96,85.994,48.308,56.942,65.13,36.117,41.146,70.148,17.231
3103702,Araponga,MG,8048,15306.75,53.387,65.749,61.825,32.587,65.689,58.591,84.296,54.422,71.889,45.433,65.629,64.348,27.715,40.544,44.86,17.229
1506112,Quatipuru,PA,11524,10566.16,54.45,65.869,55.91,41.573,77.34,55.481,72.954,57.7,43.588,61.519,55.692,62.84,49.892,26.455,72.717,17.227
2514909,São Mamede,PB,7470,11089.47,60.457,73.031,63.718,44.622,71.684,82.59,95.729,42.122,77.24,59.618,53.346,64.669,29.086,38.846,93.346,17.209
2930402,Serra Preta,BA,17996,7731.91,54.084,64.227,59.75,38.274,72.488,45.202,83.482,55.736,59.799,51.929,60.337,66.935,18.493,39.555,77.861,17.189
3119500,Coronel Murta,MG,8200,14724.39,60.103,78.093,61.341,40.873,73.583,78.223,88.661,71.905,72.645,48.642,60.432,63.645,26.07,36.213,84.036,17.175
2102036,Bom Jesus das Selvas,MA,28599,13233.99,51.439,65.175,52.126,37.016,63.223,73.21,71.458,52.807,63.999,47.073,56.585,40.847,33.979,26.204,70.72,17.161
3143153,Monte Formoso,MG,4381,10129.33,54.948,64.41,61.24,39.194,71.995,50.397,74.683,60.565,72.136,47.12,57.249,68.456,24.613,28.102,86.937,17.124
3153905,Raposos,MG,16279,11985.56,65.53,83.215,68.403,44.971,70.189,83.791,92.424,86.457,70.519,65.24,67.875,69.977,38.708,44.818,79.25,17.11
3106101,Belmiro Braga,MG,3244,19118.52,59.662,75.498,63.235,40.253,72.048,52.749,92.369,84.824,65.905,62.295,60.251,64.491,31.051,45.062,67.794,17.105
1713304,Miranorte,TO,12701,30956.17,57.007,64.207,61.744,45.071,74.159,72.109,89.943,20.616,69.93,63.677,57.421,55.947,55.863,30.381,76.967,17.072
2911303,Gentio do Ouro,BA,10884,12351.46,52.011,61.426,55.183,39.425,71.239,53.836,72.898,47.73,63.773,31.234,59.924,65.801,38.37,33.825,68.433,17.07
3122454,Divisópolis,MG,10213,9192.44,63.249,80.075,64.511,45.16,81.926,71.042,91.226,76.105,72.675,43.563,72.613,69.194,53.07,29.052,81.451,17.066
1505494,Palestina do Pará,PA,6885,14450.26,51.889,70.605,48.755,36.307,61.069,83.068,79.824,58.459,43.351,48.15,57.383,46.136,17.333,28.929,81.906,17.059
1708304,Goianorte,TO,4738,41138.57,47.418,58.449,52.389,31.417,66.644,44.763,75.519,46.87,65.44,46.598,46.916,50.602,24.99,25.909,57.739,17.031
1302405,Lábrea,AM,45448,13856.78,47.86,66.426,47.107,30.045,73.537,48.592,82.759,60.818,56.113,44.702,64.618,22.998,28.767,17.93,56.489,16.996
5207907,Flores de Goiás,GO,13744,18391.14,53.775,66.579,56.745,38,78.58,35.438,77.605,74.693,71.802,38.795,63.684,52.699,29.074,30.272,75.66,16.995
1505486,Pacajá,PA,41097,21265.26,40.697,46.495,43.078,32.517,72.266,27.801,63.915,22.001,51.431,44.693,57.491,18.697,32.427,28.875,51.779,16.989
1300300,Autazes,AM,41564,12271.13,47.843,54.419,52.303,36.806,71.563,22.224,65.396,58.494,55.743,44.494,63.419,45.555,49.282,17.788,63.168,16.986
2605905,Gameleira,PE,18214,15167.46,54.12,63.461,61.093,37.806,68.425,64.271,86.627,34.522,69.548,61.29,43.326,70.207,34.995,24.633,74.632,16.963
2906824,Canudos,BA,16105,9578.95,54.72,68.041,56.365,39.754,68.945,57.877,85.661,59.68,56.021,47.287,53.71,68.442,30.86,38.433,72.772,16.953
3166204,Senhora dos Remédios,MG,10384,11230.17,58.417,77.352,68.852,29.046,68.087,73.008,90.396,77.915,79.842,66.026,61.732,67.808,20.027,42.746,36.47,16.94
2308906,Morrinhos,CE,22753,8553.35,57.381,71.73,66.388,34.024,84.584,49.963,87.121,65.25,79.21,60.385,57.779,68.176,26.823,33.376,58.968,16.93
2605202,Escada,PE,59891,21972.72,56.943,60.757,66.488,43.585,66.928,64.238,84.965,26.897,75.224,66.308,53.762,70.657,29.695,44.986,82.754,16.904
2502607,Igaracy,PB,5648,10838.82,57.585,72.024,60.192,40.538,71.568,69.124,91.552,55.853,68.939,56.132,48.17,67.526,25.951,35.068,84.234,16.901
2905107,Caém,BA,10384,8952.98,51.779,60.548,55.545,39.245,55.19,64.416,83.389,39.197,62.589,49.621,50.385,59.585,43.152,26.134,70.805,16.889
4209201,Lacerdópolis,SC,2248,61724.91,59.849,74.69,66.268,38.588,72.745,71.583,87.864,66.569,73.768,68.579,59.816,62.908,24.752,66.221,46.494,16.886
2602209,Bom Jardim,PE,37629,9823.99,56.941,66.73,63.555,40.539,71.61,50.857,83.845,60.606,77.178,55.582,55.23,66.228,33.48,39.772,72.035,16.867
5104906,Jangada,MT,7426,25607.75,58.341,70.638,60.466,43.918,74.871,45.459,88.71,73.514,67.857,52.269,64.484,57.254,34.594,33.201,91.046,16.829
2401859,Caiçara do Norte,RN,6293,17955.97,55.751,75.758,51.468,40.027,83.19,56.672,93.466,69.704,54.98,37.132,48.812,64.947,32.736,37.39,73.154,16.828
3117405,Conceição de Ipanema,MG,4409,18509.28,57.703,74.715,65.633,32.762,76.696,80.012,88.589,53.561,77.646,50.379,68.465,66.042,17.823,37.475,58.947,16.804
3124104,Esmeraldas,MG,85598,11451.3,58.572,71.59,68.505,35.622,65.129,69.46,85.982,65.789,71.251,69.349,64.802,68.618,21.733,42.742,61.215,16.797
3131109,Inimutaba,MG,7371,12399.86,57.795,72.661,64.243,36.479,76.225,68.256,82.946,63.217,64.26,58.139,65.73,68.845,25.422,43.419,60.286,16.79
2208601,Prata do Piauí,PI,3042,9133.91,61.311,76.232,64.54,43.161,61.212,77.378,80.651,85.689,73.636,62.164,53.882,68.476,42.08,23.553,90.238,16.772
2107902,Passagem Franca,MA,17220,11706.21,52.262,64.757,57.327,34.701,55.219,59.349,79.459,65,69.701,39.511,54.547,65.551,18.619,28.962,74.454,16.768
2606606,Ibimirim,PE,26593,12504.38,53.321,69.7,58.971,31.293,76.41,50.872,87.598,63.919,75.22,46.247,51.68,62.737,16.813,34.141,57.455,16.764
3170529,Urucuia,MG,17479,11136.37,56.375,71.227,60.514,37.383,73.878,63.42,85.288,62.323,68.428,40.466,70.146,63.016,31.986,43.809,56.986,16.751
3149150,Pedras de Maria da Cruz,MG,10433,10580.85,56.116,75.378,59.105,33.865,79.037,58.965,88.102,75.409,66.178,51.97,58.891,59.38,27.752,31.226,59.733,16.749
2932408,Uibaí,BA,13432,13190.67,56.968,71.633,58.012,41.258,64.705,75.73,91.553,54.542,55.83,57.193,52.723,66.304,30.019,32.736,85.55,16.727
2507408,Jericó,PB,7516,10226.19,49.13,62.253,61.146,23.992,79.566,61.339,92.347,15.761,63.341,55.493,57.378,68.372,22.787,23.36,33.111,16.709
2923209,Oliveira dos Brejinhos,BA,20715,14195.47,52.149,61.883,53.359,41.205,64.436,48.197,78.154,56.747,57.208,35.771,53.81,66.647,26.885,43.206,78.035,16.694
2604809,Cortês,PE,10198,12001.27,55.953,68.873,59.063,39.923,64.142,78.403,85.698,47.248,77.176,47.435,43.488,68.151,23.989,37.098,81.914,16.692
1507904,Soure,PA,24204,10063.14,59.368,67.239,61.539,49.325,51.311,75.501,77.673,64.473,56.167,62.425,58.039,69.523,47.796,41.306,91.506,16.691
2106375,Maranhãozinho,MA,13761,8852.32,50.263,59.459,56.537,34.793,49.078,35.802,77.396,75.56,61.504,51.412,62.53,50.703,24.491,24.645,73.351,16.682
3112901,Caputira,MG,8936,16204.16,52.44,69.954,63.591,23.773,75.434,52.147,85.342,66.895,68.567,59.624,60.001,66.174,30.324,34.97,13.122,16.677
2406155,Jundiá,RN,3739,11354.82,55.027,69.96,55.414,39.709,79.922,46.896,91.118,61.903,46.451,54.789,56.922,63.494,36.517,30.257,75.39,16.669
2401305,Campo Grande,RN,9730,10907,57.945,70.281,55.189,48.365,76.689,66.239,87.98,50.216,46.529,50.766,58.041,65.421,38.605,43.882,94.303,16.669
2916906,Itiruçu,BA,10999,11056.95,57.804,74.863,61.608,36.943,56.281,83.54,95.22,64.411,65.946,57.21,52.32,70.954,29.621,39.671,61.812,16.667
2111904,Sucupira do Norte,MA,10238,12420.25,54.781,66.419,58.253,39.671,58.648,64.749,74.065,68.215,67.864,42.493,62.807,59.849,48.333,20.774,72.919,16.657
2104651,Governador Newton Bello,MA,10713,7916.14,53.172,63.533,56.006,39.978,56.483,55.051,66.387,76.212,63.985,44.281,66.515,49.244,41.142,13.215,88.903,16.652
2201739,Betânia do Piauí,PI,6220,10131.46,51.888,54.124,57.52,44.02,66.884,41.743,55.47,52.402,62.637,47.424,55.41,64.609,37.502,33.452,88.474,16.651
4110078,Imbaú,PR,14249,19523.9,59.475,73.856,64.955,39.612,66.598,86.619,88.071,54.136,73.024,64.098,53.851,68.848,40.579,27.239,74.006,16.625
3155108,Rio do Prado,MG,4639,11437.27,54.426,71.339,59.612,32.326,56.721,63.545,81.043,84.047,66.238,48.811,60.276,63.124,31.101,34.173,47.406,16.623
2505907,Emas,PB,3011,13929.91,59.724,79.922,61.851,37.397,76.236,73.538,93.75,76.166,61.632,53.648,61.659,70.465,22.757,24.687,85.526,16.619
2908309,Conceição do Almeida,BA,15794,12772.19,51.444,59.93,61.087,33.316,60.167,51.447,83.751,44.356,54.426,63.513,56.795,69.614,34.827,32.059,49.775,16.605
2926707,Rio de Contas,BA,13184,11913.86,59.189,72.53,58.086,46.951,65.256,55.045,86.231,83.588,75.308,24.128,67.71,65.197,35.976,56.466,78.766,16.595
2924678,Piraí do Norte,BA,10974,10740.86,53.27,65.194,56.524,38.092,71.006,47.193,78.432,64.145,52.372,37.001,73.4,63.322,26.074,28.582,81.115,16.594
4212650,Pescaria Brava,SC,10190,11805.77,59.202,70.019,66.406,41.182,69.88,45.57,78.073,86.553,76.53,60.889,62.06,66.143,33.042,37.494,77.612,16.582
1301001,Carauari,AM,28742,12990.15,50.362,66.696,60.525,23.866,68.111,53.638,88.211,56.822,69.863,41.156,63.273,67.809,12.456,22.265,44.184,16.557
2508109,Lagoa,PB,4415,11688.79,59.502,73.081,61.99,43.434,84.836,56.683,88.345,62.463,57.25,54.657,68.134,67.919,32.302,31.123,93.755,16.554
1704105,Centenário,TO,2131,30515.38,45.866,53.292,53.391,30.914,72.132,58.906,67.469,14.661,70.339,55.576,50.568,37.08,43.166,29.075,34.873,16.543
5103379,Cotriguaçu,MT,11011,29893.33,45.001,55.345,46.131,33.527,76.417,22.668,84.74,37.555,64.308,34.827,64.583,20.806,18.286,40.763,58.536,16.523
4101200,Antonina,PR,18091,39026.96,57.463,72.484,67.173,32.73,68.181,73.934,86.6,61.221,74.204,67.326,51.905,75.259,24.634,40.205,49.564,16.518
2100204,Alcântara,MA,18467,8116.27,52.686,56.367,60.195,41.496,59.636,30.884,60.376,74.573,67.867,42.808,65.323,64.781,31.358,40.923,77.223,16.479
3100500,Açucena,MG,8943,18677.68,53.307,67.015,61.109,31.798,66.269,54.084,86.91,60.798,70.35,51.227,64.624,58.236,19.216,40.473,51.032,16.472
2401206,Arês,RN,13251,29390.72,54.82,73.603,55.589,35.269,62.749,77.645,92.216,61.803,49.762,56.446,48.787,67.36,27.27,28.158,69.19,16.457
2507200,Itatuba,PB,10499,14891.81,57.598,70.371,57.996,44.426,79.913,54.954,86.202,60.414,63.028,50.444,56.587,61.928,31.838,42.427,86.987,16.453
4215604,Santa Rosa de Lima,SC,2088,35131.52,58.866,72.281,63.111,41.206,69.887,43.741,91.825,83.673,78.839,64.565,48.192,60.849,33.964,36.906,77.507,16.449
2300150,Acarape,CE,14027,12925.64,56.494,71.286,63.724,34.472,70.801,58.746,87.116,68.482,76.14,58.84,49.358,70.557,36.044,33.042,52.36,16.444
2918803,Laje,BA,21052,13990.91,52.374,60.199,57.797,39.126,65.29,45.988,83.851,45.668,61.059,47.904,54.274,67.95,26.073,32.078,81.915,16.436
2406304,Lagoa de Pedras,RN,7338,11171.45,53.33,67.758,56.246,35.986,72.943,51.924,88.299,57.865,60.222,52.996,53.52,58.248,22.332,23.222,81.958,16.432
2913002,Ibitiara,BA,14637,7825.04,52.061,60.501,53.671,42.012,58.328,39.749,77.923,66.005,73.375,24.573,53.693,63.042,28.167,42.726,80.737,16.418
2932002,Uauá,BA,24665,9600.16,52.694,64.736,55.753,37.594,73.847,48.304,86.749,50.042,59.135,45.236,53.388,65.253,43.184,36.817,53.959,16.415
2503407,Cacimba de Areia,PB,3291,11969.45,60.924,69.958,65.681,47.132,81.02,53.428,89.608,55.777,74.246,54.777,67.189,66.511,38.392,38.068,95.664,16.405
2201309,Barreiras do Piauí,PI,3264,50356.36,52.874,64.934,54.478,39.21,70.806,64.051,63.136,61.742,54.226,51.169,69.284,43.234,26.598,28.974,84.866,16.403
3171709,Virgínia,MG,8908,20404.5,55.833,71.896,65.093,30.512,53.364,62.62,89.434,82.165,79.516,54.121,57.392,69.342,18.261,46.666,40.723,16.397
2919959,Maetinga,BA,6973,7240.34,55.982,70.084,57.158,40.703,56.378,69.828,84.084,70.047,65.317,40.546,58.096,64.673,25.085,40.673,80.668,16.386
1200302,Feijó,AC,35426,16123.17,43.114,49.072,49.702,30.569,64.325,20.022,70.302,41.64,62.748,48.394,61.329,26.337,16.116,20.114,69.661,16.383
2512408,Puxinanã,PB,14277,9724.96,58.327,69.835,63.797,41.349,79.322,47.165,90.626,62.227,69.501,58.357,60.554,66.777,23.365,31.342,94.316,16.374
5203575,Bonópolis,GO,3299,47824.61,51.52,61.464,57.055,36.04,72.065,47.079,88.87,37.844,72.837,51.031,55.041,49.312,35.191,27.385,65.221,16.363
2906105,Canápolis,BA,10225,8369.7,56.866,75.01,59.126,36.463,74.066,59.466,82.248,84.259,60.245,44.657,64.728,66.875,16.97,29.391,83.142,16.349
1501600,Bonito,PA,12622,16494.28,54.428,70.527,53.118,39.641,66.278,81.92,65.664,68.245,47.692,51.803,59.167,53.808,40.375,25.248,76.629,16.311
2933208,Vera Cruz,BA,42529,14275.79,50.919,57.77,60.722,34.264,68.907,75.516,81.362,5.295,51.75,69.123,55.259,66.755,29.5,40.227,51.02,16.309
2600609,Alagoinha,PE,13542,10781.5,54.084,65.822,63.774,32.657,74.609,48.289,89.501,50.891,67.305,58.1,61.261,68.429,29.271,38.077,47.001,16.28
1701903,Araguacema,TO,5927,40830.07,52.408,68.102,57.501,31.622,68.433,65.638,77.011,61.326,69.346,49.066,70.787,40.807,19.873,34.219,56.139,16.256
2703403,Jacaré dos Homens,AL,5083,14850.89,54.048,65.712,58.088,38.343,74.642,61.197,88.51,38.5,67.257,52.634,46.572,65.888,23.749,41.509,71.87,16.242
1504406,Marapanim,PA,26573,9994.42,49.985,57.536,55.595,36.822,70.733,54.855,67.86,36.696,45.801,57.916,60.65,58.014,24.256,30.745,76.048,16.241
1711100,Itaporã do Tocantins,TO,2404,29322.32,55.718,75.784,59.15,32.22,74.503,58.761,85.91,83.96,75.136,51.733,66.139,43.59,21.268,39.008,52.368,16.237
1506401,Santa Cruz do Arari,PA,7445,12994.51,53.212,67.959,60.238,31.439,58.603,68.176,86.176,58.883,52.481,58.876,64.454,65.14,16.574,17.637,75.314,16.232
2931400,Teodoro Sampaio,BA,7110,25126.54,51.289,58.698,55.646,39.522,70.523,69.644,88.467,6.159,49.227,51.805,54.514,67.039,51.958,28.903,61.005,16.223
4302006,Barros Cassal,RS,9296,26494.94,47.115,60.835,54.416,26.094,69.281,43.478,77.862,52.719,64.539,53.106,34.133,65.887,17.76,30.447,39.953,16.215
2923704,Paratinga,BA,29252,8973.59,50.119,64.763,57.384,28.211,60.921,61.742,74.424,61.965,56.17,42.68,58.35,72.335,14.531,33.531,48.577,16.207
2912400,Ibipeba,BA,16603,10786.66,56.795,69.846,58.697,41.842,56.646,68.097,86.524,68.118,64.999,49.321,53.155,67.313,39.848,32.215,79.104,16.201
2906899,Caraíbas,BA,9940,8735.54,54.439,66.231,57.197,39.891,72.365,33.943,83.36,75.255,64.304,38.037,64.051,62.394,27.202,30.89,85.27,16.2
2919603,Macajuba,BA,10454,8748.02,55.5,73.103,59.032,34.365,69.871,63.42,86.187,72.933,53.995,60.055,57.713,64.364,25.877,27.875,67.517,16.192
2302909,Capistrano,CE,17254,10322.23,52.974,54.673,63.235,41.016,76.327,36.961,77.961,27.442,72.075,56.424,55.569,68.871,32.335,41.793,73.754,16.181
2301802,Baixio,CE,5704,11927.43,59.52,74.615,61.708,42.237,70.374,56.079,85.453,86.553,73.45,59.615,51.383,62.386,48.234,35.609,68.93,16.177
2107605,Palmeirândia,MA,21059,6655.14,48.275,52.571,57.803,34.452,57.512,39.156,60.647,52.971,68.299,45.518,58.213,59.18,21.234,18.213,82.187,16.175
3119203,Coroaci,MG,10884,11623.47,57.103,72.437,62.536,36.336,68.489,58.601,87.847,74.81,72.74,47.847,63.548,66.01,23.355,43.247,62.572,16.168
3133907,Itaverava,MG,5642,12740.86,57.095,70.275,66.135,34.874,63.104,45.34,86.968,85.689,77.389,60.73,62.513,63.906,25.931,37.989,59.414,16.162
2924306,Piatã,BA,20086,12175.41,57.802,70.391,61.355,41.661,65.746,57.603,88.89,69.323,70.639,44.314,61.717,68.751,36.492,32.989,81.004,16.161
2902203,Aramari,BA,9833,10630.38,56.887,69.003,60.325,41.331,74.574,58.234,80.707,62.498,63.384,53.827,57.792,66.299,24.462,38.941,85.77,16.151
2919009,Lajedinho,BA,3527,17388.85,52.411,68.179,50.296,38.76,64.236,59.558,87.129,61.791,52.824,32.619,58.985,56.755,19.136,33.887,85.868,16.146
2900801,Alcobaça,BA,24530,14268.84,45.86,52.3,53.769,31.511,61.584,59.347,77.759,10.509,48.404,51.538,52.118,63.016,6.129,25.303,78.48,16.133
2515906,Serraria,PB,4885,13957.86,57.084,74.393,57.415,39.445,70.287,67.116,90.763,69.406,55.943,60.045,51.598,62.073,28.041,30.843,82.795,16.102
2410504,Rafael Fernandes,RN,5432,9878.48,56.577,66.813,59.941,42.976,80.868,37.662,94.596,54.127,55.261,63.201,57.789,63.513,28.724,34.415,92.68,16.087
2910859,Filadélfia,BA,17897,7844.24,54.703,69.975,56.626,37.507,74.339,65.879,88.916,50.767,57.732,58.871,54.576,55.324,35.849,30.826,67.279,16.074
5204557,Caldazinha,GO,4507,18916.32,52.864,58.89,65.613,34.09,83.82,56.455,90.299,4.985,70.378,65.102,59.332,67.641,17.405,37.834,65.08,16.042
3169505,Tumiritinga,MG,5886,14189.65,57.379,69.595,62.551,39.991,77.461,69.671,91.139,40.109,74.913,60.936,48.77,65.587,54.094,39.823,50.005,16.041
2513000,Salgadinho,PB,3355,10041.17,56.82,67.834,62.181,40.444,70.949,38.121,90.256,72.012,66.269,52.372,61.187,68.894,28.933,23.3,93.506,16.037
1505650,Placas,PA,18668,17442.83,45.667,58.188,46.593,32.219,68.841,23.078,81.141,59.692,69.219,38.346,65.031,13.777,19.366,24.312,69.172,16.026
1706100,Cristalândia,TO,6371,28031.43,51.987,62.748,59.79,33.421,67.471,67.068,88.783,27.672,66.194,63.619,57.448,51.9,15.172,32.086,70.423,16.003
2924801,Piritiba,BA,17566,10775.12,56.596,75.672,54.898,39.218,74.586,81.668,88.021,58.413,56.074,42.041,57.366,64.112,26.699,44.887,69.29,15.998
1713700,Monte Santo do Tocantins,TO,2396,31532.36,50.276,63.71,55.747,31.37,69.076,63.927,83.117,38.719,71.697,45.213,59.172,46.907,25.213,26.075,58.22,15.973
1300508,Barreirinha,AM,31051,11188.29,49.631,69.136,55.13,24.625,69.397,71.134,69.78,66.233,55.115,39.111,59.987,66.308,18.28,21.808,42.442,15.972
3115706,Central de Minas,MG,6171,14212.71,57.604,72.98,64.279,35.554,65.962,79.154,93.587,53.217,77.367,65.373,48.731,65.645,39.363,32.915,53.975,15.963
1303007,Nhamundá,AM,20136,10355.39,52.6,67.417,60.597,29.785,67.322,70.072,55.814,76.46,70.21,41.665,68.605,61.91,20.588,15.767,66.856,15.931
1707553,Fátima,TO,3467,25887.06,57.817,79.739,60.135,33.577,76.759,79.09,88.69,74.417,74.618,59.419,49.643,56.861,21.73,22.742,73.907,15.931
2911006,Floresta Azul,BA,11059,9249.23,57.183,76.363,57.424,37.762,72.546,73.966,92.227,66.715,58.483,50.83,53.285,67.096,26.06,20.85,88.21,15.928
5214705,Nova América,GO,2337,21066.66,59.67,78.922,57.765,42.323,68.809,71.096,95.168,80.614,79.593,48.137,42.387,60.941,53.98,32.772,66.626,15.914
1720499,São Valério,TO,4422,35702.89,52.208,69.96,55.572,31.092,68.295,55.219,80.341,75.984,77.179,53.102,51.761,40.245,25.449,38.069,44.951,15.897
1708205,Formoso do Araguaia,TO,18881,75438.83,46.522,58.848,52.77,27.949,70.607,56.539,80.777,27.47,70.883,59.696,49.392,31.109,18.984,23.228,53.691,15.893
3148301,Paula Cândido,MG,8659,15915.67,57.236,74.109,64.203,33.396,70.942,64.101,92.021,69.372,73.218,57.212,57.208,69.175,31.911,49.237,36.58,15.857
2921807,Mortugaba,BA,11143,9656.09,60.368,71.042,63.156,46.905,70.101,53.512,86.525,74.029,67.795,49.392,70.865,64.571,39.682,46.401,85.705,15.832
2906907,Caravelas,BA,20580,17516.74,53.574,62.484,58.386,39.853,60.796,68.07,83.107,37.962,60.937,48.887,61.923,61.798,29.7,34.59,79.295,15.826
1506203,Salinópolis,PA,44772,14441.77,57.397,67.515,63.829,40.846,68.128,65.349,76.739,59.845,61.024,73.341,60.421,60.528,35.017,35.46,77.085,15.82
2106672,Milagres do Maranhão,MA,8818,7351.42,51.536,60.956,55.601,38.05,63.159,49.037,56.728,74.899,61.5,35.132,65.424,60.346,32.666,17.685,86.036,15.814
4110508,Ipiranga,PR,14142,43820.61,51.378,70.744,62.006,21.383,71.666,56.42,87.871,67.018,77.882,53.433,53.902,62.807,28.886,37.393,3.463,15.791
2704609,Maravilha,AL,9534,9586.99,56.136,66.554,59.543,42.311,77.332,41.61,87.77,59.503,70.904,51.188,49.578,66.5,46.276,28.041,79.141,15.785
2918605,Jussiape,BA,7379,9383.22,58.894,69.846,60.561,46.274,68.377,61.96,90.256,58.789,73.493,44.67,55.799,68.283,23.3,48.724,97.295,15.777
3101003,Águas Vermelhas,MG,14037,16982.01,55.264,74.741,59.767,31.283,63.332,79.662,88.709,67.261,70.519,47.646,65.311,55.59,33.149,28.447,47.797,15.741
1508209,Vigia,PA,50832,9448.13,50.507,57.436,59.424,34.66,66.648,37.394,79.505,46.198,61.645,58.249,61.862,55.938,13.271,31.992,77.681,15.696
2919108,Lamarão,BA,9015,7265.97,56.148,69.41,60.917,38.119,73.809,58.422,75.68,69.728,61.417,53.477,62.304,66.468,26.382,28.99,81.409,15.694
2702553,Estrela de Alagoas,AL,15429,10075.55,53.658,63.955,59.007,38.012,71.354,32.077,86.693,65.695,71.641,47.243,51.273,65.869,29.217,32.299,74.851,15.68
2306009,Iracema,CE,14001,14049.54,52.921,68.057,63.757,26.948,72.908,66.23,93.66,39.431,81.666,57.608,48.878,66.877,18.564,31.848,41.705,15.674
2929404,São Miguel das Matas,BA,10334,17207.73,53.351,55.943,61.121,42.989,57.345,43.14,86.216,37.07,62.311,52.839,64.667,64.666,26.073,40.078,90.135,15.671
5221080,Teresina de Goiás,GO,2701,14590,55.811,68.304,61.73,37.399,71.165,53.031,70.849,78.17,68.423,52.617,67.3,58.58,30.591,34.889,68.447,15.67
2604205,Catende,PE,32156,11294.88,56.761,65.501,63.104,41.677,69.634,77.011,92.354,23.005,72.055,60.606,50.937,68.82,46.085,33.79,71.181,15.654
3165503,Sardoá,MG,5104,13578.42,54.825,62.771,66.532,35.172,65.532,52.886,89.299,43.368,74.68,63.245,59.494,68.711,31.941,38.874,54.254,15.619
2705002,Mata Grande,AL,21844,16351.52,48.965,59.309,59.121,28.466,74.876,29.705,77.491,55.162,66.623,45.86,52.616,71.383,38.059,31.261,28.932,15.613
1302801,Maraã,AM,15529,11430.45,46.894,64.342,49.665,26.674,73.039,51.296,74.352,58.682,44.728,25.554,66.685,61.695,24.978,20.939,45.171,15.608
2805604,Porto da Folha,SE,26576,13893.32,57.306,67.278,61.275,43.366,69.421,74.444,86.29,38.957,62.67,56.8,62.844,62.787,36.507,32.615,88.737,15.605
2111508,São Mateus do Maranhão,MA,38829,11136.65,53.781,60.573,61.985,38.786,71.451,32.889,80.776,57.174,67.629,57.03,57.265,66.016,46.043,32.67,60.847,15.586
5211008,Itapirapuã,GO,8007,27961.98,53.678,59.103,60.101,41.831,52.499,82.715,89.838,11.36,74.154,53.346,57.558,55.344,27.369,36.475,87.898,15.581
1506609,Santa Maria do Pará,PA,24624,15202.85,53.373,62.125,57.149,40.846,57.916,55.974,76.575,58.036,51.586,62.711,59.335,54.963,32,31.179,84.661,15.545
4122107,Rio Bom,PR,3197,32885.49,60.03,82.914,64.616,32.561,83.444,77.137,89.562,81.514,81.821,58.953,53.958,63.731,20.263,34.814,59.625,15.541
5200209,Água Limpa,GO,1858,34614.15,54.025,67.699,57.15,37.226,75.651,69.601,92.112,33.433,75.246,61.176,35.907,56.27,37.447,18.684,77.235,15.538
2913705,Inhambupe,BA,33790,18655.44,51.043,64.33,56.233,32.566,72.367,60.997,86.96,36.997,50.399,54.487,54.778,65.27,19.302,35.231,60.202,15.53
2933158,Várzea Nova,BA,13377,17462.88,51.816,62.597,54.046,38.807,70.909,71.159,88.516,19.802,55.248,51.701,40.181,69.052,31.357,31.808,76.541,15.521
2413904,Taipu,RN,11422,13686.92,50.2,63.926,52.855,33.819,76.624,50.846,86.804,41.43,47.418,52.499,55.357,56.145,22.044,32.909,64.807,15.516
2933174,Varzedo,BA,9913,13745.03,56.623,70.199,59.849,39.819,66.307,58.673,85.302,70.514,66.709,53.482,50.329,68.877,14.827,44.526,84.469,15.455
2911907,Iaçu,BA,24607,9707.86,52.287,64.612,55.727,36.523,56.832,68.374,89.719,43.524,57.471,51.971,48.249,65.218,17.697,34.675,78.268,15.452
2606903,Iguaracy,PE,11081,10214.72,56.04,71.455,62.757,33.909,75.441,58.686,88.344,63.349,79.781,48.676,55.787,66.783,30.719,40.884,48.582,15.45
2409902,Pendências,RN,12278,62145.6,56.703,71.253,58.697,40.16,73.765,55.024,94.507,61.717,58.702,60.837,48.39,66.857,26.722,35.043,83.473,15.399
3127503,Gonzaga,MG,5230,13284.23,56.077,68.764,62.5,36.967,56.816,71.199,90.38,56.663,70.018,58.491,54.111,67.381,21.83,50.391,60.265,15.381
1720200,São Miguel do Tocantins,TO,13241,19460.87,53.905,71.105,58.172,32.437,70.893,78.223,82.271,53.033,66.13,41.036,65.635,59.885,25.393,29.918,59.064,15.373
2200103,Agricolândia,PI,4940,9641.33,57.794,70.615,61.332,41.435,58.483,80.819,83.414,59.742,73.356,61.004,43.859,67.109,37.168,38.506,74.696,15.369
1504455,Medicilândia,PA,27094,38069.2,47.727,56.11,51.022,36.048,70.063,39.854,77.765,36.758,53.562,44.563,65.805,40.159,31.303,22.424,75.099,15.366
2709301,União dos Palmares,AL,59280,24061.54,54.945,70.709,62.939,31.186,65.578,76.785,93.184,47.29,75.026,59.202,44.55,72.98,27.626,35.249,46.518,15.35
3104700,Ataléia,MG,13736,14594.41,54.86,71.312,60.449,32.82,54.952,63.588,91.15,75.555,68.033,48.771,60.13,64.86,29.793,35.577,50.566,15.344
1714302,Nazaré,TO,4521,12953.64,56.431,71.699,62.692,34.903,55.38,75.6,78.773,77.042,74.68,49.392,65.58,61.116,23.226,34.685,66.401,15.302
2607505,Itaíba,PE,32650,8743.7,57.486,71.849,58.982,41.627,70.579,57.043,89.423,70.353,72.06,46.181,56.334,61.351,42.101,31.229,77.903,15.277
2414803,Vera Cruz,RN,10735,12524.02,58.138,74.396,57.812,42.206,78.488,71.521,87.945,59.631,49.742,69.825,52.99,58.689,34.026,37.875,81.653,15.27
2308401,Missão Velha,CE,36822,14113.94,54.913,67.573,63.794,33.372,70.78,54.968,85.818,58.726,72.264,59.447,57.818,65.645,37.808,33.797,46.624,15.26
1707652,Figueirópolis,TO,5211,49630.84,58.972,79.357,61.221,36.34,77.063,80.472,91.585,68.306,69.488,62.632,60.492,52.273,24.507,38.99,66.655,15.206
2901205,Anagé,BA,25438,8904.73,54.431,64.146,58.635,40.512,71.499,30.868,80.424,73.791,57.847,44.157,67.586,64.949,30.925,34.474,81.442,15.206
2920304,Malhada de Pedras,BA,8670,9368.82,57.938,72.414,57.818,43.583,77.29,40.541,87.864,83.96,65.334,37.374,60.373,68.192,26.142,41.98,91.006,15.203
1300805,Borba,AM,33080,12245.06,47.144,62.264,52.102,27.067,61.431,70.74,68.11,48.774,57.974,37.6,60.004,52.83,39.624,21.945,31.516,15.181
4315453,Relvado,RS,1796,46375.62,64.453,83.659,65.723,43.976,67.225,86.191,94.667,86.553,81.07,60.437,62.238,59.146,45.916,49.402,65.419,15.169
1502301,Capitão Poço,PA,56506,10977.03,55.708,61.354,55.199,50.572,63.165,48.231,73.82,60.2,53.731,52.918,60.605,53.542,74.755,30.342,82.049,15.142
2605608,Flores,PE,20347,9549.82,57.994,69.012,60.169,44.802,75.052,53.104,90.07,57.82,74.519,45.834,51.347,68.977,57.559,35.861,70.655,15.131
2925600,Presidente Dutra,BA,15130,8799.86,59.551,76.625,60.169,41.858,72.27,77.189,95.487,61.554,55.523,64.016,54.139,66.999,32.585,32.322,87.4,15.123
3134707,Jacinto,MG,11042,12003.67,53.821,75.291,55.736,30.437,63.809,82.61,93.176,61.57,62.868,43.1,56.394,60.58,16.048,30.852,59.732,15.115
2100873,Araguanã,MA,11181,9167.05,48.489,56.598,54.583,34.287,73.656,32.684,62.909,57.145,59.651,41.828,63.459,53.395,21.725,22.25,78.058,15.113
1505601,Peixe-Boi,PA,8285,8793.6,50.231,61.558,54.313,34.821,73.727,52.707,69.683,50.114,56.093,50.992,54.851,55.315,29.191,22.733,72.273,15.088
2901700,Antônio Cardoso,BA,11146,11225.98,55.481,64.439,58.386,43.619,68.678,44.53,79.593,64.956,59.555,46.631,55.792,71.566,38.638,39.61,81.153,15.074
2906808,Cansanção,BA,37439,9492.15,55.104,71.506,53.141,40.664,68.409,69.553,87.054,61.007,48.094,44.444,53.706,66.32,65.519,28.208,53.856,15.071
2604403,Chã de Alegria,PE,12984,13092.26,56.315,66.624,64.801,37.52,67.593,61.856,87.966,49.083,75.706,60.806,53.909,68.783,31.166,34.631,69.235,15.049
3118809,Coração de Jesus,MG,25377,10831.98,54.051,67.204,65.479,29.471,68.772,51.416,78.898,69.729,74.916,56.515,63.906,66.579,29.983,39.059,33.802,15.041
3529807,Mineiros do Tietê,SP,11230,20294.63,62.105,82.508,69.693,34.113,68.182,91.182,95.749,74.92,81.701,76.518,51.075,69.476,29.103,47.236,45.094,15.017
3106804,Bias Fortes,MG,3361,12461.03,60.195,79.36,65.269,35.955,72.709,78.386,91.425,74.922,74.379,57.662,59.497,69.538,25.082,38.417,65.367,14.954
1300409,Barcelos,AM,18834,13136.62,50.969,67.858,52.08,32.968,68.938,68.496,78.164,55.835,61.146,24.306,63.78,59.087,37.392,27.108,52.442,14.929
3117836,Cônego Marinho,MG,7237,8835.62,53.932,63.443,62.6,35.754,69.965,36.832,75.704,71.271,75.892,40.574,65.663,68.273,15.78,36.315,76.018,14.901
2802205,Feira Nova,SE,5975,19373.54,57.572,70.529,59.081,43.106,72.58,78.741,86.921,43.872,56.709,62.966,51.86,64.786,29.472,53.495,74.556,14.901
2911105,Formosa do Rio Preto,BA,25899,179235.42,52.599,62.164,53.787,41.846,56.846,58.97,78.942,53.899,62.037,53.692,57.584,41.835,36.667,34.084,81.733,14.899
2102200,Buriti,MA,29685,9433.19,48.32,49.094,57.759,38.106,67.319,18.224,45.241,65.59,63.461,42.055,62.577,62.944,23.173,27.172,87.196,14.884
4306908,Encruzilhada do Sul,RS,23819,45712.83,55.473,67.996,57.079,41.345,60.785,71.612,83.654,55.931,65.071,57.869,48.795,56.581,35.09,35.233,80.185,14.873
1507805,Senador José Porfírio,PA,22576,10988.61,45.334,55.21,46.633,34.158,51.659,55.216,67.503,46.463,44.481,39.788,71.333,30.931,26.257,17.456,78.064,14.857
1709005,Goiatins,TO,12433,18709.06,49.095,59.622,53.729,33.935,66.626,66.99,50.874,53.998,63.601,48.82,61.619,40.876,30.387,20.541,69.99,14.824
2706448,Paripueira,AL,13835,17241.25,55.599,68.39,64.291,34.115,66.777,63.33,84.967,58.486,68.635,64.506,51.139,72.883,16.106,29.961,75.599,14.794
3162450,São João das Missões,MG,13024,7146.39,46.277,56.989,55.279,26.564,62.592,29.084,60.879,75.4,62.349,36.736,62.581,59.451,19.661,31.822,39.983,14.792
2929008,São Félix,BA,11026,15796.23,56.612,64.524,59.73,45.583,65.679,70.506,88.259,33.651,54.409,66.311,51.058,67.142,40.991,48.413,78.137,14.79
1304302,Urucará,AM,18631,11118.96,52.912,69.736,58.093,30.907,69.377,75.518,84.988,49.06,68.186,38.973,58.015,67.197,18.62,24.552,65.725,14.73
1719004,Santa Tereza do Tocantins,TO,2781,17421.47,51.902,64.969,58.4,32.338,69.819,72.89,77.831,39.335,71.063,56.064,53.543,52.931,16.119,23.273,75.237,14.721
1703800,Buriti do Tocantins,TO,10307,15797.13,55.357,75.831,49.421,40.82,70.309,77.499,82.635,72.88,67.842,22.256,57.212,50.376,24.224,34.309,90.028,14.718
1600238,Ferreira Gomes,AP,6666,87399.22,55.119,65.581,59.824,39.951,75.612,34.027,82.741,69.943,58.428,52.538,68.476,59.854,33.683,37.936,73.469,14.717
2904407,Brejolândia,BA,9108,13963.85,51.435,63.88,52.684,37.741,66.436,50.967,84.449,53.669,63.143,29.042,63.006,55.544,20.638,35.226,80.383,14.715
1302702,Manicoré,AM,53914,12822.07,49.3,63.733,45.361,38.805,71.208,45.566,79.939,58.217,56.764,27.538,65.034,32.108,56.73,21.331,62.466,14.695
3100708,Água Comprida,MG,2108,109823.89,59.377,81.403,64.562,32.166,81.176,79.498,97.797,67.143,70.965,65.39,62.429,59.464,31.017,45.05,37.914,14.683
1501006,Aveiro,PA,18290,8369.51,46.762,63.976,45.265,31.045,75.595,42.26,60.931,77.119,51.202,19.549,75.43,34.881,20.84,21.759,66.911,14.672
4308854,Gentil,RS,1744,110113.95,56.552,77.205,55.998,36.454,74.673,91.202,86.159,56.784,64.059,46.912,46.131,66.892,27.346,48.392,55.427,14.651
5107776,Santa Terezinha,MT,7596,39861.15,44.095,59.356,39.259,33.671,58.228,53.015,73.919,52.263,58.381,13.263,64.198,21.192,32.527,17.432,70.1,14.626
2905909,Campo Alegre de Lourdes,BA,30671,9704.54,48.553,57.002,54.086,34.569,63.628,25.484,71.451,67.446,50.563,35.074,66.251,64.457,8.365,36.197,79.191,14.524
2602308,Bonito,PE,37474,14497.44,58.984,72.608,64.867,39.476,69.197,76.373,85.067,59.794,80.897,56.81,53.284,68.479,30.213,32.835,80.337,14.519
2907707,Chorrochó,BA,10579,10044.82,51.617,62.873,57.203,34.775,74.601,58.939,68.516,49.438,61.383,48.126,53.104,66.201,23.002,30.3,71.307,14.492
3541109,Presidente Alves,SP,3804,20477.79,64.104,80.617,68.456,43.239,75.51,92.014,94.055,60.891,82.326,74.785,49.943,66.768,19.397,47.99,91.158,14.411
3109253,Bugre,MG,4041,11854.78,56.412,75.146,64.996,29.093,71.643,50.786,94.196,83.96,79.966,50.57,60.484,68.965,23.846,29.928,48.198,14.399
2904001,Boninal,BA,13622,8725.1,55.738,64.299,58.61,44.304,54.753,41.293,75.746,85.405,66.487,33.647,67.096,67.213,35.335,42.069,85.446,14.366
1503754,Jacareacanga,PA,24042,26217.79,38.917,49.945,39.339,27.468,50.01,36.472,59.783,53.517,43.613,19.81,70.78,23.154,29.875,20.104,45.561,14.331
2509800,Mulungu,PB,8791,11246.33,50.177,58.935,54.75,36.845,77.021,49.968,79.511,29.239,60.467,48.492,49.868,60.174,19.12,35.115,78.821,14.323
1400456,Pacaraima,RR,19305,17171.43,47.799,56.711,54.539,32.147,65.097,42.529,54.889,64.33,57.566,39.499,57.909,63.183,24.246,25.748,64.275,14.317
5101605,Barão de Melgaço,MT,7253,17307.28,58.359,75.233,55.692,44.153,73.277,67.406,86.158,74.089,67.254,45.862,63.713,45.939,44.851,31.473,85.978,14.309
2108108,Paulo Ramos,MA,20341,9615.97,48.56,54.213,54.757,36.709,58.303,18.689,65.304,74.558,59.09,48.648,53.676,57.614,32.247,22.301,77.981,14.308
2907608,Central,BA,16348,9521.23,54.933,65.165,58.751,40.882,57.906,71.875,89.24,41.637,59.629,55.313,56.781,63.283,26.442,30.903,91.907,14.277
2906600,Candiba,BA,13016,10898.59,57.552,68.552,63.005,41.099,72.104,54.632,85.741,61.731,67.201,51.76,64.224,68.835,29.709,36.197,84.222,14.269
3106606,Bertópolis,MG,4451,12173.6,53.339,69.015,61.181,29.82,51.154,71.332,80.44,73.131,73.395,57.226,49.204,64.898,36.64,22.102,46.276,14.263
3517000,Getulina,SP,10232,21263.17,64.115,83.517,64.782,44.046,72.731,89.241,95.222,76.873,77.963,61.863,54.41,64.893,17.602,58.797,85.543,14.244
2923050,Novo Triunfo,BA,10660,9820.89,57.736,74.615,57.874,40.718,68.741,70.241,91.876,67.602,57.208,43.822,67.654,62.81,45.186,25.765,77.683,14.238
2406809,Lajes Pintadas,RN,4787,10856.83,58.239,75.242,58.566,40.911,80.335,69.676,90.65,60.306,58.289,53.294,55.828,66.851,27.289,35.696,86.422,14.236
2931103,Tanquinho,BA,7717,8704.52,52.448,61.565,55.571,40.207,63.601,78.851,88.483,15.325,58.889,53.617,42.648,67.13,45.798,32.089,68.747,14.195
2805406,Poço Redondo,SE,33439,12538.76,56.968,71.514,57.5,41.89,78.676,54.656,86.994,65.729,51.537,53.9,61.879,62.685,40.964,35.823,76.585,14.186
1500859,Anapu,PA,31850,18597.32,42.304,45.612,47.771,33.529,62.105,36.95,75.243,8.152,46.613,52.678,60.624,31.168,20.143,21.612,78.192,14.169
3146750,Palmópolis,MG,6301,10211.12,55.701,70.23,58.723,38.15,63.412,80.56,93.462,43.484,71.046,52.57,46.932,64.345,24.348,35.862,78.291,14.099
3158904,Santana do Manhuaçu,MG,8987,21278.72,52.596,61.416,59.35,37.023,68.478,52.987,89.417,34.784,62.746,47.563,60.517,66.576,39.253,37.588,57.172,14.077
2605301,Exu,PE,31843,10284.53,54.404,64.76,61.169,37.284,73.066,43.136,85.095,57.744,72.068,47.386,60.985,64.238,40.211,29.549,65.329,14.047
2210409,São Miguel do Tapuio,PI,17554,9375.11,52.615,67.527,57.009,33.309,67.687,58.362,81.674,62.385,70.461,40.451,56.285,60.839,41.291,27.523,50.375,14.046
2110500,São Bento,MA,46395,6778.93,53.991,62.88,60.628,38.464,56.092,49.659,69.896,75.874,70.762,49.308,63.844,58.598,24.957,33.276,81.581,14.043
2414100,Tenente Ananias,RN,10262,11149.6,59.569,77.525,57.156,44.026,70.898,69.727,94.122,75.354,50.194,54.327,57.351,66.75,32.857,30.263,99.034,13.95
4103040,Boa Ventura de São Roque,PR,6378,57094.39,54.757,66.163,60.407,37.701,73.599,49.803,67.391,73.859,77.71,50.413,51.685,61.82,28.104,30.257,78.5,13.944
1502905,Curuçá,PA,41262,9027.1,53.296,69.921,58.873,31.095,63.608,84.953,72.894,58.229,53.725,56.083,63.19,62.495,17.956,28.986,63.515,13.924
4313656,Palmares do Sul,RS,12844,57690.2,53.316,58.6,60.34,41.006,58.364,47.858,84.369,43.811,64.568,67.428,52.724,56.64,36.322,46.759,67.061,13.885
1400308,Mucajaí,RR,18095,21924.68,47.866,58.412,54.901,30.285,65.013,65.897,81.753,20.985,64.804,47.465,61.325,46.009,34.565,31.019,41.674,13.881
1702703,Aurora do Tocantins,TO,3342,17724.5,59.178,69.755,62.908,44.871,64.904,73.307,83.985,56.823,73.348,61.252,58.21,58.82,26.074,42.731,96.803,13.877
2928109,Santa Maria da Vitória,BA,38604,15670.42,57.57,67.27,60.919,44.521,63.337,73.286,86.251,46.206,59.56,55.903,61.154,67.059,45.323,38.538,80.389,13.834
3145356,Novo Oriente de Minas,MG,10275,11918.1,55.477,72.246,58.029,36.156,75.328,62.993,83.021,67.644,64.916,39.548,61.38,66.273,40.96,35.426,54.406,13.83
1710508,Itacajá,TO,6819,27514.25,48.078,67.161,51.706,25.366,68.326,67.702,67.41,65.206,75.693,41.082,50.281,39.768,27.472,20.953,39.247,13.794
2924900,Planaltino,BA,8022,9945.55,57.304,69.693,56.961,45.258,55.34,48.536,92.022,82.875,65.815,41.802,55.412,64.814,57.542,28.603,81.116,13.773
4119202,Pinhalão,PR,6566,38581.46,57.289,75.287,64.908,31.672,56.106,72.207,88.012,84.824,77.526,66.396,42.8,72.91,22.861,34.914,55.148,13.766
2109403,Primeira Cruz,MA,13614,6593.1,48.856,53.685,57.113,35.769,55.347,31.351,44.36,83.682,59.252,35.224,68.677,65.3,19.733,23.329,86.254,13.76
2901601,Antas,BA,14206,11401.65,56.063,66.778,57.298,44.113,65.612,63.448,89.661,48.392,52.969,57.405,54.853,63.966,42.796,39.768,80.202,13.686
3152303,Porto Firme,MG,10569,12413.45,55.999,70.038,65.248,32.711,73.158,58.003,77.988,71.004,75.659,51.898,67.564,65.873,18.038,41.268,57.866,13.673
3115409,Catas Altas da Noruega,MG,3110,13212.47,56.687,70.362,65.762,33.935,71.315,47.288,78.887,83.96,73.936,57.206,64.028,67.881,21.052,42.851,58.175,13.663
1101468,Pimenteiras do Oeste,RO,2156,115030.76,48.054,57.069,50.135,36.959,76.414,45.944,78.91,27.008,72.632,54.873,54.892,18.145,33.797,27.29,73.123,13.624
1505205,Oeiras do Pará,PA,33844,12473,44.168,46.263,49.241,37.001,54.646,30.958,35.21,64.238,38.367,38.51,61.706,58.379,28.019,20.966,85.413,13.607
2608206,Joaquim Nabuco,PE,13269,13763.93,58.014,66.379,60.491,47.174,72.398,69.441,90.643,33.035,73.471,57.665,44.003,66.823,43.235,47.174,84.695,13.59
2203453,Dom Inocêncio,PI,9159,18074.65,52.236,66.876,53.929,35.904,77.073,30.565,74.165,85.7,69.221,27.186,53.067,66.24,46.053,25.099,58.928,13.536
2803203,Itaporanga d'Ajuda,SE,34411,25767.07,54.66,66.311,63.084,34.587,73.865,51.113,84.517,55.75,65,60.9,57.25,69.184,32.492,40.889,51.449,13.516
2505402,Desterro,PB,8067,9079.69,56.82,67.129,62.538,40.793,73.685,58.816,93.597,42.42,71.883,57.567,50.735,69.968,25.878,30.036,93.756,13.503
2206803,Nossa Senhora dos Remédios,PI,8525,9280.98,53.562,63.716,59.116,37.853,69.459,50.223,61.366,73.816,60.558,42.11,64.304,69.491,51.365,13.488,73.065,13.494
3120870,Curral de Dentro,MG,7406,10942.52,57.483,74.416,60.068,37.964,67.842,76.617,92.507,60.696,69.216,53.381,61.343,56.333,31.381,33.319,73.674,13.483
1501105,Bagre,PA,31892,7913.49,45.804,61.454,51.592,24.366,70.829,47.241,58.93,68.818,39.371,32.122,70.957,63.917,18.505,17.762,47.726,13.471
1400704,Uiramutã,RR,13751,10544.38,37.633,42.336,45.049,25.514,57.045,35.995,10.469,65.833,56.548,12.387,51.413,59.847,35.414,18.575,34.6,13.467
3166006,Senhora de Oliveira,MG,5483,14896.03,56.222,75.921,67.67,25.074,57.362,66.75,93.883,85.689,78.141,66.102,59.979,66.459,18.038,33.598,35.193,13.466
4109005,Guapirama,PR,4626,38534.12,55.303,69.519,60.41,35.981,67.291,86.33,94.389,30.067,76.119,58.617,37.799,69.105,18.674,36.685,75.121,13.445
2922854,Nova Redenção,BA,7538,10102,50.4,59.586,55.305,36.309,66.286,69.131,90.424,12.502,66.167,45.465,44.247,65.341,33.001,29.65,69.151,13.437
5201504,Aporé,GO,4325,92162.24,56.054,72.299,59.107,36.756,71.878,75.045,90.942,51.33,76.598,55.487,55.764,48.58,22.733,49.203,61.672,13.416
1501709,Bragança,PA,123082,11372.23,51.07,58.106,57.122,37.982,72.673,33.095,65.779,60.876,56.23,57.899,56.753,57.607,27.026,34.079,77.425,13.399
2607604,Ilha de Itamaracá,PE,24540,12282.66,51.047,54.828,69.029,29.284,65.366,61.097,76.877,15.972,76.533,71.944,61.18,66.46,20.239,41.081,42.453,13.361
2402808,Coronel Ezequiel,RN,5117,10336.19,58.492,70.49,61.64,43.345,78.561,55.121,92.646,55.633,53.235,53.05,72.587,67.688,32.168,32.281,95.584,13.349
1707207,Dois Irmãos do Tocantins,TO,6327,34412.34,47.6,58.026,55.217,29.556,75.701,46.994,78.827,30.582,67.421,41.66,63.988,47.799,26.965,26.386,51.539,13.334
1303908,São Paulo de Olivença,AM,32967,10209.3,48.695,63.978,53.287,28.819,64.602,37.379,86.22,67.712,61.311,24.426,63.56,63.853,44.8,22.558,34.631,13.288
2902906,Barra do Choça,BA,36539,15810.85,53.116,67.345,58.016,33.987,67.65,70.729,92.998,38.002,54.379,51.475,57.928,68.28,23.258,38.445,60.968,13.276
2610400,Parnamirim,PE,18612,11538.06,55.548,69.347,63.292,34.007,77.766,57.058,78.46,64.104,79.355,45.43,59.238,69.143,31.508,29.804,61.442,13.274
1303700,Santo Antônio do Içá,AM,28211,8473.52,50.343,63.476,55.025,32.529,73.711,26.901,77.661,75.63,58.613,26.758,64.698,70.03,44.783,17.648,54.425,13.26
1713809,Palmeiras do Tocantins,TO,4872,19715.33,54.434,70.67,57.74,34.891,76.482,61.535,80.09,64.574,63.198,51.698,57.467,58.598,21.364,21.606,83.336,13.257
2903235,Barro Alto,BA,13453,8452.25,60.119,68.269,61.494,50.594,56.095,64.157,86.191,66.635,62.375,58.794,59.357,65.45,58.072,40.494,90.562,13.247
2922656,Nordestina,BA,18523,8747.9,52.871,65.375,54.747,38.491,72.555,49.184,76.278,63.482,52.911,40.374,59.628,66.077,45.821,36.706,58.189,13.247
1717800,Ponte Alta do Bom Jesus,TO,4220,15791.7,51.509,64.136,59.448,30.944,67.251,53.986,76.052,59.257,67.895,49.241,66.056,54.598,19.334,39.523,51.776,13.142
4109104,Guaporema,PR,2191,35929.03,62.187,83.61,65.09,37.859,64.504,87.725,94.795,87.418,75.941,59.735,59.022,65.663,32.721,49.871,55.706,13.139
1400605,São Luiz,RR,7315,24645.04,54.464,69.449,57.835,36.108,71.513,58.866,82.504,64.915,63.958,48.28,68.499,50.602,22.927,41.135,67.229,13.138
1303304,Novo Aripuanã,AM,23818,10675.32,48.53,60.475,44.536,40.58,66.458,65.188,80.194,30.062,61.428,24.349,69.274,23.095,38.596,21.925,88.672,13.126
2707305,Porto Calvo,AL,24071,17276.51,51.093,64.524,59.277,29.477,59.549,88.23,91.062,19.255,66.734,60.235,45.76,64.381,23.061,30.536,51.241,13.071
5214101,Mutunópolis,GO,3564,24424.2,61.026,76.056,62.57,44.452,56.542,72.469,92.584,82.631,81.096,53.203,62.462,53.52,22.495,57.33,84.919,13.062
3141405,Medina,MG,20156,12646.27,55.716,66.069,64.439,36.641,64.448,75.053,87.976,36.801,72.125,54.931,64.175,66.525,31.227,33.084,69.193,13.058
3157658,Santa Helena de Minas,MG,5938,9830.59,53.647,70.81,61.007,29.124,55.799,67.336,80.134,79.97,70.215,62.049,49.571,62.192,40.186,22.955,40.297,13.057
5100102,Acorizal,MT,5014,21930.37,59.73,76.633,58.495,44.061,70.548,87.466,88.66,59.859,67.039,51.677,56.872,58.39,30.266,48.737,84.226,13.015
3136553,José Raydan,MG,4268,17072.65,54.336,69.187,61.357,32.464,51.191,52.873,89.796,82.889,78.515,48.156,54.224,64.534,29.325,27.294,60.233,13.005
2403400,Equador,RN,5360,15405.86,54.941,77.006,59.78,28.035,74.779,69.717,94.746,68.785,57.632,57.018,55.915,68.554,25.648,32.773,40.723,12.997
2110302,Santo Antônio dos Lopes,MA,14304,215177.35,50.483,60.353,55.605,35.491,61.605,53.182,57.288,69.338,69.377,48.552,59.867,44.622,27.673,26.111,75.228,12.955
5204607,Campestre de Goiás,GO,3755,19512.11,60.467,79.958,64.71,36.733,83.544,76.268,88.376,71.644,77.278,60.997,58.614,61.95,16.819,40.366,76.801,12.948
5200159,Adelândia,GO,2297,21397.12,59.787,74.3,66.123,38.936,75.459,77.345,95.913,48.482,76.694,65.357,60.456,61.985,22.153,41.342,79.319,12.933
3131406,Ipiaçu,MG,3775,48853.12,59.458,82.32,64.967,31.088,75.602,94.765,98.919,59.995,74.608,66.302,55.356,63.602,22.588,48.668,40.251,12.845
2205573,Lagoa de São Francisco,PI,6331,8747.65,56.121,68.794,61.28,38.291,70.629,42.212,77.015,85.318,62.238,52.194,64.135,66.552,16.097,38.339,85.888,12.839
2608404,Jurema,PE,13648,9804.35,57.103,68.381,61.195,41.732,66.889,82.238,91.328,33.07,72.881,60.019,46.751,65.13,51.472,28.986,73.66,12.811
2601508,Belém de Maria,PE,10378,9657.48,57.45,67.344,61.816,43.19,68.38,61.457,87.52,52.018,78.736,56.087,51.468,60.971,48.36,38.377,73.22,12.803
2702504,Dois Riachos,AL,9805,10812.47,50.982,58.529,61.301,33.115,70.449,32.813,87.674,43.182,60.949,64.169,49.455,70.632,26.575,20.408,72.676,12.801
1504109,Magalhães Barata,PA,8115,12218.18,51.69,68.719,56.275,30.076,69.796,68.968,74.955,61.157,51.688,54.543,62.06,56.81,25.987,28.79,52.726,12.801
3136504,Jordânia,MG,10304,10476.94,53.567,69.309,58.866,32.525,63.271,75.348,89.655,48.961,66.733,43.961,61.826,62.942,28.372,27.243,61.686,12.8
3540507,Porangaba,SP,10451,22528.01,61.394,77.121,69.675,37.386,73.061,77.907,84.585,72.932,78.746,77.228,52.978,69.747,11.702,41.686,83.392,12.762
2600906,Amaraji,PE,18205,16289.82,54.465,62.008,63.592,37.796,63.099,70.598,81.96,32.375,74.177,64.259,50.37,65.563,36.238,29.893,72.291,12.761
2104081,Fernando Falcão,MA,10873,9304.35,45.885,59.649,48.24,29.767,64.374,42.231,49.897,82.093,56.998,31.99,64.542,39.432,17.938,16.347,72.081,12.7
1714203,Natividade,TO,8754,28460.77,51.426,63.965,63.188,27.125,68.549,67.37,78.301,41.641,74.978,62.41,60.326,55.039,23.078,36.223,36.498,12.7
1501725,Brasil Novo,PA,24718,15478.02,51.508,67.197,54.106,33.223,62.901,68.887,85.513,51.485,64.848,41.416,68.813,41.347,50.961,25.39,43.894,12.646
3157104,Salto da Divisa,MG,6110,21773.51,54.901,76.859,61.238,26.607,62.97,83.8,88.66,72.003,58.822,50.664,70.714,64.754,27.844,28.081,37.896,12.609
2515203,São Sebastião do Umbuzeiro,PB,3279,12412.31,59.467,77.8,64.58,36.021,69.913,79.613,93.018,68.655,67.822,57.04,63.169,70.287,31.842,32.767,66.88,12.597
2905305,Cafarnaum,BA,17466,12537.73,54.403,69.253,59.319,34.639,62.41,56.317,91.49,66.793,62.145,52.779,55.385,66.965,19.923,40.56,65.484,12.59
2615508,Tracunhaém,PE,13867,12829.62,58.699,69.303,66.484,40.31,65.282,68.684,91.405,51.841,79.315,62.394,54.441,69.786,26.375,42.258,80.019,12.586
2414704,Várzea,RN,5233,10886.46,55.622,74.166,57.363,35.338,73.787,78.759,97.146,46.973,58.762,60.206,58.18,52.306,24.193,28.451,76.121,12.585
1504505,Melgaço,PA,27881,7834.66,44.526,48.341,49.96,35.276,62.177,26.251,29.339,75.597,37.6,19.934,73.096,69.21,20.267,22.007,86.256,12.574
2105922,Lagoa do Mato,MA,10572,9244.64,56.606,73.365,59.513,36.938,70.56,91.498,65.684,65.718,77.764,44.1,60.182,56.007,36.351,29.927,68.916,12.559
1720150,São Félix do Tocantins,TO,1783,20643.72,50.371,68.752,55.492,26.869,58.216,68.011,66.613,82.168,67.593,47.103,62.863,44.407,19.841,40.813,34.272,12.549
2612703,Santa Maria do Cambucá,PE,14013,8788.59,52.386,58.039,61.707,37.413,65.175,38.734,82.644,45.602,70.81,54.891,54.673,66.454,22.514,28.918,85.697,12.521
2610608,Paudalho,PE,56665,16466.78,54.453,62.11,64.347,36.904,70.611,56.539,78.986,42.304,74.06,63.105,54.447,65.776,44.173,36.329,54.607,12.506
3163805,São Miguel do Anta,MG,6334,16712.37,58.517,75.435,64.12,35.996,71.352,66.24,90.804,73.345,78.734,61.293,52.387,64.067,22.604,43.955,64.931,12.492
4105201,Cerro Azul,PR,16134,25292.82,56.561,69.031,59.977,40.675,62.835,52.965,89.194,71.132,69.455,51.013,62.086,57.353,28.256,38.541,83.422,12.481
1507508,São João do Araguaia,PA,13664,13777.39,46.495,53.633,48.637,37.216,64.129,28.918,69.815,51.669,45.368,42.9,61.024,45.256,32.674,22.878,80.836,12.477
2920809,Marcionílio Souza,BA,9267,10262.35,51.463,64.342,55.397,34.65,66.084,63.595,87.109,40.581,59.05,43.134,60.352,59.052,19.206,45.728,61.22,12.445
2922904,Nova Soure,BA,24236,11294.22,51.85,60.841,57.514,37.194,70.423,50.508,87.688,34.745,61.551,50.833,51.21,66.462,22.076,33.379,80.923,12.4
2514453,São José dos Ramos,PB,5891,14806.85,52.487,63.568,57.93,35.964,75.098,47.2,82.497,49.476,57.808,55.828,56.784,61.301,22.762,28.145,80.554,12.393
2306504,Itapiúna,CE,17841,9615.9,55.916,64.973,64.812,37.963,73.754,53.041,82.511,50.588,76.096,57.897,54.132,71.124,30.474,38.717,70.285,12.375
2922706,Nova Canaã,BA,13715,12798.77,47.811,62.379,51.795,29.26,58.031,51.921,86.827,52.736,49.801,31.252,60.17,65.955,26.18,31.525,47.123,12.213
2916005,Itanhém,BA,17813,16613.18,53.046,67.238,54.019,37.88,56.175,75.988,91.777,45.012,50.776,44.538,58.169,62.595,32.774,36.026,70.535,12.186
2102101,Brejo,MA,34120,9703.88,51.133,56.474,59.567,37.357,60.926,35.66,59.059,70.252,63.206,43.99,65.221,65.853,27.401,28.406,81.435,12.185
2110906,São Francisco do Maranhão,MA,12064,8265.89,48.316,55.84,52.75,36.358,64.935,34.531,60.294,63.599,63.392,36.859,58.532,52.217,19.635,33.365,80.403,12.029
3146206,Ouro Verde de Minas,MG,5757,11865.39,57.185,71.763,63.22,36.573,63.873,66.908,84.166,72.104,68.072,53.386,61.043,70.377,34.848,43.271,56.168,12.005
2406601,Lagoa Salgada,RN,8319,11419.82,56.844,73.079,58.888,38.565,65.061,72.981,89.971,64.303,51.28,66.863,57.448,59.959,21.878,34.206,86.215,11.961
3532868,Nova Castilho,SP,1062,57540.35,58.785,69.463,63.859,43.033,65.79,78.905,97.092,36.065,83.543,64.212,52.053,55.628,31.22,38.691,90.293,11.929
2401701,Bom Jesus,RN,9952,11066.74,57.09,77.406,56.737,37.128,78.365,75.946,92.92,62.393,57.754,56.156,51.36,61.679,26.354,24.213,86.031,11.914
1300631,Beruri,AM,20718,10301.07,52.828,66.045,56.23,36.211,69.407,57.654,78.849,58.269,54.196,42.788,65.991,61.944,42.31,19.503,71.123,11.907
3304755,São Francisco de Itabapoana,RJ,45059,26480.35,51.124,46.672,62.446,44.253,68.243,22.801,88.058,7.586,69.248,58.877,52.746,68.914,57.444,41.042,66.663,11.863
2413102,Senador Elói de Souza,RN,5965,10212.49,55.673,70.892,51.828,44.297,72.562,74.93,92.227,43.85,46.602,43.432,55.266,62.012,57.755,23.701,83.873,11.861
5219357,Santa Isabel,GO,3538,35069.02,57.503,75.321,58.922,38.264,78.854,53.949,94.707,73.775,82.195,39.592,64.62,49.283,26.241,36.977,78.023,11.815
2910750,Fátima,BA,17895,15767.35,60.138,78.346,63.228,38.84,70.748,77.049,90.232,75.352,68.974,58.884,57.555,67.501,41.024,43.236,59.359,11.741
1504901,Muaná,PA,45368,7521.53,53.133,66.953,56.672,35.775,69.397,52.89,71.431,74.093,52.223,42.937,64.732,66.794,28.97,20.504,81.897,11.732
2413409,Serra Negra do Norte,RN,7597,15761.98,54.499,67.543,57.468,38.485,69.213,73.061,91.529,36.368,59.554,55.671,50.497,64.151,26.901,45.145,70.23,11.663
2931806,Tremedal,BA,16296,8266.65,51.524,63.403,52.279,38.891,68.266,34.171,75.172,76.002,52.648,35.137,62.866,58.464,25.917,37.217,80.77,11.659
2932804,Utinga,BA,16277,11508.48,54.321,70.148,57.66,35.155,65.325,67.764,89.033,58.47,60.021,53.402,50.597,66.622,8.63,41.003,79.36,11.629
2209450,Santo Antônio dos Milagres,PI,2138,8504.57,58.853,75.394,65.651,35.516,57.196,76.604,82.086,85.689,66.311,67.561,61.149,67.581,31.584,27.593,71.393,11.494
1705102,Chapada da Natividade,TO,3117,48142.61,50.689,66.928,53.364,31.775,72.2,50.532,72.698,72.282,66.598,48.219,61.086,37.551,19.355,25.12,71.144,11.482
4122909,Salto do Itararé,PR,5192,20112.63,62.616,79.294,67.384,41.168,72.799,81.065,92.44,70.872,77.553,66.681,54.486,70.818,27.59,43.917,81.689,11.477
2804201,Monte Alegre de Sergipe,SE,14336,15384.44,54.296,73.797,59.091,30.002,74.015,66.658,86.836,67.678,63.014,54.512,58.116,60.721,39.406,19.996,49.162,11.444
2513984,São Francisco,PB,3137,12560.91,55.485,70.715,62.659,33.079,73.488,61.434,89.842,58.098,79.677,54.352,48.085,68.522,25.37,30.909,64.602,11.437
2613404,São José da Coroa Grande,PE,18825,15571.39,51.506,54.628,65.46,34.429,69.417,55.434,81.994,11.665,74.066,70.278,46.232,71.264,54.267,26.338,45.68,11.431
2110203,Santa Rita,MA,37035,9646.99,51.947,60.388,58.961,36.492,58.422,42.354,75.25,65.526,67.179,51.96,56.103,60.602,34.639,28.39,71.624,11.314
2929701,Sátiro Dias,BA,16008,16225.16,45.077,54.907,48.432,31.893,65.547,39.768,86.361,27.951,31.562,41.566,58.779,61.821,9.995,26.971,79.32,11.286
2905800,Camamu,BA,30469,15485.32,44.907,52.207,55.745,26.769,66.274,59.553,78.57,4.43,52.909,54.672,50.395,65.006,19.866,32.316,43.645,11.25
1717909,Ponte Alta do Tocantins,TO,7586,16089.45,46.433,62.028,51.983,25.289,70.038,49.94,75.464,52.669,70.195,48.22,51.346,38.172,27.852,26.065,36.099,11.141
5207253,Doverlândia,GO,6956,58049.93,54.603,70.052,59.445,34.313,71.38,63.556,89.349,55.924,77.199,55.761,57.317,47.502,21.836,34.011,70.279,11.125
2107001,Montes Altos,MA,9106,9568.69,43.829,51.742,54.392,25.353,62.513,49.668,72.714,22.074,61.551,49.521,51.579,54.916,12.206,28.152,49.983,11.07
2800704,Brejo Grande,SE,7841,12318.07,52.174,62.096,57.608,36.819,64.372,56.197,86.788,41.028,56.392,52.083,57.188,64.77,28.517,26.55,81.265,10.943
1710904,Itapiratins,TO,3577,48301.4,45.817,56.47,50.436,30.544,77.294,42.684,74.471,31.432,64.222,29.112,57.346,51.063,34.917,12.832,63.489,10.937
2707404,Porto de Pedras,AL,9295,36108.7,50.056,55.687,59.18,35.303,62.1,51.526,81.275,27.846,68.089,50.664,55.404,62.562,25.085,25.777,79.451,10.897
2928505,Santa Terezinha,BA,10441,9784.35,49.962,58.373,59.12,32.394,66.737,56.711,80.137,29.907,70.942,45.814,52.922,66.801,15.225,22.791,80.703,10.857
2205524,Júlio Borges,PI,5388,15104.64,52.677,65.905,52.896,39.23,68.362,56.5,66.749,72.01,57.55,36.278,69.251,48.504,35.324,23.737,87.024,10.833
2905503,Caldeirão Grande,BA,13080,7853.71,54.272,67.06,58.939,36.816,72.032,59.712,81.192,55.305,55.941,59.454,60.172,60.19,31.629,41.034,63.78,10.822
2610509,Passira,PE,28340,9402.9,56.055,67.704,63.176,37.286,77.51,43.14,87.174,62.993,76.933,55.982,53.13,66.66,28.931,37.376,72.058,10.778
2804904,Pacatuba,SE,12502,19066.59,55.836,69.157,60.362,37.989,72.625,44.956,83.771,75.274,64.055,55.477,57.631,64.285,30.026,25.465,85.75,10.715
2708204,São Brás,AL,6555,19872.78,55.274,72.689,58.457,34.675,67.439,66.159,92.871,64.286,73.655,48.77,48.126,63.278,19.283,28.244,80.48,10.695
2203800,Flores do Piauí,PI,4414,10981.26,57.545,70.051,56.465,46.118,55.898,64.676,79.213,80.417,69.993,46.541,48.535,60.79,41.87,36.704,95.21,10.688
2509008,Manaíra,PB,10434,9791.88,54.756,68.599,57.462,38.207,74.295,62.563,90.091,47.447,63.685,51.894,49.688,64.579,38.092,33.293,70.774,10.671
2924405,Pilão Arcado,BA,35357,8301.33,45.232,56.312,48.437,30.947,69.8,42.691,54.764,57.994,41.639,35.537,60.245,56.329,12.692,23.896,76.541,10.657
2922052,Mulungu do Morro,BA,13152,16305.98,54.192,68.058,59.63,34.889,61.838,56.853,88.218,65.325,64.562,47.355,57.233,69.369,18.062,32.655,78.203,10.636
2926905,Rio do Pires,BA,10497,9636.67,55.158,70.319,59.191,35.963,51.209,59.393,87.844,82.829,67.109,37.973,62.786,68.895,28.087,34.818,70.357,10.592
2410405,Pureza,RN,9362,18229.74,51.943,66.259,52.34,37.23,73.568,41.492,82.883,67.094,38.337,40.235,66.832,63.958,39.246,24.311,74.772,10.592
2902104,Araci,BA,48294,10249.43,53.475,66.257,56.414,37.755,70.636,63.001,80.416,50.975,45.901,53.395,61.492,64.869,44.104,38.676,57.674,10.565
2404002,Frutuoso Gomes,RN,4122,10975.22,55.49,66.114,58.994,41.362,72.415,73.122,84.964,33.956,47.65,59.697,59.444,69.183,32.264,36.986,85.638,10.561
5203962,Buritinópolis,GO,3145,28473.44,58.807,72.966,61.733,41.721,79.028,70.33,91.56,50.947,75.592,49.163,58.471,63.706,32.35,39.547,84.446,10.542
4204152,Celso Ramos,SC,2805,23664.19,58.892,72.099,66.258,38.32,63.346,63.585,74.046,87.418,78.622,68.61,54.058,63.742,24.283,33.378,85.081,10.538
2203750,Fartura do Piauí,PI,5284,8916.63,50.39,55.084,59.53,36.556,61.406,32.975,55.816,70.138,60.728,45.783,66.309,65.299,40.646,11.181,83.879,10.52
2502102,Boa Ventura,PB,5207,9984.98,57.762,73.079,59.189,41.018,66.707,61.574,91.23,72.805,64.983,54.749,46.681,70.342,28.942,35.099,89.527,10.506
2205540,Lagoinha do Piauí,PI,2939,13887.3,56.341,71.48,57.394,40.149,53.619,90.688,84.599,57.015,66.778,55.961,41.237,65.598,32.206,37.196,80.697,10.499
5106174,Nova Nazaré,MT,4200,33719.85,42.785,54.43,41.641,32.283,52.678,56.386,78.088,30.567,60.394,33.546,47.391,25.234,35.599,19.822,63.291,10.42
1502004,Cachoeira do Arari,PA,23981,10745.91,50.811,61.515,53.18,37.737,66.723,30.24,72.325,76.771,53.242,32.152,66.93,60.396,29.602,26.513,84.489,10.344
2908200,Conceição da Feira,BA,20800,18211.55,55.603,62.071,60.34,44.397,66.361,66.76,86.318,28.845,55.637,62.94,57.883,64.899,46.141,46.724,74.403,10.322
2308005,Massapê,CE,37697,10119.71,58.453,70.095,66.1,39.164,72.7,57.322,90.606,59.752,83.761,56.813,56.759,67.066,41.917,35.525,68.9,10.315
2907558,Caturama,BA,8841,8916.79,57.656,73.586,57.914,41.467,63.511,58.525,88.41,83.9,67.14,32.681,67.306,64.527,29.419,39.907,86.233,10.31
1302306,Jutaí,AM,25172,10659.52,44.743,58.258,48.063,27.909,60.116,62.677,69.71,40.528,46.172,24.564,64.305,57.211,26.744,17.637,56.998,10.257
2920601,Maragogipe,BA,35859,11316.54,54.291,66.45,59.271,37.151,76.325,57.148,78.003,54.326,59.749,54.568,57.988,64.779,25.309,33.726,79.358,10.21
2409332,Santa Maria,RN,4847,16216.55,54.156,64.792,59.68,37.997,72.973,51.591,92.505,42.101,63.643,57.833,55.998,61.247,50.458,27.998,63.355,10.176
5203609,Brazabrantes,GO,3992,23676.85,57.452,77.196,63.266,31.893,73.77,70.221,97.914,66.879,76.654,56.44,57.018,62.951,22.983,29.518,64.918,10.151
1301654,Guajará,AM,13815,12929.02,47.733,68.983,47.473,26.745,63.52,62.23,85.307,64.874,53.544,37.803,60.717,37.825,31.984,13.179,51.678,10.136
2104701,Graça Aranha,MA,6023,9058.84,53.573,65.592,59.804,35.322,55.586,61.065,82.025,63.691,70.982,51.222,51.997,65.015,17.119,21.918,92.234,10.016
1703842,Campos Lindos,TO,8653,116984.51,51.169,65.755,52.384,35.369,66.411,60.216,72.234,64.158,62.914,45.492,56.053,45.077,23.47,22.898,85.112,9.996
1300904,Canutama,AM,16869,9214.68,48.838,70.836,43.084,32.594,65.909,71.252,84.185,61.999,56.804,24.155,69.485,21.891,24.417,24.53,71.479,9.951
4113403,Leópolis,PR,3752,61046.62,59.516,81.133,63.374,34.041,70.87,71.835,95.272,86.553,77.465,58.421,52.892,64.719,21.683,54.691,49.961,9.83
2900355,Adustina,BA,14201,17072.53,56.206,71.053,56.949,40.615,73.012,62.887,86.982,61.333,59.792,46.062,56.603,65.339,40.244,38.389,74.012,9.815
2915353,Itaguaçu da Bahia,BA,12311,12492.86,52.438,60.68,54.451,42.184,60.005,39.112,82.726,60.878,63.433,33.219,55.652,65.498,46.613,34.06,78.249,9.814
2202711,Cocal de Telha,PI,4911,9632.22,60.502,78.589,64.651,38.266,67.869,78.468,82.331,85.689,72.183,53.115,65.738,67.569,26.901,34.048,82.317,9.799
2102507,Cajari,MA,16412,7862.92,44.745,48.512,56.041,29.682,55.403,18.744,43.882,76.019,62.676,39.216,60.36,61.911,20.164,14.237,74.6,9.727
2610301,Paranatama,PE,12199,23596.95,49.791,51.318,62.032,36.024,67.343,16.485,81.892,39.554,71.193,55.997,50.827,70.112,40.945,40.951,52.616,9.584
2932309,Ubatã,BA,16094,14016.2,52.185,64.718,55.64,36.196,68.888,79.699,92.408,17.877,47.772,60.616,46.837,67.336,23.763,30.935,80.558,9.528
2201929,Bonfim do Piauí,PI,5913,9019.36,55.837,63.02,61.301,43.191,58.643,25.382,81.501,86.553,62.215,51.667,67.962,63.358,42.859,27.805,92.654,9.444
2210805,Simplício Mendes,PI,13870,13277.41,55.796,69.164,62.43,35.792,57.712,56.558,89.951,72.437,71.945,55.839,55.045,66.891,19.992,33.359,80.47,9.349
1304203,Tefé,AM,73669,15018.67,51.163,68.6,54.562,30.329,66.409,68.839,86.646,52.504,56.538,41.367,60.159,60.182,56.538,23.132,32.37,9.275
2909406,Cotegipe,BA,13063,13213.19,54.072,65.928,54.979,41.309,66.551,52.528,79.348,65.284,56.904,44.412,65.071,53.529,37.628,34.059,84.371,9.177
2309508,Orós,CE,19675,11206.96,56.061,71.023,63.339,33.821,67.199,69.809,89.772,57.312,74.947,63.831,49.994,64.586,22.655,34.623,69.018,8.989
1600550,Pracuúba,AP,3803,22405.07,43.497,47.421,49.325,33.744,86.232,21.127,54.477,27.848,46.28,40.136,54.355,56.528,29.943,17.637,78.476,8.921
4109500,Guaraqueçaba,PR,7430,16020.41,56.472,68.353,63.929,37.133,74.283,44.714,81.275,73.14,71.453,51.25,64.784,68.228,45.56,40.575,53.514,8.885
2917904,Jandaíra,BA,9285,18249.11,51.91,63.652,58.022,34.058,70.686,58.09,86.709,39.122,54.019,55.485,57.444,65.138,19.116,27.211,81.028,8.876
2908606,Conde,BA,23654,12303.97,52.622,63.923,56.822,37.121,65.951,56.303,73.738,59.7,54.606,53.357,53.955,65.369,31.896,33.964,73.854,8.77
2101707,Barreirinhas,MA,65589,9764.4,49.612,54.777,59.052,35.007,69.985,25.489,63.621,60.014,65.221,47.941,57.321,65.725,27.109,33.583,70.573,8.763
2103158,Centro do Guilherme,MA,12342,8468.52,54.56,71.959,56.761,34.96,69.249,64.894,77.827,75.867,68.737,48.11,65.291,44.908,35.482,13.856,81.803,8.697
2915700,Itamari,BA,7051,14769.07,55.149,67.085,56.834,41.528,62.147,72.605,88.124,45.464,49.203,55.794,54.076,68.265,41.592,34.709,81.152,8.66
2101772,Bela Vista do Maranhão,MA,11750,9222.15,54.763,65.838,54.976,43.477,57.652,66.192,74.414,65.093,56.371,57.743,50.374,55.414,63.038,22.553,79.698,8.619
2305605,Independência,CE,24024,12864.17,53.526,61.829,64.407,34.342,77.029,53.48,89.365,27.442,88.842,47.75,52.966,68.07,20.044,41.836,66.901,8.586
2608453,Lagoa do Carro,PE,17981,16841.65,57.132,66.384,66.556,38.455,68.641,45.222,89.964,61.708,73.642,64.706,58.941,68.935,32.154,30.42,82.692,8.555
2604908,Cumaru,PE,15920,6913.17,54.166,61.486,63.031,37.982,61.529,37.854,86.133,60.427,71.725,53.847,57.164,69.389,28.32,34.584,80.576,8.447
2933406,Wagner,BA,9503,9498.07,53.604,69.563,60.073,31.176,57.122,67.487,89.039,64.604,62.053,57.866,55.118,65.255,14.214,26.652,75.47,8.367
2512002,Pocinhos,PB,17469,16412.95,56.728,73.302,59.706,37.175,74.555,64.781,89.317,64.556,58.811,57.849,55.748,66.415,27.087,38.23,75.055,8.327
2110609,São Bernardo,MA,26943,10514.16,52.027,54.69,61.239,40.151,57.891,24.006,70.224,66.639,68.656,49.156,59.753,67.39,44.683,24.595,83.051,8.275
1303809,São Gabriel da Cachoeira,AM,51795,8227.48,44.808,57.349,50.822,26.252,60.075,51.504,51.078,66.741,52.013,28.61,55.453,67.213,23.619,30.332,42.926,8.131
2918209,Jiquiriçá,BA,13629,11111.49,53.024,63.263,58.894,36.916,58.238,50.411,85.627,58.776,66.167,44.55,58.013,66.846,21.355,39.376,78.911,8.024
5107883,Serra Nova Dourada,MT,1800,41682.63,49.661,68.209,41.847,38.927,80.783,49.814,75.652,66.585,51.753,35.731,63.113,16.792,30.453,41.931,75.321,8.002
2703700,Jaramataia,AL,4985,15737.32,52.117,66.402,56.28,33.669,65.192,44.225,91.202,64.989,63.778,62.664,36.547,62.13,15.35,27.945,83.435,7.945
2206209,Miguel Alves,PI,32150,9801.01,49.229,56.546,57.291,33.851,50.535,43.348,63.112,69.189,57.606,41.349,59.548,70.66,30.261,28.676,68.576,7.89
2509503,Montadas,PB,5812,9574.72,59.091,73.474,65.431,38.369,76.19,53.272,92.279,72.156,65.661,64.303,62.292,69.467,27.141,26.482,92.038,7.816
2111953,Sucupira do Riachão,MA,4985,9701.2,52.492,65.049,60.947,31.482,51.076,67.479,57.52,84.12,65.861,49.729,65.411,62.786,13.535,20.895,83.794,7.702
2903102,Barra do Rocha,BA,5775,13587.82,51.49,64.425,56.277,33.768,56.476,74.551,91.861,34.813,52.874,50.599,54.505,67.128,27.753,35.352,64.278,7.689
5221908,Varjão,GO,3716,28486.31,56.547,69.689,62.854,37.097,70.997,57.886,91.874,58,73.857,59.307,58.712,59.54,34.658,40.021,66.04,7.669
1720937,Taipas do Tocantins,TO,2021,17567.19,55.68,78.871,57.269,30.899,76.646,77.364,86.078,75.397,68.118,59.484,54.086,47.388,32.954,39.149,43.833,7.661
1502756,Concórdia do Pará,PA,26881,15747.32,49.367,55.797,52.338,39.964,71.064,34.998,60.401,56.726,50.916,46.654,60.046,51.736,55.069,24.408,72.768,7.613
2701308,Cajueiro,AL,16024,13067.05,54.116,76.247,58.324,27.776,68.61,85.3,87.127,63.95,57.548,60.294,46.064,69.391,20.337,28.571,54.652,7.546
2917003,Itiúba,BA,33872,10459.42,53.706,63.685,55.196,42.238,65.286,49.142,78.379,61.933,52.294,43.447,61.502,63.541,53.852,34.855,72.71,7.535
2107357,Nova Olinda do Maranhão,MA,14314,12891.03,49.48,58.017,57.992,32.432,56.682,42.504,69.808,63.076,70.776,45.536,62.527,53.127,15.828,28.591,77.893,7.418
2930758,Sítio do Mato,BA,13408,9014.69,53.077,70.408,56.6,32.223,64.064,67.411,84.399,65.76,57.668,43.979,65.193,59.56,14.531,28.879,78.256,7.226
1303106,Nova Olinda do Norte,AM,27062,12716.95,49.918,62.239,56.259,31.255,61.595,46.28,79.923,61.157,58.462,44.03,63.783,58.761,47.707,22.129,47.991,7.194
2916708,Itaquara,BA,8153,12446.02,57.47,67.945,60.649,43.815,64.729,65.918,85.614,55.52,60.42,51.132,58.279,72.765,39.104,36.161,92.809,7.186
2100600,Amarante do Maranhão,MA,37085,10557.65,45.118,55.968,52.435,26.951,52.806,47.925,64.331,58.809,53.752,45.289,57.423,53.275,34.413,24.938,41.367,7.086
2203602,Eliseu Martins,PI,4377,12793.65,57.443,77.421,60.156,34.753,69.468,70.855,86.323,83.038,70.196,54.855,58.049,57.523,21.137,28.968,82.031,6.876
4128633,Doutor Ulysses,PR,5697,17543.68,56.198,64.213,60.452,43.929,76.496,31.97,83.427,64.959,75.203,48.161,63.442,55.004,32.959,46.066,89.843,6.851
1503507,Irituia,PA,30955,9046.53,49.299,60.859,52.136,34.902,69.481,54.22,65.769,53.967,52.561,47.735,55.221,53.026,30.271,27.288,75.431,6.616
1718006,Porto Alegre do Tocantins,TO,2866,16533.99,50.99,59.765,59.997,33.207,65.88,59.985,80.732,32.464,63.368,61.75,54.295,60.574,24.353,51.414,50.58,6.481
1504000,Limoeiro do Ajuru,PA,29569,17136.98,48.015,59.835,55.723,28.486,67.855,26.643,69.083,75.757,54.159,36.403,65.849,66.48,25.742,22.428,59.304,6.472
2501153,Areia de Baraúnas,PB,2005,13109.97,55.933,71.89,55.514,40.396,67.185,48.502,88.355,83.518,50.924,48.921,56.386,65.826,32.808,28.122,94.191,6.463
2202174,Campo Largo do Piauí,PI,7419,7678.51,52.425,62.614,57.96,36.7,66.186,51.231,56.745,76.294,65.353,38.638,64.021,63.83,32.929,21.719,85.735,6.417
2906402,Candeal,BA,7772,8786.4,50.626,55.559,58.908,37.409,72.036,51.35,83.348,15.504,62.067,49.668,53.641,70.258,33.09,30.653,79.587,6.307
1303502,Pauini,AM,19373,10375.14,42.631,53.183,48.195,26.516,53.442,43.98,69.414,45.896,53.63,25.486,62.358,51.304,46.429,17.637,35.808,6.192
2210102,São José do Peixe,PI,3297,13087.26,55.714,76.604,53.202,37.338,66.472,69.233,87.394,83.317,71.724,44.702,55.496,40.886,22.863,34.213,86.236,6.038
2105476,Jenipapo dos Vieiras,MA,17076,7418.6,45.661,58.02,45.703,33.259,64.721,47.023,45.953,74.383,48.973,28.234,60.642,44.962,24.854,24.366,77.837,5.98
2517001,Umbuzeiro,PB,9124,10062.18,53.487,64.651,59.37,36.44,79.212,33.653,90.94,54.802,70.247,50.596,49.201,67.434,25.878,40.166,73.849,5.869
2105153,Igarapé do Meio,MA,13974,26720.91,54.465,72.634,57.462,33.298,62.706,83.762,73.857,70.213,60.226,49.668,60.413,59.541,22.783,22.423,82.497,5.488
2105005,Humberto de Campos,MA,25680,7233.54,47.461,47.764,60.811,33.809,65.257,18.856,48.372,58.569,69.027,41.993,68.663,63.562,19.733,25.385,84.641,5.478
3136959,Juvenília,MG,5789,11420.3,56.349,74.717,62.024,32.306,62.123,75.577,83.097,78.071,73.572,56.664,54.129,63.73,23.108,34.08,66.638,5.399
2102374,Cachoeira Grande,MA,9732,6312.91,50.468,62.687,58.194,30.524,77.747,42.891,47.572,82.536,65.231,35.298,67.406,64.84,17.023,14.669,85.013,5.392
2304657,Graça,CE,13801,9467.28,55.91,70.839,64.765,32.127,73.793,46.552,89.47,73.542,82.563,55.437,55,66.059,23.175,34.406,65.581,5.346
2102358,Buritirana,MA,12918,9551.88,52.292,72.499,55.847,28.531,65.167,85.016,73.516,66.296,60.666,48.725,59.707,54.289,19.152,20.926,68.793,5.253
2513158,Santa Cecília,PB,7670,8621.67,52.003,63.72,58.04,34.248,81.521,40.952,86.614,45.792,58.436,53.039,57.887,62.799,17.277,29.951,84.564,5.199
1304260,Uarini,AM,14431,15999.05,45.661,67.566,48.772,20.644,58.001,70.83,79.146,62.286,53.48,23.123,63.061,55.425,21.186,17.865,38.379,5.147
2921401,Mirangaba,BA,15734,9054.24,50.214,65.98,51.962,32.699,74.776,41.346,83.982,63.815,47.384,38.771,55.483,66.212,28.791,26.912,70.077,5.017
2308377,Miraíma,CE,14196,7989.64,55.498,66.081,62.967,37.445,77.885,42.727,80.811,62.903,75.718,46.608,61.872,67.668,26.635,35.885,82.256,5.004
2201945,Boqueirão do Piauí,PI,6545,7960.67,56.606,77.856,59.969,31.994,70.157,79.232,77.873,84.164,66.79,47.171,56.684,69.229,19.456,31.539,72.008,4.972
2111409,São Luís Gonzaga do Maranhão,MA,17818,9615.37,46.721,51.581,58.345,30.239,51.891,38.396,58.016,58.021,66.926,43.744,59.204,63.505,33.653,22.859,59.674,4.77
2801108,Canhoba,SE,3791,22435.34,56.779,71.192,58.956,40.189,66.001,76.161,86.458,56.146,75.311,52.47,46.363,61.68,33.496,27.611,95.52,4.128
1301803,Ipixuna,AM,24311,8971.23,48.057,64.739,49.395,30.037,67.478,67.273,61.995,62.209,52.178,16.155,73.152,56.092,26.943,27.37,61.705,4.128
